53307	12	3	18.18
119	2652	3	14.09
490	1926	4	35.22
549	1053	8	73.32
14486	117	3	23.87
101	2649	5	5.91
7984	111	3	17.66
364	39442	3	44.64
186	444	3	10.1
10764	7802	3	52.44
102	7546	3	7.26
12	4859	8	13.54
2462	102	18	67.8
101	275	30	19.16
35956	14	3	12.18
8926	117	8	72.12
243	7005	11	137.53
1170	113	3	7.12
333	706	3	16.73
14691	14	9	39.47
512	1335	3	22.6
12	7643	4	5.17
2971	14	17	30.13
5806	101	3	4.83
38726	14	3	12.18
18087	122	3	27.69
14663	102	3	11.49
2	581	21	61.18
102	829	9	5.83
103	953	8	15.53
102	2223	16	53.35
19688	6790	3	55.75
2185	200	5	38.15
11807	12	3	4.72
3854	101	10	30.92
12	23398	3	9.02
2468	247	6	52.71
19478	583	6	94.36
555	112	7	17.43
29512	14	5	27.58
57	726	3	4.11
19848	12	3	8.09
112	861	3	5.16
141	212	243	2416.94
844	1487	3	25.95
11427	1359	3	41.51
468	1069	3	20.75
9313	102	4	13.57
500	121	6	18.54
1546	164	3	15.38
139	119	11	13.31
27062	117	4	41.33
5549	1	3	20.18
346	989	10	87.07
9783	102	3	8.76
405	473	5	31.34
200	24411	3	36.56
2901	370	23	302.01
4491	3233	3	40.75
53946	404	3	49.75
404	3374	8	88.82
1251	103	5	8.1
437	21202	3	39.51
3327	568	4	40.65
113	435	19	79.41
13240	180	4	43.33
16250	14	8	34.38
462	12	31	11.2
7655	106	6	37
26747	14	3	8.62
105	2409	3	6.73
13174	12	3	5.13
1121	3203	3	32.14
9043	4926	4	66.9
953	277	11	91.59
3142	14	40	160.67
307	6756	3	29.83
490	331	3	14.76
8771	297	5	58.13
1676	109	12	59.78
5929	101	3	4.83
4630	127	3	19.22
11147	5024	3	49.37
4878	102	8	27.61
7949	12	4	5.48
122	290	4	6.84
157	2439	3	17.78
11476	7169	4	72.6
1439	212	10	83.62
4982	14	22	78.77
15470	1618	3	44.66
269	118	4	4.19
1640	12	14	11.98
48494	14	3	16.55
8480	150	4	35.38
2435	160	3	17.94
107	14734	3	18.86
9154	102	4	13.57
118	742	6	20.08
17	103	79	96.81
267	41144	3	47.2
103	1270	8	19.67
104	2060	3	5.56
1109	12	21	17.78
8	8660	7	58.08
29863	14	4	17.19
101	7207	3	6.04
1437	3242	12	171.88
4158	250	3	25.22
17836	117	8	91.66
36039	14	3	12.18
119	4538	3	17.29
587	745	7	58.87
3647	2	3	7.7
21308	12	3	9.02
749	496	8	66.95
48924	14	3	16.55
105	570	5	4.23
2169	101	6	7.05
2561	9109	3	44.14
16064	14	10	55.16
2506	1752	3	33.49
207	29915	3	38.57
741	119	6	21.65
101	15355	4	16.52
3206	102	5	8.78
2247	179	4	27.48
5727	807	4	47.63
5441	14	24	100.18
297	3808	15	183.09
2	11571	4	22.53
9	5612	5	32.08
24412	7	5	46.07
50906	14	3	16.55
976	115	5	16.42
107	105	74	14.35
133	839	10	56.26
405	267	5	25.91
697	25851	4	62.45
107	1866	3	6.31
34728	109	3	28.62
110	411	46	246.11
4920	101	6	15.5
19061	17155	3	61.87
108	3040	6	27.62
951	422	7	57.75
106	5429	4	18.19
1047	744	3	23.17
3095	101	4	4.31
296	1370	20	212.25
29683	14	4	17.19
167	366	4	12.72
140	246	3	4.23
615	105	5	4.69
58	1068	7	24.72
616	473	10	83.95
431	958	3	19.71
101	9397	4	12.18
1101	109	4	8.21
50608	14	3	16.55
10655	12	5	11.52
18789	3104	3	50.05
4389	37164	3	59.03
6987	12	8	19.52
133	1993	5	29.77
855	477	11	101.17
856	102	9	6.11
10067	111	3	19.02
106	512	5	4.28
765	145	4	15.67
110	38251	3	29.49
2	11530	3	14.96
1900	101	6	5.85
1288	335	8	69.89
142	1461	25	222.7
879	6050	3	34.74
2788	897	8	97.01
26611	14	5	22.3
4488	948	3	33.28
2123	1966	21	325.1
12	10706	3	4.03
18703	101	4	18.49
108	2122	8	35.82
110	1331	19	109.48
832	746	7	63.24
1908	7	4	9.69
13579	137	5	51.7
113	37683	3	31.16
1495	8	4	13.5
5331	273	5	51.16
1133	15129	6	95.41
2684	128	3	15.86
734	2309	3	27.94
12790	122	5	47.93
2172	439	3	24.86
106	1140	4	6.44
57	1009	3	5.56
107	1532	8	28.15
2960	458	24	327.92
13038	14	10	41.51
507	2500	12	140.59
12939	618	4	53.25
2002	58	4	14.82
10205	12	5	11.52
678	733	11	104.9
7714	101	4	10.56
1546	421	4	32.36
12	9751	7	20.39
102	8496	4	12.69
16094	109	4	30.74
10947	14	12	51.57
5754	21499	6	125.72
5247	12	5	5.24
173	3615	4	30.71
13207	14	12	59.27
4292	177	3	22.43
32181	14	3	10.08
139	343	3	6.04
9207	106	4	22.82
460	143	8	34.73
14043	14	10	44.61
417	17491	3	38.41
46128	14	3	16.55
14104	2103	3	45.67
11269	101	3	8.49
13188	148	6	64.88
16	721	4	8.96
2	322	23	47.94
12	3938	7	7.79
157	299	4	10.66
598	1739	4	35.83
4181	12	18	55.16
3347	837	6	70.58
102	2450	4	4.03
1178	3038	10	133.25
202	8820	3	28.5
7272	14	17	68.15
5891	853	8	109.11
21115	14	3	6.62
2733	111	3	11.21
208	5716	4	36.9
1677	4735	4	51.9
178	3762	4	31.39
119	820	10	47.65
1739	395	4	33
412	14352	5	66.78
1568	154	8	55.56
11416	14	9	30.24
1145	122	12	73.36
12	939	27	26.86
101	815	11	7.15
102	4095	8	24.59
2805	174	5	38.23
2871	109	3	9.94
4212	375	3	28.04
42348	12	3	18.18
25258	102	3	15.89
103	5305	3	9.83
4662	282	9	102.44
3645	164	3	20.43
8453	10610	3	52.33
1369	6885	3	38.23
12	2609	11	13.19
1814	102	16	46.26
21734	299	3	38.48
732	179	6	32.74
21017	14	6	24.36
550	120	3	6.04
875	7	9	22.13
427	597	3	17.21
4744	109	4	19.29
1834	14	77	348.46
181	11963	12	164.41
187	25555	3	35.9
1856	116	6	29.67
743	2017	3	27.16
112	4362	3	14.07
169	187	3	4
7388	101	21	147.35
1222	1673	5	53.34
1634	335	5	41.32
9	768	5	12.76
982	374	3	19.2
4436	561	8	98.01
471	2944	3	27.02
32266	14	3	10.08
105	1626	4	8.19
2238	106	4	11.38
108	145	72	211.91
3028	1428	15	220.77
442	1	4	10.23
8140	316	5	57.45
44869	16	3	36.08
5675	111	4	22.97
6867	14	12	33.28
4106	12	8	11.29
32785	14	4	17.19
229	160	3	5.13
5887	109	3	14.03
12	11273	5	12.2
1007	107	5	9.45
110	4022	5	26.23
196	258	9	41.55
106	238	10	7.88
166	1211	3	13.97
106	4945	5	24.1
3506	536	4	40.65
49151	35	3	36.04
11301	2137	8	138.02
15643	313	4	49.88
661	24528	3	43.98
375	15933	4	52.32
364	593	4	24.09
301	7150	5	55.65
101	230	36	22.58
189	250	4	11.39
8528	1436	4	55.72
124	456	4	10.09
25355	14	3	8.62
103	8244	4	19.3
12	4677	5	4.36
219	155	36	220.72
12681	431	3	35.97
101	1084	31	86.98
699	880	4	31.33
102	1948	7	10.56
453	125	3	6.15
13431	14	12	66.19
1018	15915	8	135.98
146	240	3	4.31
117	462	3	3.89
4066	647	4	43.21
9059	12	6	14.64
269	718	3	15.45
3816	153	5	38.99
45030	7	3	30.88
866	58	5	12.74
12	3495	7	6.61
12	1256	15	8.89
101	1387	10	12.58
7467	145	3	23.7
1620	367	14	148.11
3133	5539	18	332.65
39428	14	4	22.06
11473	6169	4	70.88
479	101	17	10.32
11921	307	4	47.47
108	26079	3	24.25
3244	106	10	53.9
1081	13097	3	40.91
108	8346	3	15.79
14336	7220	3	53.37
118	5933	10	86.49
1549	21625	3	47.7
33710	12	4	24.25
107	416	12	24.62
7	680	9	18.58
2653	102	4	4.48
162	606	3	10.17
29067	165	3	36
132	7105	4	32.36
4978	102	4	8.59
261	1656	3	20.1
2148	3975	12	187.88
3681	101	5	8.47
531	701	5	36.91
13476	12	7	26.62
1345	7671	20	365.66
2091	109	4	13.09
368	4135	4	39.45
125	10572	3	24.23
103	9684	9	64.52
48405	14	3	16.55
137	290	23	126.04
4867	761	4	46.01
102	25102	5	34.79
1076	103	11	29.84
4148	101	6	13.35
106	2752	3	8.01
6475	106	6	34.74
1731	20928	3	47.33
15343	14	9	39.47
287	223	3	9.36
776	210	3	14.15
3281	15976	3	49.64
233	298	4	15.58
35	45182	3	36.04
2176	107	13	68.34
234	629	19	158.63
1224	141	22	180.53
6136	8379	4	67.62
58	4438	3	14.02
13452	34911	3	66.68
2136	14	59	244.07
57	478	11	32.73
30880	12	3	11.65
38019	14	4	22.06
1588	185	17	157.89
33062	174	3	39.04
739	7649	3	35.4
13965	12	4	9.76
243	389	3	11.73
6473	12	4	4.1
213	147	12	43.56
47930	14	3	16.55
553	12	44	44.39
3009	116	4	20.33
13256	12	6	20.33
102	750	11	8.87
189	1625	8	61.91
12170	186	3	29.67
7792	131	3	22.63
125	4076	3	18.13
101	4162	5	9.47
867	503	12	113.57
483	4082	3	29.03
5177	120	3	18.5
4123	283	6	61.22
22383	12	3	9.02
102	7164	17	107.82
102	4809	14	66.1
6482	12	6	10.26
11660	1998	4	61.79
255	9700	11	149.87
271	404	10	65.71
364	6143	3	30.08
150	104	17	4.72
35228	14	3	12.18
4513	4511	5	77.41
21880	12	4	14.98
101	4217	6	13.63
6036	178	4	35.39
10639	12	3	4.03
103	1774	3	4.06
565	41909	3	51.43
246	961	5	32.28
12	408	35	13.56
101	292	23	9.86
5934	102	3	5.75
124	386	7	23.16
1268	114	3	7.82
17296	2963	5	89.96
244	38200	4	62.01
923	13662	4	56.87
35570	14	3	12.18
471	320	92	1110.33
4328	9323	3	47.3
2269	107	3	7.36
164	310	227	2603.96
1452	12	19	21.32
598	12231	8	119.11
11738	3060	3	46.84
7555	4857	5	83.73
649	114	3	4.6
12314	185	6	70.5
294	1712	5	40.54
2150	3120	3	36.16
24263	14330	3	62.86
368	772	5	34.87
2415	520	3	26.3
4588	14	19	55.89
299	32981	3	41.31
19148	12	3	8.09
3540	225	3	23.55
15145	14	5	13.21
2903	1821	17	263.75
683	19650	3	41.89
133	591	25	171.74
7003	11316	4	71.58
49707	14	3	16.55
35043	8	4	47.44
161	4767	3	22.12
5439	58	3	15.26
12	13260	4	9.76
8167	12	14	61.02
11399	12	6	17.07
2987	14	21	46.32
17855	14	9	49.64
332	6904	4	43.2
136	112	12	7.42
101	14595	3	10.44
2363	5780	6	90.52
7253	326	4	43.35
739	106	82	566.47
2266	690	4	39.06
2876	145	5	34.7
19597	3104	3	50.92
6143	14	25	119.22
588	111	11	37.07
17	202	6	7.67
2152	198	3	19.49
209	545	3	12.16
5961	392	3	30.55
10818	12	6	17.07
101	4782	3	3.91
12	6765	4	4.34
1947	106	7	25.38
101	7161	4	9.89
102	3302	4	5.79
6766	2110	4	57.06
102	1450	9	12.88
7849	968	3	37.15
102	4157	3	4.01
12	6564	4	4.1
29528	14	3	10.08
117	113	16	5.12
847	3463	3	31.06
5801	102	16	89.09
455	678	10	84.85
391	360	3	14.22
12	39088	3	13.78
5500	732	4	46.6
35	300	5	6.58
271	109	51	224.47
1891	331	5	42.67
10042	613	3	36.08
556	306	3	14.96
2229	715	4	39.19
2	1055	17	59.91
20369	12	4	13.55
102	5018	3	4.93
12	5809	6	9.08
142	8483	6	57.83
680	8686	3	35.85
12	1747	11	6.74
16729	1081	6	96.56
1002	778	10	101.99
1094	113	8	32.75
5350	1806	3	38.26
10757	363	4	48.13
3306	102	8	21.51
108	9442	3	16.46
5631	997	3	35.04
12	23804	3	9.02
648	26635	3	43.91
3585	12	17	44.5
118	523	35	217.24
2861	114	3	12.46
1323	663	3	24.03
12	4362	6	6.15
221	628	3	13.35
3277	35116	3	57.36
12135	184	12	165.42
25016	17422	3	64.9
4524	9146	5	85.44
102	5940	5	14.37
5076	4104	3	43.11
6581	102	5	15.47
23433	12	3	9.02
12	6742	4	4.34
5598	352	3	29.5
2599	2539	3	35.96
12	17316	3	7.32
21048	4641	4	74.39
115	238	10	21.25
3693	175	5	41.07
125	36842	4	52.86
32372	14	5	27.58
10559	107	3	16.36
3145	9564	8	141.3
2	2466	21	122.1
284	1319	4	28.17
9577	12	6	15.38
12	1788	10	5.22
184	253	5	16.33
8468	186	7	77.3
7059	568	3	33.41
22572	117	7	85.69
297	9002	6	72.34
1403	8	16	96.39
382	21	8	19.05
35	37518	3	31.54
35595	12	4	24.25
759	5387	11	154.86
1666	10293	3	42.29
33902	1336	3	51.87
655	36679	4	69.68
9708	664	4	51.2
1917	7449	4	56.9
101	1197	9	7.7
693	471	3	18.48
6863	102	4	10.91
7231	1054	4	51.89
150	367	9	38.85
41021	14	4	22.06
375	2561	5	47.01
28	4766	36	550.94
1429	538	10	102.42
108	462	15	42.91
106	1189	6	14.3
163	656	22	164.67
2923	1847	3	34.87
713	101	11	5.57
234	155	12	49.88
8	3658	3	13.63
31791	14	3	10.08
401	116	4	6.23
21767	10337	3	59.67
12304	40535	3	66.13
3049	12	13	22.8
12385	7	3	16.95
107	4025	3	10.45
2361	5080	6	88.79
18920	14	3	5.88
106	559	5	4.8
1154	145	3	12.16
190	6052	4	36.11
8203	9	7	56.74
7117	162	3	24.5
49919	12	3	18.18
7419	14	10	25.37
4706	491	5	55.45
296	1018	5	35.25
4007	131	5	36.28
7236	2564	7	113.03
2030	4008	4	52.22
368	1221	8	70.34
7586	102	4	11.92
2568	5088	4	56.17
1221	102	14	26.36
58	1618	11	58.19
231	615	6	35.49
14951	12	3	6.09
26912	106	4	34.12
2675	30473	4	75.8
17551	417	3	38.41
605	325	38	398.52
7	142	21	11.29
643	243	3	14.21
9766	175	3	27.75
845	14	171	793.15
2806	40522	3	56.36
489	21	4	6.26
491	867	4	28.7
53456	14	3	16.55
8217	101	9	41.89
1090	4661	3	34.34
102	2129	7	11.7
825	102	8	4.02
216	696	3	13.74
46599	14	3	16.55
3991	180	16	178.77
1884	101	6	5.75
19819	14	4	11.5
543	901	4	29.74
1088	618	5	42.39
101	1634	53	266.91
189	1654	5	34.07
102	779	16	22.43
278	289	3	10.92
872	102	60	248.31
108	8297	3	15.79
4709	196	4	34.58
119	4136	5	33.05
1035	733	10	101.3
454	758	8	65.98
390	568	3	16.55
2285	172	3	18.6
302	107	9	10.14
209	294	3	9.16
351	102	24	22.78
510	2284	8	85.44
142	12098	3	26.58
101	309	24	12.93
5297	175	3	23.71
102	3545	4	6.19
5231	12	5	5.24
6924	122	23	291.92
371	10344	3	33.83
529	13039	3	36.99
6676	14	13	38.66
8850	106	6	39.06
121	8158	5	41.21
1057	813	6	55.69
338	102	20	12.97
3399	12	7	6.19
507	9314	5	63.44
654	782	5	39.93
4675	196	5	45.6
12821	116	3	22.69
8	33254	4	47.44
110	1521	12	60.82
380	101	19	9.55
108	5488	8	51.59
113	2334	4	17.11
24176	12	3	10.16
17592	2215	3	48.11
141	1826	39	410.5
12	8528	4	5.81
11936	14	14	77.22
3566	396	3	27.23
156	9696	4	37.78
6725	101	3	5.6
7745	14	16	63.26
231	176	3	6.04
121	13942	3	25.06
711	487	17	166.47
4831	729	3	32.35
407	791	3	18.48
12	26608	4	16.81
25032	14	3	8.62
834	1495	3	25.94
501	3765	4	40.69
1888	9053	3	42.29
1818	14	16	13.2
103	8305	3	12.65
2851	12	40	172.41
111	908	3	5.23
167	203	5	11.8
1858	107	3	6.25
113	2114	3	10.61
103	14665	3	16.53
18781	14	3	5.88
1933	14	39	102.81
119	15476	5	48.19
7	2119	54	460.17
345	376	4	20.57
7025	341	4	43.45
32149	14	4	17.19
174	297	5	17.27
2617	10017	6	99.14
34967	12	3	13.78
434	761	10	86.35
187	8818	4	39.41
1339	7	4	7.23
12	30490	4	19.34
892	283	16	145.38
1398	101	7	5.21
665	42689	3	52.3
343	110	5	5.03
438	1264	5	41.04
973	705	5	42.57
22557	14	3	7.51
111	1183	3	6.47
1453	6367	3	37.99
10237	12	4	7.44
12517	14	10	41.51
12	11539	5	12.95
7	16658	4	27.79
445	10496	4	48.88
2908	11570	14	288.47
12045	58	5	39.81
438	705	3	18.15
15565	12	6	21.71
2066	2425	3	34.42
380	1114	4	28.89
7	3357	3	8.73
110	505	9	22.3
322	286	5	24.4
320	1585	9	83.57
608	3635	3	29.59
106	1342	3	4.36
192	830	3	13.57
108	538	9	19.52
2173	123	3	14.11
7	7284	18	161.29
263	367	16	116.57
4256	237	3	25.1
15798	12	3	6.66
3433	3603	4	55.53
4692	105	3	10.36
282	1119	3	18.18
140	13306	5	52.04
10700	101	5	18.9
189	1314	6	40.32
25569	14	4	14.69
727	3000	4	41.63
14928	115	5	45.77
156	4449	3	21.3
541	820	5	38.46
45577	14	3	16.55
2152	1465	3	31.54
118	3717	23	221.11
17497	28350	3	66.49
15736	43284	3	72.46
518	116	3	4.28
102	37326	3	19.63
6472	134	4	31.96
212	58	6	4.17
116	510	3	4.2
12	19026	3	8.09
28	41072	4	61.04
35	21936	7	84.1
12	4141	6	5.7
104	513	6	5.13
183	725	5	25.89
896	1119	3	24.47
2322	105	3	6.51
14216	14	11	53.92
12	311	61	45.15
8187	367	8	104.37
162	15150	3	29.67
2350	109	6	25.62
117	220	5	4.59
4513	8213	4	65.24
2437	105	6	21.39
12	22026	5	22.13
587	715	5	38.13
730	325	6	41.64
102	4044	4	7.09
12	1008	24	21.93
113	14868	3	22.8
7697	14	21	107.83
40568	14	3	12.18
368	867	3	18.39
1734	101	6	5.02
16188	7694	3	54.93
32324	14	4	17.19
346	9	13	38.9
9207	737	3	36.68
12815	102	5	23.13
4187	35	41	492.95
1752	316	7	62.64
12	16040	5	16.94
8538	578	3	34.72
436	1366	3	21.98
5729	115	15	141.23
26905	12	3	10.16
185	9618	7	80.16
1413	10159	5	74.75
105	929	6	10.73
103	31289	4	34.08
133	2876	3	17.01
3952	119	7	50.58
25856	14	4	14.69
106	4352	5	22.68
7	4722	8	44.54
5815	161	4	33.5
47003	14	3	16.55
2569	106	4	12.35
1617	10628	11	192.03
113	529	8	22.74
12	15407	3	6.09
12	6469	6	10.26
795	8	16	78.16
13432	685	3	38.98
2596	6830	8	130.28
1138	145	3	12.08
117	802	3	6.28
688	1204	16	181.32
255	45681	3	46.85
103	1476	5	9.45
6409	33865	3	61.58
12	2158	18	31.2
104	4081	3	9.1
103	8047	4	18.88
8211	16	18	203.55
102	607	76	301.14
52548	14	3	16.55
18595	14	8	37.98
1438	911	7	73.25
12	7609	5	8.41
20876	14	7	32.71
447	165	4	13.84
14414	12	7	28.41
14372	2270	3	46.76
41690	131	3	40.11
116	240	8	14.46
21496	5163	3	55.01
239	7690	3	28.92
394	498	3	15.83
165	10937	10	123.39
1002	195	3	14.78
26624	38617	3	71.86
2048	14	75	371.74
1032	101	21	41.62
110	8518	3	17.19
305	725	3	16.4
178	245	5	15.32
383	203	4	15.89
2044	102	7	11.26
12401	7	3	16.95
188	1219	4	22.89
45247	14	3	16.55
33254	9	4	47.18
576	7862	4	48.37
103	8018	4	18.88
1542	17482	3	45.75
102	1320	10	14.68
2163	16	3	11.16
10364	106	4	23.88
653	308	5	31.54
285	13937	3	34.19
17660	14	8	37.98
7842	12	6	12.73
144	950	3	11.12
12	18314	6	25.21
6761	3455	6	97.05
16024	8	4	34.01
9310	101	9	44.38
33364	12	3	13.78
1110	111	3	6.12
102	2046	29	129.16
1144	212	7	49.82
4749	14	31	142.64
38758	14	4	22.06
13674	12	3	5.58
1777	109	3	7.27
102	3759	7	18.7
103	4155	3	8.41
101	2836	7	12.92
21417	773	3	43.64
361	17791	3	37.65
511	131	26	169.63
216	837	14	112.18
2	3034	8	33.35
102	2274	9	20.09
101	8179	3	6.82
12	7791	5	8.41
12	6194	6	9.84
3369	148	5	36.59
273	1277	7	55.92
2317	107	4	12.02
38269	14	4	22.06
115	662	6	17.8
7645	1275	3	38.56
457	103	10	12.5
44581	13435	3	71.18
181	7777	8	88.41
4608	102	5	12.02
16	1025	10	45.59
3129	21	34	334.39
542	396	4	23.98
5202	148	4	30.88
2412	11092	4	62.66
1255	106	4	7.18
984	4501	4	47.36
106	1600	7	22.81
129	267	12	44.59
222	565	13	93.33
5208	171	4	33.11
2332	137	5	31.96
106	3214	7	32.18
253	1403	3	18.82
16165	14	9	43.27
410	979	6	47.8
373	2904	5	48.36
106	5815	9	58.22
2308	101	5	4.92
1284	742	4	34.93
776	277	3	16.09
263	104	9	5.18
10270	102	3	9.13
299	2637	16	184.66
4138	21	3	14.48
37178	14	4	22.06
102	8855	3	8.1
27700	14	5	22.3
681	619	7	58.27
2	11953	3	14.96
404	1781	12	127.52
7142	12	6	11.16
47581	14	3	16.55
1182	2920	10	132.47
105	2596	3	7.05
106	2844	3	8.2
12584	12	3	5.13
4015	476	5	53.61
28319	2011	5	98.23
21646	12	3	9.02
1860	146	5	30.24
6972	404	5	58.38
5758	2897	3	41.88
1809	773	6	62.15
542	103	13	24.6
103	4437	3	8.84
622	1066	7	63.96
28850	7	3	24.17
133	9455	3	24.31
3651	7	3	9.2
149	5093	3	21.47
552	5656	3	31.79
23963	28091	3	68.39
1560	188	5	33.48
297	8532	5	57.53
103	4811	3	9.31
658	23687	3	42.71
417	665	23	231.06
29831	14	3	10.08
5	389	3	21.9
12	3287	6	3.88
103	2172	4	8.82
3286	1049	3	31.99
157	2634	3	18.14
1288	13667	3	42.64
5379	21067	3	54.38
2218	39125	3	55.07
2324	1734	4	46.46
284	547	16	130.62
155	3168	3	19.22
1748	1050	7	77.92
102	1772	8	12.52
898	6257	4	49.33
1672	12	11	6.18
118	689	3	5.93
301	126	3	4.41
142	25498	3	32.8
693	40994	4	70.08
491	1908	3	24.59
43539	12	3	18.18
1061	103	11	29.58
107	30148	4	37.23
102	3195	4	5.55
30693	14	5	27.58
12	290	89	107.28
103	1213	16	58.67
3682	14	10	11.71
6018	14	22	93.04
290	130	5	11.54
159	360	3	7.6
918	273	3	16.84
10440	12	4	7.44
566	417	16	143.73
1493	2672	7	89.27
134	287	110	960.3
103	9291	8	53.56
5952	2944	3	42.1
102	9157	3	8.42
1100	417	5	39.03
2638	101	5	5.79
135	1275	10	65.3
23345	14	7	38.61
4738	22491	5	98.63
1460	265	9	78.3
130	105	50	69.78
163	765	3	11.41
190	563	155	1921.98
102	30358	4	27.16
1662	1888	3	31.57
109	884	7	18.85
1784	7991	3	40.88
36997	14	3	12.18
28	54683	3	45.77
9	12	476	302.99
140	194	5	8.57
2822	116	6	34.82
101	9450	3	7.42
3727	10896	4	66.21
1583	106	3	5.12
12	11562	4	8.48
12	6923	6	11.16
1978	1142	3	29.32
18618	7	3	19.49
2117	142	3	15.84
18841	217	4	48.5
1800	7379	5	72.98
165	11783	3	28.2
27035	1944	3	50.33
303	16	5	6.71
1739	479	3	23.93
10592	14	4	5.64
12	6658	6	10.7
21929	14	5	19.46
388	206	5	22.53
350	21	18	67.64
15850	795	8	132.36
2644	762	3	29.04
14892	106	4	27.4
19589	14	5	17.39
8405	1162	5	69.82
11081	14	11	43.8
101	1254	14	22.77
102	2638	7	14.11
309	1744	5	41.08
2250	103	7	23.25
115	171	10	12.39
2185	767	12	147.27
25872	14	5	22.3
905	16	6	20.09
12	1713	17	20.64
216	314	3	9.66
101	14249	3	9.88
3657	5225	5	76.66
804	40940	3	48.88
4554	12	14	38.06
141	6462	4	32.47
7598	14	10	26.41
950	2792	3	30.45
410	615	4	25.21
23458	106	5	43.82
1344	395	3	21.46
33053	14	3	12.18
1071	1948	5	53.45
853	19863	4	60.46
101	10498	3	8.11
102	11366	8	43.78
15077	111	3	21.93
102	9752	3	8.76
3365	114	3	13.34
113	2433	23	185.84
2758	105	3	7.39
102	16326	3	12.13
138	230	6	14.55
1016	101	15	20.66
12488	3827	3	48.73
1588	1164	14	177.12
35	16331	9	101.63
107	1078	12	43.24
4695	264	5	49.5
105	612	5	4.66
405	125	4	9.61
101	26627	4	23.09
5087	13020	3	50.53
332	17	4	6.27
198	659	6	33.4
108	16949	3	20.39
3083	185	3	20.99
420	794	3	18.62
1234	176	5	30
102	720	11	8.15
153	1125	19	152.19
1197	6334	3	36.76
13022	14	13	71.7
6952	1458	9	139.37
723	16	3	5.26
3367	12	6	4.03
659	122	3	7.44
1690	9835	4	58.55
1002	117	63	550.48
2624	1555	15	218.37
314	110	6	6.73
188	3615	4	31.69
103	2448	18	97.99
2	3108	3	6.94
32133	14	4	17.19
1333	6544	3	37.78
12	7873	6	12.73
317	44543	3	48.29
383	102	22	20.53
12	2918	9	9.58
993	4888	6	77.06
3157	539	3	28.1
217	3182	4	32.55
22508	3891	4	74.23
101	6480	3	5.39
13760	101	3	9.88
342	12405	4	49.05
491	4053	3	29.05
425	235	3	11.91
8249	101	3	6.82
968	150	8	46.18
13	21296	5	65.14
22038	14	6	27.48
491	1688	4	34.08
1675	217	5	36.47
813	14	173	784.71
12	4746	7	9.83
2909	106	5	18.86
2146	8311	3	42.42
221	238	3	8.08
8	13308	3	22.13
12	502	24	4.52
1812	2988	7	94.01
5952	320	8	95.48
1639	710	3	25.61
114	513	5	10
6783	101	3	5.6
532	6558	4	45.8
3924	877	4	45.15
1873	102	6	7.26
289	5027	3	27.53
10411	101	3	8.11
134	2913	8	62.35
2902	4309	6	89.19
107	510	8	13.11
108	1374	4	9.28
106	125	34	31.53
10066	112	9	81.58
4252	1916	3	37.27
1850	14	12	5.73
15699	149	6	69.6
28647	12	4	19.34
2204	115	6	31.58
133	129	36	132.99
2096	710	3	27.17
105	5156	4	16.79
536	1742	3	24.45
956	796	6	54.49
107	6348	3	13.08
136	784	11	63.78
8	152	11	9.16
58	7672	5	34.53
13	9503	11	137.75
31449	14	4	17.19
2753	6536	3	42.16
2308	5133	8	123.33
2123	2620	3	35.03
30493	1167	5	92.38
707	1314	14	158.29
16396	1613	7	122.34
24333	3913	3	54.6
161	1852	7	50.23
1966	36088	3	54.22
536	2699	3	27.12
7288	14	15	54.06
769	459	7	56.16
7	3548	7	32.66
2749	111	3	11.21
19247	107	4	31.17
767	3551	5	56.6
1278	2997	15	216.79
2715	212	7	62.59
104	9286	3	14.18
1037	116	6	22.68
259	20327	3	36.4
167	269	3	6.25
716	58	16	70.93
21373	12	3	9.02
198	6738	4	37.72
48983	14	3	16.55
559	573	3	18.33
439	36153	4	66.81
2758	362	5	47.33
113	567	18	81.73
2419	23714	3	50.44
931	9469	4	53.17
741	486	4	27.59
2037	22909	3	49.38
4433	14	34	162.49
1586	109	3	6.64
1215	4082	3	34.12
6091	5671	3	46.1
109	3688	5	23.89
195	552	4	17.7
1152	839	3	24.25
10710	4101	4	66.39
1118	753	8	79
105	871	4	4.22
4778	8667	6	105.27
8939	14	18	91.58
111	1400	6	22.6
8	876	9	35.15
1129	109	3	4.82
2144	107	3	7.07
12	14612	4	10.52
2368	224	5	40.45
4899	571	7	85.33
12	14392	3	6.09
5959	28837	3	58.88
261	114	5	5.03
468	118	3	4.25
8452	14	17	77.25
7316	115	9	78.91
163	231	21	112.2
5786	3027	10	168.66
30468	4255	3	56.64
982	800	4	33.24
16935	101	3	11.07
18754	1174	3	43.93
2100	753	5	51.27
258	828	4	23.51
1656	12	10	4.39
2594	10678	3	44.92
793	12227	3	38.74
4966	14	19	60.1
263	204	6	24.01
12	6115	5	6.31
21845	35145	3	70.62
1348	9093	3	40.25
19981	12	3	8.09
867	619	6	50.64
12	3610	8	9.47
102	2355	5	6.39
1266	1689	5	53.89
1238	3392	11	152.8
5263	2801	3	40.94
102	386	31	45.99
12	21145	3	8.09
908	6917	11	165.49
1867	310	6	52.51
1112	20477	3	44.56
165	15120	3	29.85
119	1861	4	18.24
755	2504	3	28.6
27544	14	5	22.3
270	119	5	8.06
5602	16	13	115.4
1948	4238	3	37.34
16489	14	4	9.39
102	681	14	14.02
13	693	5	25.41
2647	54299	3	60.55
135	11415	3	25.71
103	4243	3	8.55
6002	14	20	77.86
12	7543	6	12.17
355	124	3	4.99
634	380	3	16.95
12	483	49	49.17
667	5750	11	153.73
8434	687	7	96.72
41801	1105	3	55.11
117	744	3	5.99
3213	568	5	52.75
5449	107	4	18.66
2347	1837	4	47.01
3372	440	6	63.57
134	8747	3	24.13
37013	14	3	12.18
1067	1218	8	85.4
211	5705	3	25.92
146	105	19	7.56
23357	102	3	14.68
5459	476	7	84.9
545	966	3	20.95
12	4537	6	6.64
416	422	6	38.85
50922	14	3	16.55
12	6383	10	27.55
103	4076	5	18.74
102	3680	8	23.13
219	300	3	9.53
23735	14	4	12.9
682	1151	5	43.72
17823	14	4	10.35
36509	178	3	39.24
1084	24720	3	46.67
625	9404	3	35.79
1365	698	4	34.94
17616	5086	3	53.11
27233	184	6	88.41
836	7224	6	80.86
947	40982	3	49.76
11823	12	3	4.72
10241	14496	3	56.34
106	20954	3	20.77
500	516	3	17.08
8199	12	12	46.61
101	9497	4	12.18
8762	14	12	42.1
683	1558	6	58.71
365	1485	6	51.56
1348	3496	4	47.8
8542	154	4	36.13
7664	12	4	5.17
15113	14	11	60.67
29988	14	5	27.58
44172	131	3	40.11
106	397	8	9.96
162	2696	4	27.17
33322	12	3	13.78
835	1546	11	125.65
1274	109	7	23.63
3504	101	4	5.03
918	1033	3	24.15
24672	12	3	10.16
18310	14	7	29.34
4260	102	3	4.13
530	719	8	67.13
1392	141	3	13.25
247	2585	4	32.15
17093	14	8	34.38
1332	182	3	15.95
35327	14	3	12.18
2292	101	5	4.92
1470	57	3	7.55
101	6245	3	5.19
37162	14	3	12.18
101	4642	5	10.65
37378	6141	3	61.11
10274	14	15	75.39
6889	2887	3	42.98
16022	676	3	40.18
477	16842	4	53.99
5318	14	6	5.62
376	11917	4	49.05
3483	102	5	9.64
156	3811	3	20.26
1239	106	7	19.28
12	2498	10	9.79
3420	1164	3	32.82
12	7269	5	8
45547	106	3	31.31
1951	2587	3	34.41
2372	8882	6	96.39
1438	6222	3	37.94
120	111	41	74.06
12	4047	8	10.96
2889	7331	3	43.25
115	209	12	25.71
133	14225	3	27.02
3719	1026	7	88.55
50749	14	3	16.55
6954	24322	3	58.27
5090	101	6	15.85
25605	193	3	36.28
725	565	6	47.62
9739	14	17	93.77
143	23297	4	45.31
16818	841	10	178.98
3762	14	15	29.38
104	1812	4	8.51
103	3170	6	21.88
12	2310	8	4.59
731	221	6	36.4
104	5539	4	16.78
304	860	4	25.28
143	360	5	15.27
14490	5838	11	243.4
128	11833	4	36.37
6013	562	5	59.37
2080	182	3	18.61
6688	111	3	16.56
313	19435	7	106.54
144	1082	5	24.58
416	508	3	16.14
3928	3857	3	41.01
4055	102	3	3.9
102	1913	10	21.05
5870	102	3	5.75
101	2707	5	6.04
12	3103	8	7.74
516	7566	3	33.38
3379	9	5	26.71
420	442	4	22.95
3486	1839	6	80.78
102	4756	8	27.13
1499	103	7	17.6
12	6073	6	9.45
1235	3083	5	59.67
2742	245	3	22.66
37376	14	3	12.18
102	560	58	185.37
2	2909	5	15.81
5712	117	26	294.89
712	13653	4	54.98
15962	107	3	19.52
146	1628	3	14.29
16415	14	8	34.38
7874	159	7	72.45
721	1069	3	23.04
872	111	4	8.63
395	1014	5	37.93
123	917	11	60.99
3254	102	6	12.67
104	141	24	13.26
1617	52262	3	57.55
125	4085	3	18.13
101	7325	4	10.22
579	169	3	10.39
810	112	5	12.51
526	103	13	24.01
367	424	3	14.67
25798	136	4	46.72
37605	213	3	41.04
923	126	3	9.56
1081	2318	4	42.41
165	103	28	25.47
3227	101	4	4.54
24906	12	3	10.16
18096	14	5	15.74
500	2860	3	27.13
35	45241	3	36.04
12	15865	4	11.38
5062	14	26	107.36
1935	1615	4	44.43
49486	14	3	16.55
3053	4433	4	56.36
12	15239	3	6.09
30304	14	5	27.58
105	242	12	10.82
8630	2897	3	44.6
106	337	7	5.81
1724	109	3	7.1
2302	122	3	14.39
6259	489	3	31.82
2035	104	33	222.44
675	6051	6	75.68
111	1569	3	8.05
110	20704	4	34.25
2063	12	15	20.14
103	10006	3	13.67
2	4960	4	14.95
102	51123	3	24.09
11082	394	3	34.63
110	8807	3	17.52
18263	101	3	11.78
27100	14	4	14.69
721	2221	7	76.92
396	188	5	20.97
314	2171	6	54.57
1334	2829	5	59.8
5587	140	4	31.15
12	2893	12	18.15
25573	193	5	68.94
548	121	4	10.01
12	6571	4	4.1
241	4019	4	35.59
454	339	3	14.55
35	53668	3	36.04
524	111	19	79.77
198	25723	4	52.05
702	10063	3	36.79
8352	101	3	6.82
178	1283	3	15.37
304	650	4	23.38
12	5154	5	5.01
101	4775	3	3.91
12717	12	3	5.13
246	369	3	11.47
1812	974	9	104.72
101	539	19	16.5
7470	153	8	83.32
18944	295	4	51.63
1069	347	4	27.91
648	719	6	49.16
1189	1293	4	38.46
169	1291	3	14.68
113	2785	4	18.44
2880	102	4	4.98
5139	14	27	118.42
1943	2005	3	32.85
320	279	104	1168.99
5753	840	3	34.3
18027	2784	4	68.84
17676	14	6	22.03
16653	101	3	11.07
1757	2637	3	33.83
6742	50377	3	66.33
48232	14	3	16.55
803	106	15	51.29
14739	14	8	31.63
57	1372	4	11.72
257	3554	3	24.49
1183	836	3	24.46
5993	4559	7	118.33
1221	111	5	15.78
12764	1838	5	79.96
10783	149	6	62.88
36539	14	3	12.18
113	5126	3	15.7
1829	2385	3	33.54
4228	102	6	15.61
1656	2136	3	32.32
109	2431	3	8.96
766	1196	5	45.42
1631	124	5	26.18
1720	729	3	26.08
345	103	8	4.86
110	6257	3	15.31
8876	102	3	8.1
21538	12	4	14.98
15081	14	9	39.47
132	3935	4	27.42
6229	106	5	26.54
2685	782	4	41.34
8	7868	5	36.33
942	337	4	26.79
12	11436	3	4.36
1514	1222	4	39.97
25079	12	3	10.16
1577	14	21	21.13
674	16959	4	56.35
15324	12	5	15.74
135	840	5	21.61
138	189	16	58.22
1254	1511	4	40.21
106	4434	10	60.86
7	5084	3	11.13
346	1956	3	22.96
105	2206	3	6.3
7	2578	8	34.53
1821	127	5	27.8
108	3789	8	45
195	143	6	12.46
106	749	5	6.93
7	108	70	21.59
106	2175	3	6.83
28075	12	4	19.34
33833	117	4	48.96
1122	1432	3	27.3
1118	972	4	35.59
105	846	8	17.01
110	5272	5	29.09
2963	1648	5	62.52
203	1476	5	34.26
2638	1393	5	59.37
4458	12	5	3.98
361	25214	4	57.85
649	101	15	11.89
14658	267	3	34.32
313	10795	4	46.91
401	120	8	26.38
1037	564	5	41.08
526	365	5	31.16
109	2761	4	15.08
129	682	6	24.32
2686	12	9	8.44
1489	5037	4	51.39
57	260	54	265.92
886	2428	3	29.23
27946	29115	5	136.02
6666	1647	3	39.32
209	9345	3	29.14
2097	1308	3	30.78
39883	14	3	12.18
129	385	3	5.73
57	1067	4	9.7
25307	14	6	33.09
13788	14	3	4.23
4926	12	9	17.73
170	230	3	5.57
2326	13312	5	83.55
650	2952	11	135.95
1289	1289	51	802.24
31727	14	4	17.19
40584	14	3	12.18
8054	101	3	6.54
577	387	5	32.81
1142	659	22	260.07
12	1598	18	21.79
102	22229	3	14.68
622	102	14	12.51
2702	1307	48	853.06
6170	7869	7	127.49
12	16484	3	6.66
16510	12	3	6.66
102	39173	3	19.63
583	415	3	16.95
101	3876	7	16.68
102	2753	5	7.6
593	12161	6	84.46
666	145	11	61.88
216	2605	5	40.87
630	110	5	9.19
11494	12353	10	227.38
101	1899	7	8.3
10996	1768	7	115.01
28874	6910	3	59.86
12	187	120	90.79
1885	1732	3	31.76
17	13	5	3.99
101	17513	3	11.78
2	17373	3	17.98
32218	14	3	10.08
3649	12	6	4.53
35028	12	3	13.78
9024	762	4	51.32
10974	14	13	60.19
12	23745	3	9.02
1895	120	3	12.61
119	746	6	21.8
10176	12	4	7.44
549	6423	3	32.69
9064	2634	3	44.24
20092	14	7	32.71
12945	14	12	59.27
512	145	15	86.45
153	5134	3	21.99
12	2850	13	21.53
11177	14	14	70
101	741	11	6.02
102	1668	7	8.88
746	2	6	6.95
2787	12	10	11.5
650	1049	4	32.19
13305	8	5	43.03
111	203	10	13.05
498	125	4	10.73
12	10262	4	7.44
106	3301	13	78.18
102	29939	3	17.44
7148	101	4	9.89
572	2834	4	39.5
469	513	3	16.78
1525	533	16	181.91
6085	34771	4	87.63
106	1649	3	5.36
101	31462	3	16.33
8723	109	3	16.67
368	325	8	50.64
468	281	3	13.59
2689	2751	3	36.73
39792	14	4	22.06
4864	221	4	36.16
35	27559	6	72.08
4007	378	5	51.67
2509	12	8	5.32
744	250	5	30.32
839	1917	4	39.04
200	311	3	8.95
31059	14	4	17.19
444	101	20	14.28
1396	2103	4	43.88
12	26571	3	10.16
501	438	3	16.31
254	2203	3	21.71
608	8	4	7.42
222	1300	6	43.27
20748	117	8	97.94
14196	102	3	10.93
289	2778	6	56.66
2746	542	9	102.63
130	1968	29	277.34
11606	157	3	27.73
18423	11730	4	81.48
106	2740	7	30.16
31010	14	3	10.08
473	451	18	162.95
24519	12	3	10.16
1253	14	91	339.45
2473	109	5	19.97
39198	14	4	22.06
3760	166	6	50.22
283	2150	3	22.35
102	1878	20	68.31
2164	1980	7	90.81
13127	14	5	11.3
101	2748	8	16.2
106	26038	3	23.02
143	3035	4	26.3
1711	909	3	27.23
115	1135	3	7.76
12	39318	3	13.78
609	11955	6	84.74
4309	21608	6	121.81
692	812	6	51.1
12	6991	4	4.6
103	1603	13	50
6287	107	4	19.81
247	746	9	65.09
356	454	5	29.73
10322	107	3	16.36
102	4447	4	7.79
19652	102	3	13.69
761	102	15	19.17
3824	12	15	37.33
1783	2	4	7.4
3616	111	5	26.36
490	813	6	47.3
2347	331	4	34.06
20095	117	8	97.94
656	1125	5	43.23
272	252	3	9.82
5832	12	8	16.41
1284	30648	3	49.4
4448	114	4	22.32
12	1325	14	8.18
102	585	12	7.48
6830	14	24	124.11
961	2083	4	40.67
2969	103	7	26.92
19883	14	5	17.39
101	5911	7	22.53
47855	271	3	47.24
1797	463	5	45.1
14235	475	4	52.12
2340	101	6	7.68
28454	17452	4	93.23
370	109	5	4.52
24685	24979	3	68.04
291	12	91	112.99
40428	28	4	61.04
7	437	32	118.58
2328	2584	12	178.75
160	631	3	10.33
2581	1826	3	34
16069	14	10	55.16
255	5110	4	38.12
3439	14	23	62.53
655	8300	20	349.75
1428	7224	4	54.41
3194	710	4	41.87
317	2859	20	247.99
2447	2	4	9.67
593	717	9	79.65
58	1152	18	99.84
5218	102	11	47.14
16314	14	5	14.37
6729	249	3	28.33
103	8342	3	12.65
5671	2386	3	40.41
2214	8	3	10.85
139	124	7	6.44
140	509	4	12.49
678	300	3	15.96
6977	221	3	27.68
113	1343	25	173.1
22645	14	4	12.9
134	18631	3	29.23
5725	14	24	103.14
840	109	8	22.82
102	12964	4	16.41
472	119	5	12.66
106	5678	3	12.09
3984	135	3	19.03
286	386	3	12.82
21614	12	4	14.98
11666	310	4	47.51
105	1464	3	4.18
7	1340	4	7.23
107	2115	5	16.38
9719	102	6	26.52
605	1957	5	48.45
165	202	4	7.76
165	5172	3	22.67
5170	101	3	4.19
5582	699	3	33.08
7837	149	4	34.95
977	147	21	161.87
215	231	3	7.77
36834	107	3	27.18
12	1236	15	8.48
6892	262	4	41.11
662	1139	3	22.93
23623	14	4	12.9
577	153	19	128.88
101	5853	5	12.69
102	4739	7	21.81
1025	672	14	149.01
3927	101	4	5.73
2814	27584	3	52.64
783	149	35	296.64
333	388	3	13.76
336	1040	4	27.48
424	358	4	21.63
110	8301	3	17.19
1603	156	3	15.22
934	146	5	23.35
5155	14	23	87.69
308	2762	3	24.27
1327	259	3	18.77
3013	5704	4	58.22
3918	101	5	9.05
209	20566	3	34.76
102	6347	15	83.82
183	2805	5	39.26
1776	1357	18	249.66
101	1735	13	27.08
101	4965	5	11.17
351	183	16	99.91
312	103	10	7.52
3381	101	5	7.76
102	3646	5	9.83
101	2459	5	5.34
599	153	6	27.2
21554	12	3	9.02
1607	1106	5	51.82
653	128	3	8.03
119	214	55	306.8
31990	106	3	24.6
15242	14	3	4.7
281	755	3	16.14
102	1960	9	17.62
2166	1150	4	42.44
103	5523	4	15.64
1372	12	21	25.51
1962	1098	3	29.09
2243	250	3	21.61
694	14705	4	55.66
35	47412	3	36.04
376	491	4	22.91
1047	550	8	73.22
9518	102	3	8.42
2547	659	11	132.58
3738	107	5	21.79
5882	14	26	124.52
11220	113	3	20.7
7894	106	4	21.48
1851	3234	3	35.44
703	12	56	100.45
10829	1373	10	170.07
3410	9	10	68.58
29250	14	3	10.08
30271	101	3	16.33
375	2813	9	97.75
40549	12	4	24.25
26481	12	3	10.16
168	259	9	36.75
5031	101	5	11.17
365	2838	6	59.63
12419	12	4	9.09
172	2546	3	19.13
713	1597	3	25.49
5375	13	5	46.15
2	16271	3	17.23
102	15513	8	51.47
5544	102	4	9.27
110	2015	3	8.73
197	104	56	160.46
108	1257	4	8.62
3902	200	6	55.07
12	26407	3	10.16
5584	227	9	101.66
1608	18647	3	46.03
3124	694	3	29.39
16399	14	3	5.25
2140	791	3	27.95
57	1482	4	12.23
322	1842	25	297.76
103	11649	5	30.72
11073	12	3	4.36
113	174	128	751.45
7603	12	5	8.41
103	5317	4	15.38
121	1250	16	107.91
126	139	16	36.35
12	919	21	12.9
2098	26223	3	50.85
102	4083	3	3.9
6827	123	5	40.33
5563	101	4	7.98
1891	1694	4	44.56
2916	1441	3	33.28
391	430	11	83.95
897	21918	5	81.62
816	204	3	14.09
118	552	4	8.47
2255	568	3	26.49
118	767	3	6.48
208	106	17	21.99
3133	19794	4	70.99
109	9809	3	17.38
124	172	11	25.24
298	13996	3	34.52
1209	109	5	13.13
12	2629	8	5.81
102	3372	7	17.29
19011	174	5	61.99
351	424	3	14.46
994	653	5	42.12
598	4295	4	43.06
48325	14	3	16.55
101	3802	4	5.44
2290	127	7	47.09
101	5412	4	7.98
102	4300	5	11.29
12	5536	7	11.69
3245	245	3	23.64
1540	1592	12	155.24
4100	101	8	22.25
870	672	6	51.38
49461	14	3	16.55
5470	694	5	60.24
13085	131	7	75.67
384	112	100	728.09
2429	21	3	11.41
5046	14	27	115.27
13396	12	3	5.58
13411	12354	7	151.47
3729	101	5	8.66
121	695	5	16.56
2617	4299	3	39.15
104	609	6	6.57
25572	1972	3	50.4
11628	12	3	4.72
25004	32546	4	97.96
12	6800	4	4.34
3159	5082	11	185.76
10448	635	5	67.05
37315	35	4	48.05
39776	14	3	12.18
102	3393	8	21.81
6109	106	3	12.51
4165	3861	7	109.68
6618	1219	3	37.38
11352	14	8	24.32
1443	5452	3	37.12
45210	14	3	16.55
718	217	6	36.03
313	19207	5	69.8
35	53622	3	36.04
4988	264	5	50.12
121	1297	3	10.44
795	549	4	28.97
10796	101	5	19.64
1917	145	5	30.55
5049	717	3	32.42
101	1127	11	11.49
12	1519	22	31.98
246	1306	3	18.21
101	3628	4	5.16
929	1067	3	24.4
384	148	3	7.02
1091	725	6	54.83
1133	2742	4	44.14
101	21123	3	12.61
5975	19546	3	55.02
5117	414	4	42.11
7535	14422	3	54.26
161	10106	3	26.72
8	29054	3	28.86
1293	107	3	4.46
243	189	3	6.87
2188	1505	14	195.43
341	9800	7	90.89
14131	107	3	18.26
1201	21554	4	64.6
184	311	3	8.33
104	431	14	27.25
153	1524	10	73.35
311	1718	6	51.49
1332	1484	3	28.7
277	143	5	12.7
45699	14	3	16.55
28951	12	3	11.65
1284	101	9	8.82
8	11	9	41.15
615	117	16	76.64
16	8606	3	19.58
10294	4806	5	87.44
4887	207	3	24.86
25129	101	3	14.79
18221	172	4	45.57
7	1759	3	5.32
2933	331	5	47.16
1320	791	3	24.97
3908	336	12	144.15
35	45397	3	36.04
230	1678	3	19.32
3204	3204	3	38.57
101	15769	9	62.48
7651	579	4	47.99
112	6342	4	24.17
5638	105	3	11.43
102	9198	4	13.57
40786	14	4	22.06
652	1981	3	26.39
9879	9766	4	73.5
12	10745	3	4.03
1041	618	4	31.79
19899	14	8	44.13
4009	104	5	20.16
105	582	5	4.38
222	1865	4	28.49
956	107	15	57.45
346	1200	3	19.87
1368	1570	5	53.99
10178	9033	4	73.54
476	533	5	33.53
2034	316	5	42.88
1217	507	3	21.91
12285	19342	5	108.11
160	157	5	7.43
320	241	4	16.23
946	13	4	20.8
3966	4473	3	41.93
603	2481	7	76.24
34944	43073	3	80.18
111	10729	3	19.41
480	521	4	24.98
118	23322	4	39.95
8220	32974	3	61.04
150	880	3	11.02
2497	673	3	27.87
12027	14	5	10.51
16	108	74	111.83
45878	14	3	16.55
211	143	8	22.33
819	125	4	14.06
12	3506	6	4.36
479	1539	3	23.17
12980	245	5	60.25
2231	5538	4	55.64
388	546	5	32.2
103	3972	11	59.03
31711	14	5	27.58
219	213	7	27.88
45343	14	3	16.55
101	1064	20	38.77
188	704	11	74.04
426	825	3	18.89
1064	101	26	63.02
8004	14	7	13.71
17	376	3	3.93
3460	123	7	51.35
160	11248	4	39.3
13495	14	10	44.61
13	3651	4	31.68
246	198	6	22.36
127	2658	4	23.41
312	129	3	4.66
124	413	4	9.53
477	5785	5	57.67
4949	104	3	10.31
101	4994	5	11.17
1918	314	3	22.19
20844	14	3	6.62
12795	14	11	49.77
4998	186	5	45.33
12	11330	4	7.94
108	3220	5	21.55
57	1902	5	19.91
986	758	4	32.98
19974	14	8	44.13
2665	9019	3	43.98
537	690	4	27.73
291	132	26	146.03
133	258	11	40.19
108	1859	19	114.01
606	102	10	4.52
6954	9580	3	50.75
7048	14	8	15.67
12	10443	5	11.52
1994	2273	3	33.77
618	14	208	897.38
172	605	4	16.85
12	13080	5	13.78
114	3052	3	12.77
267	117	24	97.21
1287	17	3	9.72
2140	40595	3	54.83
3173	12	7	5.61
111	102	201	127.8
6513	14	9	18.33
22338	14	3	7.51
438	294	6	35.42
109	2195	3	8.5
410	6719	3	31.49
108	2822	18	123.09
4896	19252	3	53.62
674	338	6	41.34
161	1379	3	14.63
5396	12	5	5.49
10958	14	4	6.11
472	135	3	7.26
58	4539	3	14.18
1663	107	3	5.71
1342	3743	3	34.38
1337	122	60	611.35
6638	8	17	170.36
5071	1505	3	36.94
30341	105	3	23.9
1019	1358	27	367.07
232	58	9	13
3145	12	14	27.01
593	245	27	244.9
101	8600	3	7.11
3841	424	4	39.84
1238	15345	3	42.97
1794	11	10	123.26
1364	127	3	11.94
2931	997	4	43.79
1937	395	5	44.67
45412	14	3	16.55
608	743	3	20.24
106	3051	3	8.58
7	2399	5	16.34
7	5626	6	32.02
57	4310	3	13.67
110	748	12	44.68
675	243	4	21.42
130	195	4	4.44
45949	14	3	16.55
5476	196	12	137.72
30909	14	5	27.58
3019	113	12	84.67
14301	107	3	18.26
41263	123	3	39.17
10207	313	8	106.49
4701	133	4	28.95
321	33692	3	43.85
140	7	31	31.41
138	1394	15	114.21
6465	195	5	49.05
12216	13	3	29.57
168	148	4	4.25
12	11469	4	8.48
52982	14	3	16.55
105	1303	4	6.73
16339	193	5	60.49
2780	113	8	48.23
8728	1694	4	57.54
922	116	4	11.25
7529	3417	5	80.14
2608	12	11	13.19
2170	5235	14	235.55
147	14	1158	4754.07
16	848	4	9.99
10144	12	3	4.03
40111	14	4	22.06
5118	35	33	396.69
454	1511	3	22.73
141	25729	3	32.75
360	224	58	554.77
103	851	6	7.84
4369	106	4	16.33
317	28997	4	59.4
12977	14	12	59.27
7505	2	3	12.11
41990	12	3	18.18
1675	21141	4	65.92
3667	5553	3	42.79
12	1396	19	20.31
54238	14	3	16.55
101	3504	11	34.2
103	2201	4	8.92
5201	221	10	112.12
102	2581	9	22.04
4511	149	6	50.31
37341	12	3	13.78
116	751	5	14.58
2528	1168	10	128.98
1868	4188	21	356.94
12	20499	4	13.55
117	289	8	17.6
1646	7	3	5.02
12767	102	3	10.41
15843	12	6	23.3
450	16	10	31.5
12	6605	5	6.93
12	4252	6	5.92
37511	105	3	26.12
4122	12	8	11.29
12	2671	8	5.98
102	3974	4	6.93
12	253	57	20.84
3695	104	5	19.25
126	2656	7	48.76
101	2362	5	5.13
31526	46231	3	77.95
12	6980	4	4.6
414	21	5	8.55
7000	14	7	11.86
35291	130	3	35.43
13480	10240	5	99.84
3723	12	20	60.82
118	654	3	5.7
1736	179	3	17.3
10656	14	15	75.39
2116	2206	3	34.06
105	5811	3	11.64
105	1604	5	12.12
16862	511	4	54.34
1484	107	3	5.1
7649	14	11	31.62
647	1317	7	67.88
1285	14	72	226.07
200	1524	31	334.05
714	162	4	16.8
31091	14	5	27.58
141	2408	7	50.66
6326	101	3	5.19
4791	417	3	29.4
640	8	9	30.52
344	3342	7	73.25
52803	14	3	16.55
609	7150	11	157.52
670	8099	6	79.6
346	176	3	8.38
192	3324	3	21.72
1182	3021	5	58.83
3924	177	4	31.7
713	1925	4	37.96
11536	10909	3	55.12
4800	104	3	10.15
5092	12	5	5.01
9426	12169	4	74.78
9146	115	3	20.39
25649	14	3	8.62
20969	14	3	6.62
41034	6246	3	61.34
14635	12	5	15.74
4783	44786	3	64.2
132	593	16	95.24
105	859	4	4.13
196	129	19	72.47
364	464	9	64.85
1442	1495	13	167.01
10330	14	6	13.23
550	490	5	34.05
185	17438	4	46.59
12	17558	4	12.38
292	15210	3	34.95
101	19544	4	19.72
45661	359	3	49.06
1560	1292	3	28.84
198	8302	3	27.87
964	14	19	5.01
246	289	3	10.11
248	2666	3	22.58
12	4557	5	4.17
8247	179	3	26.99
114	8773	3	19.3
2985	47646	3	61.28
549	2814	4	39.16
21974	14	5	19.46
26138	14	5	22.3
102	17721	5	27.94
242	102	26	13.52
101	36279	3	18.52
424	471	5	31.63
485	1824	4	34.74
2114	58	3	9.82
9438	111	3	18.65
136	13634	4	39.1
123	2405	3	14.68
51617	117	3	36.72
1236	101	12	16.18
34478	5377	3	60.47
246	3288	3	23.77
27139	12	3	10.16
101	1517	12	20.21
15571	244	4	47.6
40204	14	3	12.18
12	7555	7	16.39
104	2410	3	6.39
157	623	3	10.03
104	297	17	29.1
1621	58	5	18.59
7244	21723	4	79.79
28342	3095	5	102.7
1477	101	7	5.69
20370	14	7	32.71
12	19370	4	13.55
241	838	3	15.55
427	312	12	88.05
3425	640	10	124.63
7162	783	17	274
36949	14	3	12.18
485	109	7	12.31
1425	9287	3	40.5
143	764	3	10.05
2217	101	7	10.23
11142	12	3	4.36
103	5695	4	15.9
1779	6487	5	71.5
20627	11206	3	59.08
2937	58	4	17.76
127	2632	3	15.72
1235	1182	3	26.68
248	216	5	18.42
1772	16778	3	45.82
12	801	31	30.73
102	2100	7	11.55
13324	109	3	19.69
247	716	4	22.03
12	522	47	48.05
5049	245	14	171.34
5349	102	3	5.24
9061	7	5	30.35
720	408	4	26.28
119	147	34	110.21
29212	14	3	10.08
820	1283	4	35.57
144	6730	3	22.87
8832	4044	3	46.49
102	18403	4	19.94
37943	14	4	22.06
270	124	8	22.81
16854	14	9	43.27
522	1996	10	108.79
550	1944	3	25.28
29699	14	5	27.58
30726	101	4	25.68
1300	2213	6	70.96
2	460	21	52.87
1177	652	13	139.49
123	994	3	9.52
102	4672	4	8.17
4153	181	3	22.53
12	5414	8	15.36
11346	724	3	37.75
990	109	3	4.28
3641	705	4	42.84
4059	107	3	10.45
6066	14	25	119.22
311	1296	4	28.7
15238	213	7	91.87
1812	3858	4	50.89
1952	313	38	496.77
358	588	24	231.58
2698	6594	3	42.06
687	12	28	18.25
108	4954	3	12.52
341	2074	20	236.16
4249	1470	4	49.94
57	603	10	31.85
102	11282	3	9.52
2031	12	11	9.06
112	996	5	14.26
11612	12	5	12.95
167	257	3	5.98
30300	102	3	17.44
13444	12	6	20.33
500	251	3	12.98
1452	2136	3	31.48
255	1362	4	27.36
179	14300	5	56.85
518	11224	3	35.91
107	1951	3	6.55
131	1789	3	13.76
2172	982	3	29.22
296	40964	4	64.01
32268	106	3	24.6
1122	1257	6	61.61
36174	14	4	22.06
1127	16660	4	60.15
1522	109	10	44.16
133	4394	3	19.43
854	731	3	21.84
19097	12	4	13.55
1041	2387	11	140.47
12	8944	4	6.17
101	11053	3	8.49
7587	12	4	5.17
18427	14	9	49.64
12	8743	5	9.79
5571	7	3	11.5
101	14918	4	16.52
35822	6527	3	61.58
1494	12	12	6.36
507	2082	6	59.07
164	1280	3	14.29
6789	12	5	7.27
156	20268	3	31.66
14754	101	3	10.44
1802	891	3	27.41
12	16646	3	6.66
1597	21701	4	67.05
27282	14	4	14.69
286	10574	3	32.25
5424	1	3	20.18
17187	2270	4	67.23
102	6848	3	6.55
7191	185	4	37.72
11989	544	4	51.5
420	1079	15	150.96
455	17189	6	89.2
11058	111	3	19.84
155	119	6	4
576	5592	4	45.26
12	1733	17	21.21
12	4106	6	5.7
492	111	5	8.34
905	109	3	3.89
3178	7665	6	97.82
781	550	3	19.91
102	18133	3	12.86
50685	14	3	16.55
390	105	13	23.6
389	473	9	66.54
180	2282	4	27.67
673	14066	3	38.85
27132	14	4	14.69
1408	472	5	42.77
13039	12	3	5.13
602	8067	4	48.67
573	716	6	47.76
634	133	9	44.35
281	191	3	7.89
11211	12	3	4.36
29158	623	3	45.28
18498	131	6	68.77
2356	101	25	101.39
633	816	3	20.93
156	1132	5	26.74
101	711	12	7.25
102	1830	14	37.11
12	1106	14	4.89
102	3943	4	6.93
101	3084	5	6.98
6252	12	5	6.61
33965	12	4	24.25
512	301	3	14.49
303	109	7	7.77
145	226	5	10.84
998	589	4	31.14
103	20810	3	18.79
12	21997	3	9.02
289	10384	3	32.36
4577	148	5	39.76
1557	5062	3	36.97
8208	7846	3	50.54
110	3539	5	24.86
28901	101	3	16.33
4224	107	6	29.87
710	489	3	18.72
25047	12	4	16.81
7077	35	24	288.44
101	8617	3	7.11
979	1196	6	59.37
595	323	13	105.9
4647	110	26	252.16
2446	102	16	56.2
1349	105	4	6.99
743	334	9	70.98
255	18257	3	35.4
30097	14	4	17.19
377	103	9	7.79
11917	12	5	12.95
1797	22048	4	68.04
18246	14	5	15.74
106	4844	7	38.33
106	344	6	3.95
196	396	33	269.33
108	6357	9	63.43
1988	11085	5	79.02
1164	13388	3	41.89
149	27747	4	47.73
12	11504	4	8.48
914	103	9	18.78
2848	978	3	30.84
4390	1	3	18.76
112	537	15	57.94
58	128	12	4.87
233	2351	3	21.49
8226	565	6	78.49
435	1783	5	44.44
163	823	3	11.71
105	2016	3	5.77
3870	101	4	5.59
2844	14	23	52.68
31460	12	4	19.34
1046	1101	17	204.88
1491	212	4	26.22
5290	193	9	95.86
423	3776	3	27.92
10011	214	4	42.21
823	704	4	30.99
14152	14	4	7.83
103	1876	3	4.37
11515	38191	3	65.63
101	641	11	4.52
1022	810	11	115.22
12468	8	5	42.02
10933	2101	3	44.16
1918	696	11	127.04
10866	101	8	40.85
1141	1517	3	27.7
149	8209	4	35.38
117	4263	3	15.57
30994	14	3	10.08
3110	113	8	50.02
118	669	4	9.67
238	2946	22	264.73
12	17753	3	7.32
3213	265	3	24.07
11933	5308	3	50.22
301	137	3	5.31
870	766	3	22.32
1987	1396	11	143.16
9341	186	3	28.01
20985	14	3	6.62
1574	21	11	60.74
1199	157	36	347.37
149	957	9	53.88
149	2806	7	53.78
782	101	11	6.69
675	13151	5	69.97
269	281	3	10.53
12	7362	4	4.87
13618	14	10	44.61
728	190	3	12.69
103	740	18	54.14
12	3307	7	5.99
216	1067	10	77.54
102	208	78	145.02
39772	102	3	19.63
5468	496	3	30.99
361	11842	4	48.74
129	485	9	38.3
11609	17343	4	81.48
3957	144	3	19.5
363	15813	3	36.92
208	9913	6	68.61
9566	1535	3	41.36
3808	12	20	61.88
745	102	11	8.74
113	4056	5	28.95
2989	106	6	25.02
32567	14	4	17.19
1776	9615	3	42.26
102	10990	5	21.43
2058	322	3	22.73
6814	14	21	94.37
5784	12	5	6.02
323	372	3	13.2
105	1289	4	6.63
2091	33019	4	73.94
20354	14	6	24.36
539	1048	4	30.75
2480	103	4	9.72
109	3207	3	10.46
162	1000	9	57.65
463	102	12	4.63
26334	117	5	55.8
25725	14	6	33.09
51329	17650	3	73.22
112	5439	5	31.11
112	1976	4	14.9
7555	7553	13	269.27
1252	101	8	6.2
10868	12350	3	55.62
297	1360	3	19.92
45716	184	3	44.2
102	11420	4	15.13
7	22307	4	31.65
670	782	4	30.24
138	24455	5	62.7
1805	11322	5	77.97
1326	11524	8	131.53
5614	12	7	12.11
377	13490	3	35.87
4993	12	6	7.45
164	8537	5	48.67
1380	127	3	11.99
16	2399	3	11.72
2221	244	8	73.43
17182	544	5	72.97
6004	103	4	16.47
8053	14	20	102.41
101	5819	3	4.83
57	43501	3	34.6
1614	16419	3	45.33
1025	766	10	102.17
127	5457	3	20.14
101	1596	7	6.48
2	3054	19	115.53
7952	102	3	7.52
4879	12	5	4.57
104	250	20	32.25
127	3197	9	71.2
4953	105	3	10.69
2281	111	6	28.49
622	840	3	20.96
524	1166	5	41.41
2112	14	62	264.94
119	5463	3	18.38
2023	758	3	27.4
3141	104	4	12.41
421	17	3	4.39
1739	2709	4	47.69
19786	36936	3	69.59
1448	307	10	92.61
1146	107	5	10.48
30143	12	3	11.65
1882	127	3	13.84
2303	30531	4	74.7
13674	21	3	22.3
101	2848	4	3.9
523	148	74	687.19
12604	492	3	36.63
142	24901	6	82.23
1986	21	5	22.09
7200	155	18	229.27
102	17080	4	18.88
17	748	3	6.97
473	551	3	17.25
228	6342	5	51.09
105	110	93	79.97
5428	12	8	15.36
32234	14	5	27.58
6115	111	4	23.55
321	17330	3	36.89
294	710	8	58.63
4420	103	4	14.01
7869	58	5	35.05
1268	14917	3	43.15
135	102	231	562.88
433	429	5	30.91
365	1150	4	28.83
108	1432	3	5.65
105	2825	3	7.58
27054	12	3	10.16
10345	9	6	49.65
53891	14	3	16.55
2932	1375	3	33.07
12	26487	3	10.16
5996	1118	5	65.7
6481	14	24	118.54
5910	753	3	33.8
3120	106	3	8.69
297	157	3	6.45
51634	14	3	16.55
167	2444	3	18.32
1670	101	10	15.53
3172	655	4	41.34
7016	14	22	107.84
106	20753	3	20.77
713	4513	3	31.89
12	10170	3	4.03
102	8867	4	13.12
562	2661	8	89.18
2047	8706	3	42.44
32753	14	4	17.19
2445	5686	5	73.26
101	13736	3	9.88
1463	23027	3	47.32
2663	106	3	7.84
9455	12	4	6.56
1183	1548	6	64.83
7987	101	3	6.54
343	381	3	13.78
129	8093	3	22.71
102	48325	3	24.09
801	570	3	20.26
945	147	11	69.21
138	3009	12	105.41
18549	353	3	37.54
135	130	7	6.74
136	508	4	12.2
138	788	4	15.36
37780	14	3	12.18
231	989	8	58.85
32687	12	3	11.65
22613	14	6	27.48
1105	352	10	89.53
26267	12	3	10.16
17790	101	4	18.49
3944	14	7	5.12
881	104	10	24.68
9409	102	3	8.42
11093	111	6	49.42
105	121	31	13.73
1988	9803	4	59.89
1352	17834	3	45.01
318	386	4	20.13
181	9009	6	64.23
17346	16	5	47.79
953	141	6	30.09
4516	13264	3	50.36
164	642	5	22.51
2332	7	4	11.18
44865	12	3	18.18
950	2310	4	41.49
132	6143	4	31.03
35587	117	4	48.96
16282	14	8	34.38
35	47431	3	36.04
532	3247	4	39.93
37114	14	4	22.06
11942	106	7	53.72
165	23709	3	33.17
328	480	15	121.35
2372	101	7	10.87
648	1367	3	24.16
534	52705	3	51.1
6671	12	5	7.27
5995	154	8	78.79
2960	6655	3	42.94
57	355	17	56.14
192	267	16	92.2
3319	551	3	28.48
49841	14	3	16.55
8860	102	10	54.36
35988	14	3	12.18
13762	282	6	78.61
1974	12086	4	61.59
1802	369	3	22.8
115	344	10	28.52
31130	12	3	11.65
32907	12	3	11.65
222	28143	3	39.05
103	999	12	32.99
5734	33326	3	60.89
102	444	17	12.59
36321	14	3	12.18
5229	7	4	17.39
12	7782	4	5.17
1188	8809	3	38.98
2345	102	6	9.43
148	4179	4	29.06
12	21087	4	13.55
1380	105	4	7.1
41830	17506	3	73.22
658	1141	9	89
2626	163	3	18.45
2915	107	3	8.71
361	285	6	32.91
109	9432	3	17.01
5662	255	3	27.37
5187	14	27	118.42
13351	499	3	37.21
103	1641	22	109.76
12	786	61	132.04
697	2404	5	51.77
2832	102	16	61.11
7587	8289	5	89.94
1749	917	7	76.18
1751	175	3	17.01
961	519	4	29.82
349	290	4	18.74
4502	16	4	22.92
36491	14	3	12.18
181	23904	3	34.39
1408	277	3	19.46
636	6257	3	33.3
49320	14	3	16.55
730	772	4	30.85
1841	109	13	69.79
12956	159	9	111.46
1568	806	4	37.07
149	3480	3	19.17
19234	17836	3	62.63
834	836	18	202.14
2813	1235	10	133.04
110	517	22	92.76
192	473	13	83.8
6361	12	6	9.84
380	1126	12	113.94
252	13115	3	32.68
112	522	16	62.89
9	144	11	7.38
809	111	9	31.67
650	2338	10	116.67
11462	1414	4	58.91
1996	131	16	132.38
12	9566	6	15.38
12	12264	3	5.13
497	105	28	99.42
102	14683	3	11.49
105	2097	3	6.03
106	4581	3	10.85
2487	3720	6	85.01
4898	22622	3	54.64
201	23659	4	50.41
2367	116	4	18.55
830	425	3	18.9
399	111	8	17.44
101	8538	6	22.14
1207	9675	4	55.73
23966	101	3	13.59
4142	562	3	29.91
5063	101	3	4.04
102	16427	3	12.13
329	491	3	14.64
33332	131	3	35.61
5854	102	4	9.77
142	1549	21	181.79
1693	16587	3	45.57
15769	676	6	91.41
778	447	3	18.83
21745	12	3	9.02
404	1318	7	62.14
463	130	3	6.5
102	12105	4	15.74
560	698	30	337.21
5061	184	6	56.76
649	5705	3	32.73
565	33512	4	68.58
2779	626	4	39.99
587	8786	3	35.12
1399	4787	5	65.75
7055	109	8	57.88
444	2236	9	95.79
13501	13501	3	57.68
12	17786	7	33.09
191	15592	3	31.45
275	902	3	16.78
165	13524	4	41.71
8064	141	4	34.34
1841	404	4	33.66
16421	3568	3	50.15
101	2308	10	21.29
599	530	6	44.91
36677	14	3	12.18
6035	101	3	5.01
13428	12	3	5.58
17135	42767	3	72.46
102	8149	4	12.29
31135	7360	4	84.34
101	4589	6	14.52
3297	9818	6	102.02
694	4073	4	43.68
51744	223	3	45.83
7917	12	6	12.73
7205	8612	11	224.19
12	996	27	29.24
186	248	3	6.96
33939	35	4	48.05
49429	14	3	16.55
102	22908	3	14.68
142	24664	5	63.12
12410	186	3	30.18
27825	16	5	54.73
1132	6130	4	50.7
182	409	3	9.7
118	371	5	9.64
23772	14	4	12.9
58	46925	3	34.8
107	12272	4	26.27
1510	12	13	8.33
9159	562	6	79.88
11	188	5	31.06
30270	14	3	10.08
577	530	5	35.29
38638	21	3	31.26
102	2539	4	4.2
13	183	6	16.73
102	172	428	2030.9
3055	11375	4	64.53
102	2866	5	8.02
102	897	9	6.65
8	15907	3	23.4
7571	12	7	16.39
102	4351	3	4.25
20429	106	3	20.77
126	23343	3	30.11
936	817	8	77.37
455	1965	5	45.87
898	36703	3	49.46
250	137	10	34.83
1678	543	4	34.7
146	3253	3	18.37
7742	14	21	107.83
2624	1805	4	47.69
3428	196	3	22.22
2533	1231	3	31.42
549	1534	3	23.79
4202	12	6	5.92
353	2547	4	35.19
102	4838	5	12.54
1402	14	84	323.79
101	8252	3	6.82
12	4497	17	53.98
102	5302	3	5.24
1916	102	11	25.07
12	6359	4	3.87
2937	12	7	4.92
125	6585	3	21.11
11413	14	13	60.19
248	230	7	31.51
45119	14	3	16.55
869	2081	5	52.23
3973	103	7	30.71
119	6478	9	80.52
12	21710	3	9.02
20607	14	6	24.36
17	504	3	5.04
240	240	3	8.76
2826	141	4	25.61
12505	101	4	14.98
12	2232	11	10.7
793	101	15	15.59
123	3313	3	16.49
6288	3056	6	94.53
189	17	8	12.14
101	129	56	4.4
18723	14	8	37.98
11594	6192	10	205.83
545	120	3	5.97
6104	136	17	193.65
14542	12	4	10.52
103	15496	3	16.53
883	102	16	25.05
12	8957	5	9.79
162	833	3	11.75
1755	3464	7	95.4
131	163	44	212.33
5453	161	3	22.88
32031	327	3	41.71
377	690	3	17.33
12522	14	7	21.45
5304	336	3	28.81
2579	4376	4	54.76
1725	635	3	25.4
1482	233	6	45.79
10824	17322	3	58.21
12	8726	4	6.17
3435	4009	4	56.48
6430	911	3	35.44
10926	38780	4	93.2
977	232	17	151.67
1188	421	11	105.87
102	12754	3	10.41
473	1981	3	24.67
373	756	3	17.84
5579	180	8	82.45
702	200	8	50.38
13204	14	6	16.07
797	410	3	18.6
128	2332	10	75.22
7	1176	73	549.11
17254	12	3	7.32
11402	255	3	31.85
54190	14	3	16.55
22103	14	3	7.51
678	206	5	27.12
174	1135	4	21.32
1385	101	8	7.41
3561	264	5	46.45
20351	14	7	32.71
101	4817	3	3.91
358	36343	3	44.55
101	365	57	121.27
39936	14	3	12.18
104	1912	5	13.14
12	233	70	35.67
125	2312	6	38.16
12	2474	9	7.24
102	3266	6	12.67
3493	3358	13	215.43
1259	127	3	11.44
17	230	5	6.43
14459	12	7	28.41
33600	102	3	19.63
4820	105	3	10.52
4209	1422	4	49.66
12	2675	8	5.98
4101	19445	3	52.63
12	1392	13	7.07
102	142	47	10.44
2229	2989	3	36.18
102	6831	10	47.21
101	5977	4	8.72
28573	1580	3	50.64
143	1476	3	13.63
4511	12	9	16.27
640	11278	7	101.13
12092	102	3	9.95
15393	12	3	6.09
15665	537	4	54.74
102	4385	3	4.25
479	479	20	188.22
2525	12	11	12.65
101	2106	5	4.36
696	250	4	21.89
386	5563	8	96.82
1038	247	7	51.16
709	1488	3	24.99
31840	14	5	27.58
886	9	3	5.62
289	7591	4	42.89
2608	149	12	104.49
17074	12	3	6.66
258	218	6	24.75
107	1384	3	4.81
14125	451	4	51.76
2930	1315	3	32.78
647	4028	3	30.6
386	12176	3	35
678	648	8	69.35
16406	570	4	55.24
6331	4964	3	45.55
842	392	3	18.64
461	1	6	20.28
299	17064	3	35.82
7249	1454	3	39.02
16836	12	4	11.38
984	3291	4	44.67
1016	102	15	25.1
890	294	3	17.32
101	26628	3	14.79
5453	461	4	43.35
5363	287	6	64.58
9588	12	7	20.39
6354	651	3	33.4
1183	2262	5	56.14
903	45727	3	54
2308	7930	4	59.26
6939	7709	5	87.87
42805	35	3	36.04
332	16	7	14.13
12	12385	3	5.13
232	132	9	27.53
172	280	3	7.07
114	238	6	6.66
27263	14	6	33.09
35422	102	3	19.63
103	8911	3	12.97
9314	14	15	66.91
5790	102	6	19.46
6816	12	5	7.27
205	910	3	14.74
605	1847	4	36.45
2001	6285	3	40.03
8760	184	3	27.64
37735	14	4	22.06
132	3303	4	26.01
222	15	7	49.69
15779	9111	3	56.24
149	10782	7	76.19
35891	14	4	22.06
16633	14	6	20.16
168	133	5	5.84
2056	1004	4	40.95
5127	101	3	4.19
12579	12	4	9.09
3301	102	11	36.62
12	12412	5	13.78
232	12	53	11.85
2708	12927	3	46.61
43950	42934	3	84.68
51388	1571	3	57.32
910	336	3	18.16
48121	14	3	16.55
131	422	8	31.04
105	636	5	4.93
107	264	17	31.62
3770	157	24	276.28
13068	12	3	5.13
23507	14738	3	62.23
9800	14	16	80.78
441	12	55	57.68
26726	14	4	14.69
373	3341	16	200.09
12	48103	3	18.18
133	389	5	15.04
2	31163	3	22.65
105	435	7	6.85
102	29673	3	17.44
5269	102	10	41.37
1483	103	8	21.95
2923	325	4	35.6
2510	101	7	11.38
3532	14	8	6.11
229	580	3	13.36
4260	101	4	6.21
268	109	76	396.02
778	3040	5	55.27
709	124	5	18.23
23217	14	6	27.48
1043	4747	3	34.12
12	6618	4	4.34
102	7425	3	7.01
4573	102	3	4.51
125	629	4	12.36
2770	2367	8	113.24
104	1233	5	9.14
581	1879	3	25.44
16222	101	4	17.44
339	149	41	296.43
185	34391	3	39.71
2995	8435	4	61.77
117	1019	3	7.41
30078	14	5	27.58
662	126	12	63.54
12	272	122	195.89
19223	13412	4	84.23
102	3245	4	5.67
13075	106	3	17.37
5936	263	20	278.51
30565	14	3	10.08
119	16978	4	37.22
101	2069	7	9.35
102	950	35	110.28
101	3674	5	8.47
762	186	7	41.86
867	177	19	153.11
356	242	4	17.13
351	3902	5	50.76
1840	34662	3	53.87
213	537	3	12.29
49237	14	3	16.55
3455	325	6	60.43
11448	175	4	40.73
969	106	20	86.51
12	33882	3	13.78
102	6804	3	6.55
516	126	17	94.01
2	4331	13	77.92
8619	307	3	31.59
123	591	5	16.27
12	3405	7	6.19
2801	14	57	290.99
3348	1084	6	73.41
11788	12	3	4.72
135	884	3	10.31
16981	14	9	43.27
101	10728	9	47.31
1850	128	3	13.74
27052	14	5	22.3
258	1126	4	25.69
105	194	24	35.31
903	8955	3	37.43
1494	149	6	36.47
1522	925	6	61.74
109	3510	8	45.37
107	470	6	6.65
7478	103	3	12.06
5430	14	26	116.68
398	216	3	11
2607	2	6	19.74
558	12	52	66.56
123	15433	4	37.83
778	113	4	9.01
5545	3182	7	111.23
315	11103	15	241.6
5264	11145	3	49.75
2	11231	3	14.52
1173	12078	3	40.84
102	15193	4	17.96
3233	4023	6	89.4
1045	12	15	5.52
374	156	4	12.17
921	267	4	24.62
222	836	11	83.2
102	32540	3	17.44
110	292	18	51.36
163	234	8	28.02
5944	102	4	9.77
164	3070	3	19.47
6738	452	3	31.93
102	32227	4	27.16
108	259	10	12.18
640	104	5	4.52
37537	14	4	22.06
1014	1348	4	37.59
536	249	5	27.23
2421	120	3	14.04
1126	378	3	19.96
622	32165	3	45.26
201	1167	3	15.84
1127	254	5	34.23
1994	1874	4	45.81
1100	105	6	12.26
31681	12	4	19.34
35	35337	4	48.05
103	251	13	9.88
12	6120	5	6.31
163	27965	3	35.84
178	334	5	18.58
621	186	3	11.84
211	236	6	23.15
4905	102	3	4.78
313	17574	7	103.04
3109	3388	4	54.21
8006	109	14	127.87
1292	115	4	13.62
25709	112	4	39.06
103	4242	4	13.61
3702	2830	7	103.51
103	2657	6	19.84
12	4706	5	4.36
823	153	9	53.01
103	3378	4	11.89
101	103	498	209.88
188	530	6	30.01
4450	192	4	33.78
5052	362	3	28.84
7552	12	13	49.92
1244	10069	4	56.02
5020	1191	3	35.27
2153	102	6	8.63
19068	12	4	13.55
4392	14	31	132.46
11997	12	5	12.95
23606	316	3	38.72
8924	102	7	31.65
1607	104	3	4.34
104	1437	4	6.88
5498	184	15	178.25
26188	35	6	72.08
261	12174	3	32.49
12	6380	7	14.02
900	128	4	14.99
263	134	6	15.81
234	546	11	76.33
2852	3833	4	54.69
6986	17881	4	76.61
1817	2281	3	33.22
2751	104	3	7.04
1722	14	75	312.74
735	3113	5	54.85
2898	300	3	24.59
20905	14	6	24.36
3542	647	4	42.09
48644	1060	3	54.84
110	230	12	19.99
31788	14	4	17.19
323	58	5	5.41
23754	12	3	9.02
1546	253	3	19.35
12037	362	3	34.58
18941	14	8	37.98
234	777	6	38.3
648	1382	4	34.61
1124	367	8	68.68
3498	3076	4	54.4
18429	12	3	7.32
369	635	24	236.9
34662	12431	3	66.13
24272	12	3	10.16
23154	303	4	54.61
1368	1125	4	38.49
4531	109	3	12.56
7416	14	12	35.79
1183	107	3	3.95
2207	2207	4	48.14
106	895	4	5.09
2234	12	21	44.26
107	3000	3	8.81
24487	12	4	16.81
222	17206	4	48.69
12	12903	3	5.13
9056	12	8	24.75
111	1623	4	13.14
2	10196	4	21.32
12	771	22	10.84
930	8066	3	36.94
219	227	14	77.13
25839	178	3	35.43
11027	14	9	30.24
511	102	18	17.63
273	710	13	105.37
182	187	10	37.5
16445	12	8	38.68
11454	116	5	42.94
688	7573	4	49.19
2532	106	13	70.75
25946	14	3	8.62
240	2420	3	21.82
1202	2	4	4.81
12166	101	5	20.44
861	833	13	137.4
21513	3133	5	94.33
321	28922	4	59.47
12	2153	9	5.74
32359	14	5	27.58
1091	145	4	18.03
102	4575	6	16.52
101	1785	14	31.62
45797	687	3	52.5
15291	16307	3	59.57
27482	12	4	16.81
1353	17	6	28.09
9604	12	4	6.98
200	31325	4	54.84
101	18962	3	11.78
241	538	3	13.19
1718	19447	3	47.33
12	21072	3	8.09
4101	12	8	11.29
1380	116	4	14.29
14315	240	3	32.95
6585	6318	4	65.62
1613	10093	4	58.22
12	3553	8	9.2
8870	12	4	6.17
52918	14	3	16.55
8	346	8	17.43
2720	111	34	309.16
7997	1331	3	39.15
231	766	8	55.27
12	13145	4	9.09
102	13952	11	81.5
4198	104	6	27.04
39348	14	4	22.06
285	7901	6	70.28
5650	106	9	57.5
105	341	8	6.98
2141	997	10	122.78
5204	974	6	77.69
1340	848	15	177.73
908	10083	3	38.19
105	718	5	5.65
567	222	4	19.38
380	840	6	45.15
58	1552	16	95.61
1315	102	10	14.55
102	10023	3	8.76
368	2048	4	33.82
463	143	16	91.59
7746	102	5	17.19
2958	386	3	26.17
495	269	3	13.45
101	11261	3	8.49
233	607	7	43.68
42258	12	3	18.18
809	101	11	7.02
14558	12	5	15.74
8261	14	9	23.56
6212	103	4	16.77
1424	247	8	65.94
13716	107	3	18.26
129	810	18	117.98
1325	8593	5	72.14
8233	102	6	24.26
30787	117	4	43.96
45604	14	3	16.55
1904	14	50	162
3198	126	7	51.31
109	165	15	13.79
4348	115	22	214.73
1808	11001	4	60.3
25275	14	5	22.3
3626	5159	5	76.09
652	451	16	150.3
2886	105	4	12.36
9570	21686	7	162.68
383	405	3	14.71
10700	102	5	20.68
126	1640	14	103.82
122	1	25	64.44
101	1331	9	9.33
143	8096	4	34.45
3096	19201	7	138.04
2944	106	4	13.35
3370	2485	3	37.48
177	16	58	257.46
14277	407	9	135.94
843	31209	5	89.41
1294	1911	3	30.1
116	515	3	4.25
212	21	9	13.5
40861	14	3	12.18
102	2881	6	11.5
1651	341	5	41.6
994	1128	5	47.02
101	7698	4	10.56
10423	14	12	48.72
6201	105	3	12.07
3517	326	3	26.02
3180	18564	4	69.87
29089	12	3	11.65
12	6913	4	4.6
413	556	3	16.61
1369	101	7	5.14
452	140	4	11.82
32186	14	4	17.19
119	449	18	87.97
5252	12	9	18.81
749	604	6	49
1803	1939	16	230.02
364	102	30	39.68
109	10015	5	34.69
456	135	3	7.1
1098	154	6	33.59
40175	14	4	22.06
114	48184	3	35.79
1360	101	10	12.32
848	1598	7	74.05
102	5491	16	86.11
694	7262	5	63.55
12	2722	17	34.66
2908	1647	3	34.17
8	13429	4	32.2
102	2862	28	145.66
47903	14	3	16.55
10211	19316	4	81.52
123	839	6	25.14
359	442	23	207.49
554	104	10	17.4
12	17464	3	7.32
182	1348	5	31.83
13285	12	7	26.62
102	19627	3	13.69
9997	13500	3	55.34
47956	14	3	16.55
157	2637	3	18.14
103	2171	5	13.04
4784	8	4	22.73
101	1310	7	4.7
12	1426	11	4.12
3639	107	8	41.96
1088	287	14	128.63
12596	2575	7	123.36
1057	1500	15	187.15
2968	8	3	12.46
102	4004	7	19.65
12	2765	8	6.52
247	199	3	7.44
40773	295	3	43.49
104	1123	7	15.61
12	1032	27	30.52
101	660	26	42.8
1329	4463	3	35.39
35736	14	3	12.18
118	7098	16	167.55
362	2516	3	24.75
30930	128	3	33.1
1061	12	27	31.58
34550	12	3	13.78
8448	101	3	6.82
2079	103	3	4.89
16947	14	7	26.79
516	3170	4	39.53
731	394	4	26.14
121	3877	6	42.13
12	2388	15	23.63
104	3847	3	8.83
2	3971	6	24.5
102	1586	10	17.57
198	4680	5	45.63
467	7358	3	32.63
1637	12	23	38.35
138	2767	3	17.16
3063	150	3	18.34
21892	3336	3	52.3
23874	14	6	27.48
2893	11432	3	46.05
2652	14	41	147.52
3838	269	3	25.35
11185	52287	3	69.66
8594	107	3	15.26
15526	474	3	37.63
1432	1416	3	28.84
168	1572	6	39.95
138	285	5	12.72
38902	14	4	22.06
113	251	90	559.4
373	16659	3	37.1
616	652	5	37.79
44228	14617	3	71.79
916	128	3	9.68
404	439	4	22.72
4620	1612	14	221.06
22395	106	4	32.21
4614	297	9	103.07
4230	6680	3	45.02
149	28495	3	34.79
368	3114	3	26.08
12	12260	3	5.13
1611	12	11	5.79
9046	2910	4	62.57
107	3286	3	9.34
5397	101	3	4.49
1148	109	15	69.35
12722	4348	3	49.48
410	672	7	52.94
18438	14	9	49.64
391	13555	3	36.1
28	54678	3	45.77
3162	2	3	7.04
1120	12	17	9.76
6453	106	7	42.97
295	6173	3	28.94
112	4706	3	14.55
4492	14	23	77.85
8	1267	5	17.43
58	882	21	112.63
3174	101	7	14.26
1102	7106	3	36.99
839	153	3	11.3
700	352	3	17.05
101	202	39	19.55
2014	4276	6	84.14
926	109	3	3.97
12563	12	4	9.09
1582	14101	3	43.88
12	7156	4	4.6
6130	14	27	140.43
37646	14	3	12.18
22991	14	5	19.46
10753	180	4	41.21
5411	9	3	15.82
654	425	3	17.65
7514	118	6	48.54
1958	106	3	6.24
118	6533	3	18.62
454	417	17	148.06
117	2210	3	11.85
17724	148	6	71.36
338	22275	4	55.4
25801	115	6	73.08
3793	2954	4	54.64
12	726	32	28.83
183	1633	3	17.21
102	3766	4	6.62
10833	12	5	12.2
12	6201	5	6.61
991	809	8	78.05
157	342	3	7.15
103	300	19	31.68
26742	14	6	33.09
9816	14	9	27.18
334	169	3	7.67
272	105	34	97.03
16448	440	3	37.88
2159	299	4	32.65
1097	5672	4	49.84
8648	8	6	47.53
146	3211	5	35.66
143	1969	6	39.09
102	18478	5	27.94
491	312	3	14.39
1034	1738	6	64.69
23512	14	6	27.48
27137	14	5	22.3
12	1882	14	15.07
34339	12	3	13.78
217	12	59	13.43
15125	101	3	10.44
101	7453	3	6.04
5266	4534	4	61.14
38226	14	4	22.06
216	8933	3	29.07
43930	12	3	18.18
430	103	7	4.76
1102	2598	4	43.41
5431	635	5	59.54
161	1564	3	15.36
57	391	6	9.76
5300	883	3	33.93
735	406	13	116.97
129	262	28	149.01
108	308	6	4.66
50215	14	3	16.55
12	29042	4	19.34
2296	14	31	77.95
4252	476	5	54.13
528	313	5	29.65
1074	114	3	6.86
29975	14	5	27.58
431	573	4	25.01
3356	33347	3	57.48
549	44613	3	51.28
112	1047	3	6.06
19161	12	7	36.5
202	323	4	14.46
661	15464	4	55.33
532	126	3	6.86
9347	184	9	107.7
1418	369	4	30.8
5300	7440	3	46.95
105	118	37	14.26
131	112	35	71.92
110	1692	7	29.36
609	1139	3	22.53
107	2190	3	7.21
1848	144	4	22.35
2408	362	6	57.55
370	986	5	37.11
2986	102	5	8.31
11459	180	6	68.79
7	1508	6	16.31
258	2552	3	22.56
17482	2607	3	49
3120	492	5	51.18
1219	6140	27	497.95
854	3273	3	30.72
41523	44564	3	84.68
6333	104	3	11.68
236	109	77	380.17
121	8845	3	22
429	104	6	4.02
1386	182	4	23.87
12	11424	4	7.94
40190	917	3	49.56
531	5525	3	31.35
3333	102	8	21.51
128	2741	7	49.6
163	616	7	35.35
923	3683	10	132.55
128	5904	4	29.9
29442	14	4	17.19
854	147	24	185.18
737	194	3	13.1
105	2221	3	6.37
34828	12	3	13.78
7	119	30	10.96
23039	14	7	38.61
58	1658	3	8.39
467	5833	10	130.95
40821	750	3	48.56
650	1982	4	37.51
141	1283	16	122.38
5822	102	5	14.37
33321	24344	3	71.86
16978	21	4	34.24
19748	32156	3	67.36
105	831	5	6.67
908	10192	4	54.07
5267	2486	3	40.27
223	3847	4	34.34
16806	14	9	43.27
6480	111	6	41.59
918	104	12	34.47
1540	4378	9	129.99
33854	12	4	24.25
935	1395	3	26.13
8188	12	5	9.3
455	388	10	75.35
416	4251	3	28.57
188	153	52	330.75
277	4021	4	36.79
515	1341	3	22.67
896	3703	6	72.41
431	16408	3	37.8
3479	1495	3	34.6
895	1722	4	38.65
5773	2	3	10.45
102	4152	5	11.06
12	2833	8	6.71
101	728	22	33.34
12	868	42	67.32
2467	1029	3	30.11
965	103	16	51.84
35	5641	7	51.61
206	126	5	7.67
11812	105	5	32.88
3077	502	4	39.05
1340	14259	3	42.93
275	1674	4	29.59
756	1040	17	192.99
13107	106	6	44.74
2492	746	3	28.52
8791	102	3	8.1
101	3598	4	5.16
102	2411	32	163.1
102	298	33	38.99
103	430	31	96.9
104	662	8	13.16
122	272	4	6.31
12265	180	4	42.55
1235	12	13	5.22
103	3134	9	39.93
102	2738	4	4.67
630	118	3	5.56
1434	3505	7	92.84
149	1052	17	126.93
16	634	4	8.21
213	350	3	10.26
12355	12	5	13.78
658	2598	3	27.98
674	8968	5	65.39
7	9934	6	39.82
3356	5583	25	503.28
1345	38283	4	75.26
3542	1914	3	36.14
1822	2421	3	33.63
17103	117	9	103.68
1624	103	5	10.32
1575	48860	3	57.32
29373	14	5	27.58
110	40392	3	29.49
27541	14	3	8.62
102	13608	3	10.93
112	3978	6	35.49
118	32666	4	44.5
262	3772	7	70.92
1288	2223	11	144.32
4894	101	3	3.91
114	645	5	11.93
3564	467	4	39.73
172	4675	3	22.84
105	246	21	37.26
6933	12	5	7.62
27362	14	4	14.69
110	976	5	12.57
223	1060	7	49.54
50911	14	3	16.55
2898	155	7	56.09
26855	102	4	24.56
34114	14259	3	66.68
11167	109	3	18.2
1634	248	3	19.66
1619	16418	4	63.31
12	15829	4	11.38
282	13673	4	48.21
34013	12	3	13.78
4860	22011	4	76.16
5093	1324	4	50.82
500	174	8	41.86
136	5268	3	20.92
368	312	17	132.58
169	6497	3	24.47
3843	117	28	285.34
112	104	289	844.85
3265	898	4	43.78
408	3242	4	38.22
2136	2	5	12.99
12655	111	3	20.79
27020	14	6	33.09
688	4584	4	44.71
17465	101	3	11.78
4809	200	3	24.44
116	57	27	18.82
15326	102	3	11.49
1204	147	4	18.94
185	149	174	1530.43
103	2860	4	10.78
3190	101	7	14.26
13426	5386	4	71.48
102	572	16	15.62
102	2169	10	23.53
334	323	4	19
12	18705	3	7.32
43620	35110	3	80.18
581	106	15	43.15
101	20467	4	19.72
302	943	4	26.01
115	1116	3	7.69
13497	12	4	9.76
7103	136	4	32.77
23922	14	7	38.61
12	658	45	58.58
2259	16	4	17.43
4101	17391	7	138.7
101	6884	4	9.58
5690	1632	4	53.29
17967	14	9	49.64
251	3527	4	34.73
103	1584	23	115.06
31713	12	3	11.65
23815	14	3	7.51
242	1442	4	27.28
7519	502	19	304.96
13434	398	3	36.18
489	58	6	11.84
31446	14	5	27.58
102	37822	3	19.63
5153	12	13	36.53
252	22285	3	37.16
11745	14	12	54.97
1867	102	18	57.54
150	134	67	369.33
12	34314	3	13.78
211	203	4	10.91
420	459	4	23.27
12	1329	12	4.87
103	155	21	9.38
28644	12	3	11.65
123	129	21	48.29
1142	901	5	46.24
35	19983	8	96.11
2905	12	18	41.87
39835	14	3	12.18
148	165	11	29.08
375	8554	7	89.28
1097	1531	3	27.52
1233	6566	3	37.22
872	101	9	4.31
274	143	4	8.54
660	1344	3	24.06
719	58	3	4.24
11963	14	12	54.97
104	1831	3	4.98
21062	14	5	17.39
726	3661	10	128.11
121	1801	3	12.31
4635	185	7	67.75
13429	9	4	31.94
4633	12	12	29.28
8248	374	6	74.24
106	25994	3	23.02
101	1011	8	4.03
4094	4790	3	42.59
1331	102	7	6.56
12	3116	13	23.25
4865	26504	3	55.88
182	302	3	8.16
149	1953	7	48.69
8582	1663	3	41.16
12272	5266	3	50.72
380	102	25	27.69
102	26728	3	15.89
108	5485	3	13.08
767	372	3	17.89
2328	186	3	19.44
6083	111	4	23.55
102	11821	3	9.95
2308	7296	7	111.52
32926	101	3	16.33
400	14	90	118.84
4801	3563	3	41.76
22135	14	4	12.9
11257	14	10	36.72
173	1021	4	20.53
103	12122	3	14.92
12	11263	4	7.94
18122	136	5	55.59
196	304	5	19.33
134	618	131	1427.43
10224	12	3	4.03
444	150	4	12.3
292	4439	4	38.23
22530	14	5	19.46
192	16	7	6.65
1631	3074	9	124.36
7	3478	3	8.96
21437	19056	3	64.53
169	959	3	12.91
3267	115	30	294.88
58	785	55	398.69
101	11536	4	14.32
1798	7326	4	56.35
593	2017	4	36.99
149	41944	3	41.52
402	1072	3	20.01
7694	407	6	73.8
1905	101	8	11.32
984	676	10	98.94
536	157	32	248.65
612	1000	9	85.64
1149	120	5	20.87
1185	8	3	7.16
15795	12	4	11.38
110	2794	5	22.6
7763	101	3	6.29
107	3445	7	34.13
15760	565	3	39.21
275	2425	5	43.07
5859	2396	3	40.62
12	20322	4	13.55
12	2878	9	9.34
35	36647	4	48.05
599	704	3	19.83
12	885	20	10.31
3249	106	11	61.58
102	53678	3	24.09
12048	14	8	25.79
545	564	3	18.04
383	1226	6	49.62
24471	12	4	16.81
22649	114	3	26.25
208	190	3	5.9
1766	29184	4	72.43
143	137	6	6.33
20889	14	4	11.5
14427	12	6	21.71
3047	1275	6	74.41
115	243	12	29.75
1706	14	83	375.95
243	129	22	102.62
103	4577	5	20.02
577	704	9	79.01
12	5506	5	5.49
103	3089	11	53.07
102	984	8	5.63
279	8	11	25.71
103	2312	3	5.41
122	233	4	5.24
1876	30410	3	51.71
12	8137	5	8.84
351	1292	11	104.66
9284	161	5	49.66
459	784	4	27.68
1478	132	4	19.54
6045	106	5	26.15
585	1911	3	25.6
17527	24980	6	149.58
1031	2	4	3.93
108	2304	3	8.21
19600	14	8	44.13
288	117	109	803.69
24038	320	3	40.02
6027	3516	3	43.17
103	26602	3	21.03
15930	109	3	20.95
170	258	5	14.86
468	776	3	19.09
498	2357	3	25.88
6052	12	9	21.27
1008	1433	3	26.7
5672	111	5	31.08
913	428	6	47.24
6210	1014	7	96.71
429	1	9	36.27
19963	14	6	24.36
1100	758	3	23.55
4965	146	3	20.98
7936	101	4	10.93
57	2477	6	29.18
201	36534	4	59.97
163	410	12	65.12
106	1919	12	56.24
507	1432	7	65.67
3125	331	4	36.31
346	1125	3	19.46
108	1350	8	28.62
4346	103	3	8.7
559	2776	4	39.07
114	171	10	10.57
198	482	9	52.5
1221	101	15	25.41
138	2533	9	70.16
436	2329	5	47.35
12	10820	4	7.94
257	1186	6	44.06
105	2242	3	6.37
226	218	4	12.37
195	102	248	977.81
107	893	4	5.46
12	27761	3	10.16
343	1057	3	19.09
15594	11991	3	57.24
688	147	5	20.84
8160	3983	3	46.01
6558	598	6	75.54
1092	12	14	4.71
200	42558	3	44.88
3457	132	5	35.23
123	411	3	5.39
3314	206	3	22.51
214	111	7	6.3
31467	223	3	39.1
102	4996	3	4.93
713	10823	7	102.38
8617	101	4	11.74
119	5419	14	134.74
2879	10112	5	81.36
422	212	11	68.85
16508	14	9	43.27
47988	14	3	16.55
106	8922	5	30.43
27036	14	3	8.62
6108	4694	3	44.96
11207	104	3	15.35
11109	1388	4	58.13
1057	287	12	105.73
216	7450	4	39.61
2559	148	3	17.21
12	5095	5	5.01
37002	14	3	12.18
121	2085	4	19.85
600	277	8	54.79
826	4142	10	133.12
186	169	8	24.02
102	1702	39	183.68
1751	496	8	80.26
12	6518	4	4.1
35	23056	7	84.1
9941	14	11	39.38
3643	102	6	13.78
23358	14	7	38.61
37371	14	4	22.06
3647	14	36	148.87
101	23983	3	13.59
280	20904	3	36.94
305	5764	3	28.87
166	1620	3	15.77
19244	216	3	35.05
7	2544	3	7.21
706	2351	4	39.46
29828	14	3	10.08
379	313	19	153.69
608	4591	4	43.87
231	672	4	20.98
35	48758	3	36.04
25851	106	6	62.61
129	21209	3	29.31
8968	14	14	55.98
2606	102	29	146.05
12	11043	4	7.94
976	118	4	12.2
595	5182	3	31.66
174	925	3	13.21
405	262	3	12.41
49857	14	3	16.55
2578	14	26	61.03
2512	178	7	57.31
1116	109	18	88.96
285	1965	3	21.78
253	430	6	32.82
924	2738	3	30.18
57	290	6	7.02
48424	14	3	16.55
106	3854	5	21.44
36603	14	4	22.06
17983	14	9	49.64
1614	3603	9	127.29
616	847	3	20.94
5095	3997	4	59.81
527	236	3	12.92
2684	14	17	26.33
129	419	15	75.21
106	1116	4	6.31
701	182	4	18.64
3870	217	3	23.78
7351	111	3	17.09
108	2366	3	8.37
345	159	49	390.37
5966	101	3	5.01
13116	12	4	9.09
1258	6507	3	37.4
550	664	4	27.63
10552	166	3	27.32
3975	29113	3	56.19
19580	115	4	37.65
511	315	4	21.73
1433	573	4	33.96
2	3585	3	7.7
12	673	27	15.51
102	3618	5	9.83
101	2503	5	5.45
3856	2472	4	53.37
102	1137	24	65.14
50762	14	3	16.55
689	121	3	7.13
3724	9	4	20.41
6345	12	23	117.16
2466	2	4	9.67
1357	3921	5	63.38
118	1447	3	9.74
1954	103	3	4.59
10360	12	7	21.39
42176	7	3	30.88
49697	184	3	44.2
101	1691	9	12.57
666	447	5	35
479	130	21	124.77
755	22176	3	43.53
3454	2472	3	37.52
103	115	266	789.44
8	24891	3	27.28
1837	139	4	21.96
12	18688	4	12.38
24071	1384	4	67.89
949	103	5	5.93
2998	14	14	19.74
2812	5238	3	41.05
198	7306	6	63.15
8292	14	6	10.49
216	8561	9	109.46
294	3554	8	84.79
776	106	23	96.97
1792	105	5	13.04
7837	12	4	5.48
36917	14	4	22.06
1386	369	3	21.26
10141	5254	3	49.32
472	123	5	14.42
24001	102	4	22.67
1279	4222	4	48.81
6232	146	5	42.85
1690	133	4	20.71
12	14523	4	10.52
135	303	6	17.74
19193	12	6	27.57
8	1025	6	20.46
3069	10696	3	45.95
1251	12	13	5.42
102	12040	6	29.36
6085	134	5	41.57
1106	114	4	11.39
2278	5189	6	88.27
49788	14	3	16.55
1006	547	5	40.47
137	272	4	8.12
828	13563	3	40.03
1638	111	7	30.71
17046	448	4	53.53
5282	101	4	7.75
985	158	4	18.79
405	847	3	18.8
9801	101	3	7.75
1215	1830	4	41.53
1155	1017	6	59.15
952	2137	6	66.5
1488	110	4	11.48
12877	101	3	9.37
6127	128	3	20.82
6597	101	5	13.76
1345	2281	3	31.41
261	217	14	81.49
12125	107	5	34.62
1131	5601	4	50.05
2601	141	15	135.29
12	11924	3	4.72
209	15538	3	32.46
3452	26045	3	53.79
291	58	18	55.71
105	340	9	9.3
25382	14	6	33.09
1116	6277	8	114.51
2759	109	6	27.45
1730	107	3	5.87
6879	101	3	5.6
4619	161	7	63.45
28478	12	3	11.65
12	10503	3	4.03
220	8965	4	41.43
2057	1433	3	31.12
417	9554	4	47.95
2723	12	10	10.98
293	203	3	8.9
23495	131	5	58.48
534	1780	4	35.09
1461	163	3	14.95
3230	3048	3	38.46
10554	14	6	13.23
119	232	29	131.14
118	992	7	28.94
719	13	4	18.85
1145	18402	3	43.81
12832	14	13	71.7
48729	35	3	36.04
2377	114	3	11.37
388	733	5	34.88
12	2340	11	11.39
15878	12	3	6.66
126	705	20	128.9
188	387	13	78.59
246	906	3	16.03
103	1815	5	11.31
3760	12	8	10.03
12	6267	5	6.61
1374	1418	5	52.99
206	415	6	29.66
717	14	159	604.45
2677	40158	3	56.06
1036	107	4	6.29
211	102	30	14.31
35	529	3	3.87
11108	14	15	82.74
7225	5252	5	84.2
17022	141	9	116.72
156	23852	3	32.68
20105	14	8	44.13
103	2635	4	10.06
219	1793	8	67.17
35	19966	7	78.07
37763	111	3	30.28
104	898	5	6.68
698	1994	4	37.98
12	7948	8	21.87
479	102	25	35.44
103	4383	4	13.81
3550	12	21	64.18
25869	14	4	14.69
35	35423	4	48.05
5202	301	8	91.83
1143	521	3	21.6
5359	12	23	102.29
1605	1623	4	42.88
554	556	3	18.04
923	7928	5	67.16
108	1238	6	17.06
20559	14	8	44.13
106	2226	13	67.55
1872	14	50	158.9
23398	159	3	32.93
8	3023	7	41.35
1827	110	3	8.22
12	14766	3	6.09
113	914	3	5.98
10	9	5	16.71
262	7398	3	29.24
141	7942	3	23.87
530	835	4	29.03
2475	703	4	39.78
330	281	4	17.92
34770	101	4	30.64
3269	591	6	66.31
5137	12	13	36.53
12	26061	4	16.81
7	152	58	128.92
1118	154	13	93.75
134	134	37	149.99
1002	9406	3	38.36
11729	14	11	46.52
410	766	4	26.86
375	7	10	13.93
1016	7265	3	36.81
30941	14	4	17.19
431	5104	3	29.92
2375	12	10	9.14
142	317	11	47.14
262	148	34	211.29
1319	107	4	8
747	233	3	14.83
234	928	3	15.93
137	1153	5	24.53
21078	14	4	11.5
57	311	6	7.61
258	143	3	4.64
13203	101	3	9.37
3951	1769	3	36.28
2100	154	10	80.45
10240	12	7	21.39
176	398	5	19.98
40143	14	3	12.18
1382	2053	5	56.93
1383	1394	9	106.41
104	443	6	4.19
2	2420	5	14
277	102	18	5.3
7854	370	3	32.05
697	3522	11	141.4
3131	814	3	30.25
1025	9	3	6.28
28904	104	3	23.5
12	8250	4	5.81
12	5770	5	6.02
12	1523	16	15.04
101	1155	9	7.2
113	13950	3	22.2
102	52702	3	24.09
40358	14	4	22.06
102	2453	10	25.64
3457	12	9	11.77
694	19642	3	41.97
819	2357	18	241.6
35030	133	3	36
2891	57	3	11.33
1165	120	3	9.68
1201	8	4	11.73
899	102	27	68.84
102	5680	5	14.03
12	934	28	29.17
1623	1920	3	31.46
101	818	12	9.14
12715	14	9	34.12
101	505	18	12.85
248	3064	3	23.4
19749	14	3	6.62
4911	1101	6	78.57
126	947	4	15.13
6763	107	4	20.45
15568	12	4	10.52
351	405	3	14.27
8374	106	5	29.85
2559	112	4	16.99
180	592	4	17.33
209	490	3	11.65
19777	102	3	13.69
361	3043	15	181.54
267	41104	3	47.2
876	471	17	172.3
1594	20877	3	46.85
40595	14	4	22.06
1380	120	3	10.78
6376	7767	3	48.56
123	258	19	81.45
126	1889	3	13.72
3664	12	27	103.18
11503	4710	3	49.48
3516	113	3	13.44
32423	14	3	10.08
46439	14	3	16.55
565	31708	3	44.7
101	5826	3	4.83
19979	14	6	24.36
793	1803	32	453.41
11480	101	4	14.32
46779	117	3	36.72
19269	10204	6	130.87
102	21208	3	13.69
10975	102	3	9.52
1050	45258	3	54.8
7159	9	22	245.81
7981	376	3	32.13
102	1301	22	63.1
12	577	24	7.5
12	2162	9	5.89
32197	14	5	27.58
58	13453	3	21.36
10157	12	3	4.03
2135	103	4	8.73
102	2061	7	11.26
101	878	12	10.12
2	1271	9	24.31
20073	14	6	24.36
1477	21485	7	133.09
102	3778	9	28.56
35	21036	8	96.11
156	5945	4	33.09
1025	1200	3	25.64
5560	24577	4	79.12
17	741	4	11.18
587	973	3	21.51
34508	33628	3	75.68
146	5186	4	30.63
31920	14	4	17.19
2333	3808	3	37.78
7414	178	4	37.1
22283	101	3	13.59
216	15767	7	94.3
14296	14	6	17.24
4420	12	5	3.98
173	173	71	515.12
174	559	4	16.3
9031	180	4	39.54
3944	128	4	26.59
112	5644	17	157.47
1612	107	4	9.41
102	11871	6	29.36
6501	101	3	5.39
12	9031	5	10.32
1464	18466	3	45.42
4431	12	6	6.39
1016	602	3	21.82
20841	14	7	32.71
2101	107	3	6.93
1720	178	7	51.93
431	2971	5	49.7
13506	14	5	12.2
2600	650	3	27.93
5374	1077	3	35.24
233	208	3	7.62
20754	14	6	24.36
313	14549	3	35.33
1670	978	3	27.51
678	928	5	41.77
7999	14	16	65.86
170	365	4	13
3976	2723	4	54.33
1074	101	9	6.42
948	1883	29	417.53
28382	12	4	19.34
4923	12	10	21.8
109	412	5	5.17
108	288	16	34.93
12940	687	3	38.46
5633	105	3	11.43
24117	1077	3	46.63
8512	131	3	23.24
116	1138	3	7.93
46776	14	3	16.55
102	5470	3	5.4
12	4234	7	8.6
20399	14	6	24.36
26697	12	3	10.16
1433	101	7	5.44
415	482	9	67.64
102	3984	5	10.63
103	3868	5	18.27
102	3208	4	5.55
101	423	15	5.25
17095	12	6	23.3
4909	114	19	180.17
13105	14	4	7.19
1925	1548	5	57.39
870	1200	5	46.42
147	205	4	6.34
102	18188	3	12.86
270	420	3	12.75
243	258	4	14.48
277	17790	3	35.93
32532	14	5	27.58
6795	107	8	53.28
4271	251	3	25.39
1650	268	57	764.29
9125	21186	6	129.12
12	5908	6	9.08
480	906	7	58.68
1620	6716	5	71
103	2191	8	28.24
101	1322	8	6.86
149	5078	4	31.04
582	117	83	683.45
19894	14	7	32.71
720	3261	3	29.83
17	3309	3	15.16
754	107	5	7.43
469	125	3	6.32
1798	21211	3	47.59
13575	14	7	22.96
2782	12	9	8.88
653	13633	3	38.76
7350	690	8	110.52
192	810	8	51.32
1720	613	3	25.19
7176	101	4	10.22
24260	12324	3	62.31
12	15451	3	6.09
170	129	8	14.02
101	13469	6	29.58
114	51377	3	35.79
111	730	3	4.26
499	152	4	13.28
1463	6216	5	69.01
6802	101	3	5.6
1120	21	5	16.31
4464	111	4	21
18882	324	4	52.14
9745	4711	3	48.18
829	990	4	33.53
2303	105	3	6.51
13171	101	3	9.37
24237	12	3	10.16
505	5519	4	43.87
3537	353	15	185.78
6097	406	3	30.71
648	835	5	40.48
102	15612	4	17.96
114	2413	10	62.52
2307	109	6	25.45
743	245	4	22.25
32861	14	5	27.58
220	15001	3	32.84
8814	105	7	46.56
2546	14	38	123.3
5457	564	3	31.7
12045	12	3	4.72
455	14362	4	52.67
8	16792	10	118.61
2813	3479	3	38.52
909	3664	32	525.16
103	10435	4	21.26
9	149	38	103.53
1698	386	3	22.77
1913	8383	5	75.26
798	17554	3	41.89
7421	109	3	15.46
170	103	17	6.38
8672	16	5	38.3
2506	224	13	132.94
110	23955	3	24.45
262	4176	3	25.6
6594	103	3	11.05
4791	127	4	28.25
2201	102	23	94.17
192	847	8	51.96
1020	248	3	16.76
105	2346	3	6.58
1247	783	4	35.09
3742	101	4	5.44
57	1536	7	29.4
106	609	7	11.29
8107	104	3	13.21
113	242	46	218.98
2720	102	10	27.43
330	118	7	16.12
593	334	10	77.03
5063	102	10	40
17887	14	6	22.03
984	19104	8	145.59
1006	968	14	158.28
140	5513	7	62.59
977	3536	3	32
1729	109	5	16.54
135	371	8	30.81
5854	101	3	4.83
295	731	3	16.27
2577	696	3	28.25
13032	210	3	31.34
443	128	4	10.26
2300	3021	3	36.34
1033	109	3	4.45
12	19763	3	8.09
352	113	5	7.28
248	788	6	39.06
758	321	3	16.92
221	542	3	12.51
2558	4904	5	72.06
2	3270	3	7.15
10632	3369	8	143.96
730	312	5	32.55
104	1160	5	8.5
4846	101	3	3.91
13904	406	3	36.27
16883	14	8	34.38
6643	1373	5	69.35
4956	53926	3	64.38
175	1591	5	32.58
1164	458	4	30.5
47350	14	3	16.55
850	295	6	42.49
53815	12	3	18.18
11	183	3	15.51
37403	14	4	22.06
3247	107	5	20.34
146	2005	3	15.56
820	212	11	81.69
8989	190	4	39.51
11068	12	3	4.36
102	2540	20	81.35
3547	102	4	6.19
7155	778	3	35.15
26891	14	5	22.3
36970	14	4	22.06
102	4358	3	4.25
8560	7562	3	50.24
417	342	6	36.61
3158	3734	12	196.55
101	3728	4	5.44
101	2015	5	3.93
184	104	34	61.67
2	138	56	83.55
102	896	15	22.41
5531	102	3	5.4
48020	14	3	16.55
115	141	37	106.75
14612	24209	3	63.47
9058	101	3	7.42
14206	1561	10	180.92
20094	141	3	30.49
106	158	14	5.46
129	1362	8	47.62
1491	1283	3	28.46
986	665	4	31.9
473	728	3	18.75
694	13532	3	39.06
842	2851	3	30.02
171	35	1132	13973.5
25587	12	4	16.81
840	7344	3	35.78
1453	2680	3	32.71
1931	109	3	7.75
1389	249	8	65.79
560	128	3	7.23
973	139	10	60.54
559	2235	3	26.24
14742	14	10	48.59
107	20212	3	21.13
137	164	11	26.94
113	516	13	48.25
11370	917	5	71.06
108	1638	5	15.19
2484	761	3	28.66
2387	102	4	3.86
134	1926	10	73.96
2432	9150	3	43.78
708	3392	3	29.97
10528	734	4	52.51
11042	303	4	46.78
496	1513	3	23.15
4375	39996	3	59.03
102	8891	9	46.36
2336	107	5	17.28
313	14566	3	35.33
12	13580	3	5.58
233	172	30	191.58
15365	30615	3	65.06
26065	106	3	23.02
202	298	5	19.66
181	31031	3	37.22
19225	12	3	8.09
445	8352	5	61.12
562	223	3	12.79
1519	667	4	35.45
2006	35984	4	78.54
1451	147	3	13.66
192	262	12	61.63
257	182	28	186.71
57	2327	4	15.77
192	6957	4	37.71
160	5450	3	22.84
10723	287	6	74.28
16483	127	4	39.6
338	1393	3	20.73
7335	177	7	73.74
115	345	7	15.53
938	1809	8	90.41
12	1921	11	8.16
102	4563	6	16.52
479	306	7	45.02
1979	458	4	35.03
12	6174	4	3.87
4877	162	7	64.32
12	1180	27	35.95
1330	1307	4	39.61
3105	120	4	22.98
364	3510	4	38.01
1523	13624	3	43.65
103	39892	3	24.82
2221	268	3	22.16
523	113	4	6.5
326	26701	3	40.12
10177	1	3	24.41
12	4468	6	6.39
992	1505	27	370.92
126	545	3	6.97
35811	14	4	22.06
12	3012	7	5.08
3858	14	22	63.23
188	588	3	11.59
102	3444	4	6.06
30555	22717	4	96.04
34441	12	3	13.78
27311	14	5	22.3
10046	16	5	39.59
902	104	4	4.05
10392	12	4	7.44
1281	101	15	26.96
341	7954	6	72.51
47039	102	3	24.09
3919	703	5	56.85
6609	14	17	61.41
112	307	6	8.16
1285	2	5	8.41
4257	106	5	22.42
13121	14	10	41.51
3114	114	5	26.59
2477	103	6	19.13
913	1086	3	24.38
892	17097	4	58.47
2415	182	9	78.98
1364	36676	4	75.39
26713	12	3	10.16
10758	26635	3	61.35
9627	113	3	19.88
294	3466	3	25.43
285	18116	3	36.23
236	756	4	22.18
469	443	3	16.07
376	135	3	6.26
6326	102	7	26.05
289	1484	4	29.23
109	2376	7	32.26
610	211	4	19.4
676	127	6	24.03
10581	2112	3	43.8
1462	659	4	35.02
1937	101	11	21.77
7	2186	3	6.53
11396	101	4	13.72
12	10368	3	4.03
496	906	3	20.08
1157	58	6	20.25
2181	496	4	36.28
112	1446	4	12.54
2341	2341	4	49.04
2337	1915	5	61.58
3811	105	5	20.11
329	338	5	26.28
742	110	5	10.41
198	901	13	100.2
114	485	7	17.65
2342	331	3	23.78
4783	44785	3	64.2
180	165	9	27.41
149	3423	6	46.7
1984	14	80	409.67
968	101	11	9.37
28273	12	4	19.34
865	18648	3	42.28
103	1418	5	9.16
45856	117	3	36.72
12	498	43	35.7
12	4686	9	16.74
101	6797	3	5.6
449	2494	3	25.78
391	17779	3	38.13
12	6400	4	4.1
104	1449	4	6.94
13591	14	12	66.19
19475	9	5	48.4
142	41890	3	41.11
2629	664	3	28.1
1016	16131	3	42.4
2560	53761	3	60.36
269	846	3	16.31
1232	3115	6	74.1
48625	5556	3	64.96
273	1306	3	18.96
5145	1809	5	69.1
46061	14	3	16.55
12	7821	5	8.84
1334	761	15	174.88
102	2368	4	3.86
11304	101	4	13.72
103	2508	3	5.77
101	1514	9	10.94
1496	4661	4	50.98
278	148	7	22.7
101	3964	5	9.05
695	120	5	16.53
12	5438	6	8.38
52838	14	3	16.55
959	2262	4	41.42
3515	742	4	43.09
31064	14	3	10.08
1772	4868	4	52.56
16900	12	3	6.66
165	6159	4	34.04
639	1399	11	118.09
106	384	8	9.67
102	12194	3	9.95
18972	101	6	34.63
1250	8	3	7.55
232	21	23	77.38
34319	16	3	31.58
808	2296	6	65.55
617	102	134	721.24
3680	12	8	9.75
6020	12	5	6.31
58	5562	3	15.26
103	11765	3	14.92
133	377	3	6.1
105	415	8	8.94
19568	14	7	32.71
256	117	208	1784.83
226	200	16	88.27
2901	1101	4	44.49
7021	14	12	34.49
3160	12	7	5.61
285	4655	3	27.05
231	1125	3	16.83
12	13808	3	5.58
44113	3840	3	62.77
1319	1097	4	37.95
10106	2100	3	43.32
7554	101	3	6.29
615	4241	3	30.62
297	6259	5	54.16
9986	105	3	14.94
1546	766	5	48.11
102	11032	3	9.52
798	21804	3	43.79
113	7340	12	110.85
591	102	11	5.81
103	10349	3	14.06
12	11464	3	4.72
132	38091	3	35.96
1484	403	5	42.01
169	2992	4	28.63
9	13	55	233.39
10075	174	3	27.71
51941	14	3	16.55
6423	14	25	129.55
108	838	4	5.97
392	3156	3	26.57
422	2408	3	25.29
12	23042	3	9.02
2799	1416	3	32.91
132	14075	4	38.68
1050	9682	4	54.54
7459	471	6	75.28
31464	38543	4	105.6
356	222	5	22.44
39086	14	3	12.18
2166	104	3	5.88
12	1709	16	17.87
12	1397	16	13.04
252	431	3	12.34
865	134	3	10.17
957	116	5	16.44
123	4799	3	18.79
1560	102	12	24.73
313	6952	9	113.03
587	6047	3	32.63
582	195	3	11.96
907	155	3	11.83
102	36442	3	19.63
146	382	3	6.74
3663	17459	6	113.96
11104	459	3	35.35
4150	12992	4	68.34
1096	2550	4	43.23
14792	12	3	6.09
216	1443	16	150.68
388	155	3	7.77
15508	106	6	47.51
2040	526	4	36.07
101	4627	5	10.65
282	6448	4	41.17
107	26299	3	23.38
926	431	3	19.51
414	58	4	4.48
577	1219	3	22.72
13490	14	3	4.23
219	740	5	28.55
12	22334	3	9.02
1035	928	3	24.28
1165	2656	3	31.28
719	2155	4	38.94
8615	12	9	29.26
209	359	3	10.16
1674	14	77	319.92
3240	463	7	76.6
9503	305	3	31.93
3273	8	3	12.9
8372	14	13	46.72
102	5131	3	5.08
101	1241	9	8.33
280	406	7	41.68
32258	35	5	60.07
20104	114	5	49.08
102	2621	4	4.38
12	1730	12	8.54
102	51197	3	24.09
4245	235	5	47.09
383	689	6	43.12
4773	23965	4	76.16
10039	58	3	19.04
516	953	3	20.56
3245	116	3	13.97
1955	147	4	22.95
673	14065	3	38.85
2376	14	50	194.67
18208	14	8	37.98
119	350	10	33.39
2439	107	4	12.45
11930	105	3	16.2
102	1528	64	366.3
124	323	5	11.69
157	1602	3	15.24
10190	101	4	13.17
1482	12940	5	77.74
1130	10643	5	72.17
12	6645	4	4.34
103	1965	10	37.24
4882	157	4	31.52
218	172	4	9.25
12	2695	34	123.5
1302	109	4	9.55
2320	107	3	7.43
391	567	5	32.65
9913	101	4	12.66
1444	1357	9	106.73
2403	102	5	6.61
3526	763	6	70.21
852	1040	3	23.77
337	186	6	25.42
119	709	13	65.39
24724	5234	3	56.45
919	369	3	18.73
988	955	3	24.17
26031	3639	6	125.14
30999	136	4	49.35
7484	4928	3	46.86
2126	164	3	17.37
174	2504	4	27.84
4196	101	9	27.64
232	144	4	7.37
138	1103	8	46.3
1967	463	3	24.47
101	8807	3	7.11
106	345	7	6.02
473	6620	3	32.18
10774	795	3	38.31
733	886	3	22.12
23243	117	7	85.69
6126	150	3	22.5
10376	12	5	11.52
473	1411	6	53.71
14775	101	3	10.44
12	14146	5	14.7
168	113	10	10.07
29587	14	3	10.08
27327	14	4	14.69
402	414	3	15.05
526	2179	3	25.75
8355	101	6	22.14
7	5586	3	11.69
1047	447	3	20.38
3570	9	3	13.31
109	130	16	6.87
108	508	5	5.65
110	788	6	14.95
799	12	96	308.27
108	2233	7	30.2
29812	14	4	17.19
7616	12	5	8.41
12	2901	7	4.92
121	1386	5	23.01
36193	14	4	22.06
23653	21	4	38.13
103	1727	5	10.84
101	924	19	30.88
5560	101	3	4.49
2708	5030	6	89.93
452	624	7	53.24
868	4146	6	73.44
388	629	4	25.08
964	128	3	9.93
1880	119	3	12.06
103	3367	4	11.89
1815	113	3	9.68
124	561	10	45.72
2	2002	12	49.88
390	402	3	14.8
143	2151	3	15.95
1835	111	3	8.94
5978	2768	7	111
3430	116	5	29.05
421	158	3	8.19
485	3231	3	27.71
1034	5623	3	35.23
654	2108	5	50
3067	14	8	4.66
102	3062	34	200.73
12	50147	3	18.18
102	701	18	25.64
2704	102	10	27.43
33633	12	4	24.25
1530	1113	11	131.29
990	106	4	5.64
3482	125	4	25.44
356	834	5	35.14
115	609	11	43.86
6618	153	5	45.09
13974	244	5	61.23
7099	103	4	17.75
5782	3909	5	78.45
6901	12	4	4.6
109	366	5	4.44
4052	102	4	7.09
1939	3160	3	35.6
17890	2	3	17.98
109	7061	3	15.19
376	119	10	34.53
113	1916	7	34.91
299	2560	14	156.78
3749	107	3	10.05
102	12774	3	10.41
39343	35	4	48.05
4193	17	3	16.48
35645	14	4	22.06
1038	850	3	23.77
677	4435	4	44.32
6051	102	5	14.72
15486	14	5	13.21
16524	14	3	5.25
173	16529	3	31.3
35656	14	3	12.18
7	1188	4	6.3
2096	368	3	23.75
133	917	3	10.3
7448	1712	3	40.04
196	12	74	21.89
6000	4684	3	44.96
9388	7745	5	91.17
4008	163	3	21.02
1008	2358	10	124.65
5543	14	18	58.82
1041	287	9	73.7
1582	1627	4	42.72
3591	107	3	9.8
198	884	5	28.63
11099	12	4	7.94
173	2831	7	58.63
19458	21355	3	64.53
2419	23710	3	50.44
16410	14	4	9.39
4224	403	3	28.44
808	209	3	14.25
3023	546	3	27.95
26333	239	3	38.11
3563	102	5	9.64
34109	12	3	13.78
3326	224	6	54.8
3490	10886	12	236.44
13333	12	3	5.58
162	470	3	8.9
1219	183	11	85.26
107	792	8	18.68
102	31660	4	27.16
4343	101	4	6.38
6571	109	4	22
2515	101	10	22.91
986	417	6	47.94
25858	12	3	10.16
300	210	4	14.5
694	14706	5	72.47
431	2610	3	25.82
12035	244	12	174.71
977	350	4	27.41
192	652	8	48.34
7922	12	5	8.84
4857	102	4	8.38
610	561	12	108.49
3493	9081	4	64
4314	2483	6	87.15
191	5003	5	45.54
2002	12	10	6.77
3059	107	3	8.91
36611	107	3	27.18
358	8286	6	73.71
1185	655	3	23.13
133	1168	20	153.51
109	2672	3	9.47
140	2467	3	16.54
140	242	3	4.18
169	658	3	11
557	146	9	44.07
5544	101	3	4.49
18069	14	5	15.74
811	1409	3	25.4
102	13792	3	10.93
4320	107	3	10.88
2245	14	62	277.98
540	2996	3	27.78
377	275	4	18.62
21410	12	5	22.13
49026	14	3	16.55
106	2246	22	140.12
11092	186	4	41.57
672	409	3	17.58
18406	14	9	49.64
1787	4381	6	82.93
2513	746	6	65.71
7	5141	6	30.79
296	275	5	23.27
48881	14	3	16.55
8294	2924	3	44.26
370	397	3	14.46
1902	199	3	18.78
101	798	45	135.5
7978	1162	3	38.13
125	764	8	38.08
664	277	3	15.18
12	2779	9	8.88
6591	12	6	10.26
4675	403	3	29.1
390	264	3	12.29
786	124	3	8.64
139	29410	5	68.23
146	792	3	10.24
5233	4643	4	61.37
19295	12414	3	60.05
7575	106	3	13.99
101	4729	4	6.93
3420	3028	3	38.82
510	12	40	30.24
47807	14	3	16.55
101	517	18	13.45
101	2254	10	21.04
117	23184	3	27.18
101	5417	6	16.59
102	4297	7	20.32
3066	101	5	6.98
35597	14	3	12.18
102	1082	12	16.76
696	109	5	8.64
2	339	8	4.78
120	229	4	4.5
460	130	5	15.34
456	1643	7	66.53
119	3800	13	110.7
209	3852	13	143.26
19546	795	3	42.73
242	816	4	22.82
148	366	3	6.74
102	18026	5	27.94
6885	12	5	7.27
1740	106	4	9.49
2733	101	10	24.4
15939	13	10	147.08
550	1544	4	34.14
6079	14	24	109.94
490	287	25	223.02
3457	21	5	27.52
230	14046	3	32.69
27461	14	3	8.62
1375	207	5	33.98
2429	58	10	59.27
11403	45726	3	69.66
49207	14	3	16.55
313	11594	10	144.13
434	925	5	37.68
38103	102	4	32.13
19257	12	4	13.55
112	1558	4	13.07
1193	267	6	44.74
33269	12	4	24.25
1492	1014	6	62.46
106	4286	31	281.04
8303	604	3	34.94
3503	148	3	19.05
291	103	10	6.69
57	1187	3	6.35
1338	105	4	6.88
129	1564	3	12.79
5204	2988	3	41.18
646	126	4	12.56
2368	107	4	12.23
879	5451	3	34.1
1900	375	8	78.26
2447	14	40	132.17
2757	5168	3	40.65
1096	32381	5	91.78
1856	105	3	5.37
2412	374	3	24.67
259	991	3	16.95
1598	25774	4	69.05
6634	4920	10	183.33
3897	7	5	20.77
2265	1940	4	47.24
190	953	4	21.03
23660	14	3	7.51
57	4773	3	14.32
17730	14	4	10.35
134	7961	3	23.49
1879	105	10	40.45
109	2235	4	13.59
8479	8479	6	112.17
107	1247	4	7.58
3028	4237	3	40.08
38620	14	4	22.06
8	5579	3	16.22
35	32101	4	43.05
550	25238	3	42.96
101	5856	3	4.83
102	4734	3	4.64
12	3482	7	6.61
2185	17858	3	48.03
6560	111	3	16.32
16758	14	4	9.39
178	212	34	220.47
5866	271	5	52.11
870	979	6	55.69
14305	8059	3	53.96
582	778	26	292.65
19044	153	3	31.47
279	655	5	30.45
103	2790	3	6.35
3890	14	17	38.6
247	3647	4	34.83
103	941	39	195.98
1204	204	4	23.92
479	111	4	5.19
3433	16419	3	49.89
1976	172	4	25.79
6162	14	23	101.24
102	3639	5	9.83
4504	6954	6	101.24
2534	23704	4	70.86
2710	116	3	12.93
27105	14	5	22.3
101	216	41	27.75
9844	150	3	25.7
27917	436	3	43.35
351	188	17	108.71
340	104	18	36.5
40410	3638	4	83.24
5660	14	13	32.88
23608	14	6	27.48
128	10107	6	57.61
3758	49894	3	62.63
119	51033	3	37.99
149	1924	9	67.1
538	8500	8	109.58
304	105	30	86.07
284	109	55	258.22
37248	14	3	12.18
416	3594	3	27.57
252	6729	4	40.33
7155	117	20	223.3
22381	14	5	19.46
868	163	5	24.86
53854	42718	3	84.68
898	7305	3	36.16
155	526	4	14.19
33429	1235	3	51.36
7518	2	3	12.11
1055	37056	3	50.34
116	192	9	13.26
11172	14	6	14.08
11235	440	5	64.43
273	1224	4	26.99
242	276	3	9.66
7131	21	4	26.15
3583	1257	3	33.69
17779	131	9	120.35
760	2047	4	39.03
183	145	29	141.22
3548	175	23	268.12
1498	549	4	33.92
1090	654	4	32.47
5160	12565	3	50.53
5607	12440	4	70.99
101	2666	9	19.63
15814	12	4	11.38
12	6228	4	3.87
179	604	6	30.85
362	502	4	22.77
13627	1056	3	41.34
427	867	4	27.81
10905	127	3	24.8
40627	14	3	12.18
16	5735	4	24.96
145	679	10	54.67
117	657	3	5.39
11	3651	9	122.52
1988	5468	7	104.41
110	13921	6	51.38
12	4874	5	4.57
931	6198	3	35.33
125	280	3	3.94
157	1191	3	13.38
434	17	4	7.81
7683	21	18	193.75
3083	2159	23	386.82
1389	157	4	21.47
370	2786	5	47.75
744	6859	3	34.66
595	413	5	33.51
133	21954	4	44.44
6395	4908	13	247.53
1106	101	12	13.86
1666	107	4	9.62
39920	14	4	22.06
7967	14	4	3.84
5728	724	4	46.81
12	12790	3	5.13
346	3318	4	37.15
106	2491	3	7.5
161	1083	5	26.8
105	281	15	22.56
1626	14	99	512.84
12476	11596	6	123.97
8631	12	14	63.46
39557	14	4	22.06
11710	14	4	6.62
996	10727	4	54.76
945	4235	3	32.93
25489	14	6	33.09
993	12704	4	56.65
370	2619	3	25.08
4142	106	12	75.98
2688	375	12	136.68
111	101	137	14.08
684	4015	3	30.87
4705	6076	3	44.96
35	26523	5	54.66
12608	116	3	22.69
368	1107	8	68.54
1580	107	3	5.42
1052	17149	3	42.58
109	2196	15	91.01
2138	12	8	3.95
8598	375	3	32.76
7	2058	51	418.83
130	569	3	7.47
3383	2322	3	37.04
163	921	10	64.76
4412	105	3	10.05
46943	101	3	22.98
13963	14	6	17.24
11913	628	6	85.02
572	101	39	83.78
1046	379	10	89.81
3993	32709	3	56.33
919	1415	4	37.19
1308	224	6	43.48
110	189	54	205.72
105	1440	3	4.1
200	7293	4	38.61
12	9482	6	14.64
2637	12	41	167.22
101	16227	3	11.07
102	15361	4	17.96
15536	11756	8	178.1
262	393	18	137.92
12	2605	10	10.25
2832	4484	5	72.18
16785	12	3	6.66
25194	101	3	14.79
1138	725	3	23.42
3179	111	3	12.02
6046	452	3	31.21
736	11599	3	38.35
971	1433	7	74.21
939	110	3	4.72
12566	102	3	10.41
121	5998	5	38.01
51714	14	3	16.55
597	398	3	16.9
12	959	18	8.57
268	14891	3	34.33
14668	106	8	70.63
2	6724	3	11.33
103	7096	4	17.75
420	110	5	6.33
13073	14	10	41.51
509	1150	3	21.51
3038	123	9	68.65
103	401	58	247.58
102	2510	4	4.11
27729	106	3	23.02
10333	252	4	44.31
2316	193	3	19.74
10663	490	6	80.19
3853	1068	3	33.02
305	145	10	40.78
16	661	4	8.43
145	1506	4	20.63
3521	12	22	69.72
488	4041	5	53.8
394	181	3	9.4
207	7775	3	27.8
604	21	3	4.27
12	3966	7	7.79
712	14179	3	39.19
153	3261	3	19.19
448	14	306	1450.35
123	6339	3	20.41
3360	525	4	40.15
101	15987	7	41.53
25141	14	6	33.09
1549	3158	11	156.68
1996	286	12	122.09
47066	101	3	22.98
1485	110	9	39.87
46045	14	3	16.55
3530	106	3	9.35
1011	2137	9	108.65
1458	107	3	5.01
346	766	4	25.6
887	462	5	37.93
18344	12	4	12.38
258	6514	3	28.34
109	269	16	35.24
4857	130	3	19.53
129	52399	3	39.88
392	11546	6	80.14
322	143	11	47.44
3291	106	3	9.01
3732	13383	5	88.32
6331	101	3	5.19
21142	14	7	32.71
493	134	11	54.05
462	376	4	22.55
647	2408	3	27.54
141	3762	4	27.84
261	1109	12	104.14
111	2067	3	9.66
16039	2213	5	85.56
112	16729	3	22.83
19245	367	4	54.51
25644	14	4	14.69
19056	16	7	78.16
2097	395	3	24.18
296	1084	3	18.41
135	593	3	8.38
141	1317	4	19.54
1069	4880	3	34.44
1551	122	3	12.03
1391	705	6	57.72
14654	12	3	6.09
12	4032	7	8.05
132	31382	3	33.73
104	344	8	6.34
2	228	35	76.43
169	10456	8	92.61
101	7594	3	6.29
11856	175	13	181.76
2942	283	9	93.36
592	12843	8	120.79
11922	12	3	4.72
624	164	4	16.08
115	223	6	6.96
1010	43320	3	54.61
1354	105	4	6.99
1415	12	11	4.12
19282	12	5	20.02
7583	273	3	29.81
110	11295	3	19.05
396	183	7	33.75
299	28370	4	59.05
10523	114	3	20.41
688	204	3	13.21
15747	51514	3	72.46
4935	122	22	243.06
455	21262	5	75.49
103	2300	4	9.21
1299	12	31	55.34
7572	6248	3	48.31
126	1792	4	20.05
153	1748	12	96.06
101	1182	19	38.44
102	323	75	203.65
1528	111	8	36.02
135	8722	3	24.16
5174	14	12	25.68
3927	2053	4	52.13
101	3014	6	10.01
1881	4312	4	52.27
5420	120	3	18.88
12	23785	3	9.02
373	15628	4	51.34
389	652	10	81.87
18839	147	3	29.84
552	123	3	6.61
21453	34008	3	70.62
9884	3146	3	45.66
207	486	3	11.59
274	2336	3	22.52
118	817	8	32.4
23676	14	4	12.9
143	126	12	22.08
3045	428	5	49.86
30597	14	4	17.19
118	18260	3	25.69
12	164	180	175.03
15957	8	3	23.4
8311	526	4	48
58	1465	6	23.15
12	14675	3	6.09
50672	14	3	16.55
12	9128	5	10.32
1104	716	7	66.1
106	2135	3	6.76
8662	101	4	11.74
101	29888	3	16.33
260	1543	3	19.63
3195	782	3	30.19
22056	12	3	9.02
475	113	5	9.36
4466	120	3	17.63
3636	157	3	20.02
108	5200	3	12.7
1398	257	3	18.94
410	1170	4	29.8
4729	101	7	19.42
7829	2243	4	59.03
22602	14	6	27.48
164	1447	3	15.01
605	312	3	15.55
14146	1080	3	41.46
112	7968	3	17.89
27295	14	5	22.3
1898	4173	3	37.05
1221	114	3	7.58
113	121	434	2939.75
9055	8	5	38.1
330	246	4	16.61
467	2869	13	157.22
102	14836	4	17.96
6902	18843	3	55.13
3031	203	3	21.88
1305	106	4	7.49
102	31903	3	17.44
107	1566	3	5.37
106	1174	5	10.08
108	447	28	111.87
6657	10818	9	181.39
5753	1114	5	65.32
3385	14	43	197.61
2000	112	11	63.88
1081	913	3	24.34
748	466	10	87.41
1794	358	3	22.59
367	188	3	9.27
8162	358	3	32.15
500	435	8	59.04
12	4911	5	4.78
1141	1167	5	48.57
101	2445	6	8.09
6046	101	3	5.01
1647	4358	6	82.04
5150	398	3	29.58
1409	4548	3	35.85
6920	1664	3	39.65
4070	2988	4	55.37
453	158	3	8.48
102	1918	16	48.05
101	991	21	40.27
12	3096	11	16.34
101	2708	8	15.96
102	3887	6	14.52
12	6302	5	6.61
928	320	3	17.93
694	5260	6	74.3
15473	184	3	31.32
1026	1428	3	26.76
12	1349	14	8.46
102	561	11	5.1
7401	12	4	4.87
15370	14	6	18.59
1177	473	6	51.19
3007	154	4	27.39
163	41313	3	42.57
1499	12	13	8.18
2317	224	3	20.96
208	1302	5	33.45
971	2920	3	30.94
396	424	5	30.23
553	149	3	8.71
873	3532	30	478.68
4512	102	6	16.52
13252	4609	3	50.36
115	2246	3	11.75
275	1182	16	152.19
244	214	3	8.03
8224	34597	3	63.27
2621	3698	3	38.28
4061	245	5	46.94
24110	200	3	36.56
112	11048	3	20.07
10218	1227	3	40.37
661	11400	3	37.29
4589	1102	4	48.11
1482	1558	3	29.58
1254	347	27	306.84
102	12914	3	10.41
113	1258	7	29.01
8874	421	4	47.05
8970	2988	3	44.71
924	809	4	32.78
472	191	5	22.48
7	1263	4	6.82
37419	14	4	22.06
257	312	3	10.82
10098	14	11	39.38
27904	474	3	43.79
8712	9871	5	93.52
110	4395	3	13.08
35	45242	3	36.04
713	375	19	182.31
837	7181	14	220.08
4555	880	3	32.99
101	9906	3	7.75
8181	10887	4	73.19
102	14310	5	24.11
329	119	8	22.19
743	717	9	83.26
531	386	3	16.07
14433	101	3	10.44
580	13602	3	38.13
1661	530	7	68.53
225	133	4	6.3
612	3338	3	29.09
767	352	8	62.72
22916	14	4	12.9
3411	206	6	54.19
655	11050	11	174.55
37441	14	4	22.06
439	3439	9	103.72
5042	101	5	11.17
18313	134	3	29.23
608	147	5	19.84
21742	12	3	9.02
162	3147	3	19.46
253	121	17	64.7
29704	14	4	17.19
256	778	9	66.59
398	5172	9	110.48
1388	2342	3	31.77
746	14	140	498.26
30037	2353	5	99.85
650	1048	7	64.34
680	324	96	1245.39
376	338	6	35.39
106	5902	3	12.3
1081	429	3	20.34
6388	127	3	21.25
871	10329	4	53.72
57	495	7	15.3
290	3801	3	25.79
11824	184	4	42.19
10748	150	3	26.53
234	648	10	70.82
205	512	3	11.71
947	3291	5	57.79
26847	115	3	28.23
744	247	3	15.12
136	2381	4	23.84
9644	13268	6	122.33
112	1841	5	20.23
2246	4276	10	154.58
5067	1341	3	36.13
464	14	164	462.94
12	32285	3	11.65
608	9	3	4.02
3324	105	3	8.38
6703	178	4	36.37
16135	12	3	6.66
1010	19421	3	44.03
266	23971	4	53.38
106	1026	4	5.83
10288	12	4	7.44
1249	101	8	6.2
113	4845	3	15.34
37205	105	3	26.12
138	423	4	11.27
3486	103	3	7.54
3483	742	3	30.52
12	4611	5	4.17
186	346	4	14.05
248	189	4	11.38
1446	102	25	83.2
15294	1388	4	61.11
119	52937	3	37.99
341	11081	5	62.26
6343	2	3	10.87
2084	5670	7	105.65
146	299	3	5.59
4270	109	3	12.1
12	32954	4	19.34
2	17138	3	17.23
12	17632	5	18.34
779	25796	3	44.91
11148	268	10	138.4
648	10756	3	37.22
155	541	3	9.19
868	6841	3	35.4
15307	494	3	37.78
47902	114	3	35.79
1783	14	70	282.48
169	8332	3	26.15
102	6434	6	20.83
3610	1419	3	34.41
26186	184	3	35.88
7543	485	3	33.11
673	11299	4	52.42
102	36988	3	19.63
31510	14	3	10.08
45524	14	3	16.55
1052	16012	5	77.53
1504	1246	6	65.17
12	21195	4	13.55
424	413	3	15.3
39771	14	3	12.18
16607	974	3	42.22
211	165	4	8.14
416	1997	5	45.26
763	5194	11	153.28
207	40262	3	40.8
25163	14	5	22.3
283	7624	3	30.14
3642	858	3	31.37
2	832	8	14.04
102	584	12	7.48
173	557	16	108.9
113	110	274	1158.03
1125	1274	3	26.62
46901	14	3	16.55
330	227	3	10.37
681	6691	5	62.44
1044	2441	3	30.22
3630	12	6	4.53
4137	1861	4	51.66
1070	1072	4	35.91
40393	14	3	12.18
1016	327	6	45.31
108	7726	3	15.19
410	1125	6	49.23
16978	12	3	6.66
830	782	16	173.45
734	49302	3	52.87
107	192	12	8.35
132	102	96	86.96
330	54475	3	48.55
12	9145	5	10.32
11938	451	4	50.29
101	11130	4	13.72
7522	101	3	6.29
2632	57	3	10.76
58	3288	11	74.69
1520	23967	5	86.96
262	1749	3	20.41
14949	2672	3	47.66
102	8435	3	7.8
3712	12	18	50.3
1038	5140	3	34.66
137	1211	6	32.35
205	238	3	7.59
267	1316	4	27.56
2000	148	3	15.75
8	21149	4	36.37
6989	14	20	89.21
40611	14	3	12.18
24512	35	6	72.08
118	10075	14	157.47
3164	1494	11	155.83
2686	103	3	6.17
228	1446	4	26.85
292	1639	5	39.9
7	1865	3	5.65
675	171	5	23.44
570	374	15	130.28
4117	12	13	30.35
28439	34688	4	105.6
135	1114	3	11.5
15830	12	3	6.66
234	206	13	69.04
3977	221	3	24.03
8164	436	8	106.74
5674	161	3	23.08
51420	14	3	16.55
827	615	13	129.34
101	3578	6	11.86
2643	12	10	10.73
101	49342	3	22.98
102	5033	3	4.93
8054	102	4	12.29
2316	115	5	24.89
849	1935	4	39.21
12	18987	4	12.38
458	8	15	56.87
1478	21	5	19.11
142	28655	5	68.52
2565	339	3	24.48
2113	978	5	53.66
395	784	4	26.74
5471	1589	4	52.78
33493	102	3	19.63
2699	105	3	7.31
335	125	3	4.85
847	451	15	145.87
3128	104	3	7.7
543	659	4	27.46
382	129	3	5.62
18957	14	6	22.03
7951	14	14	51.4
113	15627	3	22.8
19285	34207	4	99.51
1090	1857	3	28.7
863	152	8	45.09
12	2556	8	5.48
2	1698	3	3.95
12	184	59	3.91
102	1435	13	26.57
321	10148	6	75.57
12229	14	11	46.52
276	2286	6	53.52
427	393	3	15.12
34803	43674	3	80.18
8957	109	4	24.71
28032	12	3	11.65
793	787	3	21.92
102	4172	9	30.29
101	748	12	8.18
10451	2755	7	120.31
9	9852	3	19.61
32908	1229	3	49.09
13904	107	3	18.26
102	5313	5	13.4
12085	14	10	38.93
1564	551	4	34.29
126	521	23	141.8
107	30665	4	37.23
274	998	3	17.32
1776	17485	5	84.59
18077	12	3	7.32
11106	101	3	8.49
587	5142	3	31.59
143	4761	3	20.56
101	142	52	8.23
102	3500	4	6.19
101	2633	8	15.51
3995	159	7	61.37
1143	362	9	79.48
37923	106	3	26.82
35	18412	9	108.13
10571	101	3	8.11
103	2675	6	19.84
514	2265	5	48.4
101	7392	5	15
102	6269	3	6.13
135	9724	3	24.88
4087	106	5	21.92
306	17	12	40.36
102	20131	4	21.18
42172	12	3	18.18
935	626	8	73.45
180	3197	7	61.24
13858	14	9	36.54
1164	1821	19	259.73
156	6606	4	34.03
12	7851	4	5.48
102	4817	10	39.35
187	1760	3	17.69
7914	14	21	115.83
102	365	16	7.64
913	10584	3	38.59
101	3266	5	7.44
5015	8034	3	47.16
32382	14	4	17.19
6693	16	10	86.7
13415	24248	3	62.86
113	3898	9	62.57
7264	58	3	17.11
12	13572	4	9.76
12	15798	5	16.94
173	1859	5	34.02
1731	2084	3	32.34
346	206	11	64.05
53347	14	3	16.55
223	160	5	12.43
377	2075	4	34.1
12	14349	4	9.76
648	1481	4	35.1
8853	8769	4	71.49
806	9	3	5.19
1826	58	4	14.11
744	160	5	23.58
103	15525	3	16.53
111	1379	4	11.94
1238	10917	3	40.85
5667	273	3	27.83
17376	12	6	25.21
7	768	29	131.52
391	8443	3	32.69
1255	36504	3	51.45
54280	14	3	16.55
3988	2526	4	53.81
1522	101	6	3.95
502	14	313	1693.84
8908	1359	5	72.38
23427	12	3	9.02
5102	902	3	33.9
7565	190	6	62.82
11123	14	12	51.57
105	181	17	13.65
106	923	4	5.22
35175	12	3	13.78
161	102	46	19.61
3231	12	7	5.8
135	4352	3	19.63
436	314	3	13.86
12	8729	5	9.79
329	304	3	12.22
230	440	3	11.91
3133	6143	10	169.93
12	1363	23	31.1
5083	3728	8	131.44
2619	161	5	35.92
102	6850	3	6.55
355	687	6	42.25
14549	12	6	21.71
3757	265	4	35.82
13532	14	8	29.37
460	243	7	40.68
25172	135	3	32.39
21626	101	4	21.21
149	909	7	37.75
148	513	3	8.2
2382	1063	4	42.54
4088	265	3	25.5
1915	102	16	48.05
12	4100	8	11.29
102	2797	6	11.14
1981	241	26	299.84
4636	109	4	19.29
2106	6456	4	56.72
6224	101	3	5.19
39329	14	4	22.06
732	335	4	24.89
311	7	13	19.67
121	1963	4	19.37
12	222	113	118.6
2439	12	47	202.92
790	40488	3	48.79
3823	40474	3	58.27
11682	122	3	24.62
118	621	4	9.28
4203	12	12	26.64
15184	14119	3	58.29
20286	101	3	12.61
656	155	3	10.22
2403	109	8	39.28
14041	102	3	10.93
7549	2417	3	42.47
102	40416	3	19.63
283	2	9	4.69
2320	12	24	58.57
12	2702	8	6.15
134	30221	3	33.95
1652	154	6	38.84
2	1552	22	107.35
24306	10161	4	84.97
994	2189	3	29.37
1734	2040	4	45.39
1517	5710	4	52.6
54195	14	3	16.55
649	1461	4	34.96
330	187	3	8.66
142	4036	3	19.58
46699	14	3	16.55
1426	6744	4	53.68
407	181	10	54.92
12557	235	3	32.27
10921	14	9	30.24
22567	14	3	7.51
240	8943	11	144.56
343	187	3	8.91
40166	14	3	12.18
35	13680	12	144.18
164	1851	4	24.32
14475	4509	4	70.83
12	31814	3	11.65
114	218	9	13.9
112	1928	3	9.47
123	15689	3	26.98
141	1186	41	390.32
32147	107	3	24.96
135	2296	10	77.81
6117	4828	3	45.13
163	24138	6	85.15
3656	1373	3	34.4
879	2167	4	40.43
7964	316	3	31.07
111	807	3	4.7
178	10404	3	28.32
12523	14	7	21.45
46593	14	3	16.55
42379	43654	3	84.68
11731	101	4	14.32
25930	117	3	28.42
1785	1476	5	55.92
2333	1030	20	282.33
799	107	7	14.82
191	21	9	10.78
858	14	168	773.6
4039	141	7	58.05
5067	2496	5	72.06
2365	23123	3	50.35
254	40680	3	42.34
136	282	37	235.7
645	12	36	33.53
135	2263	3	15.83
12	9213	8	24.75
12	10946	4	7.94
1755	3209	8	110.06
12461	12	3	5.13
923	3596	4	44.8
46399	12	3	18.18
6480	277	4	40.87
4941	101	3	4.04
102	27173	5	34.79
8329	217	4	40.86
3442	154	4	28.49
318	166	3	7.13
106	688	8	16.09
110	21115	3	23.43
153	10889	4	38.68
10498	12	4	7.44
3234	235	6	55.5
204	1198	7	49.65
294	2882	7	69.31
268	111	39	171.13
29305	367	3	42.46
12	9863	4	6.98
20538	12	3	8.09
563	12	198	858.57
47924	14	3	16.55
16341	14	4	9.39
9722	122	3	23.33
10987	12	4	7.94
14077	13671	6	127.76
30881	106	3	24.6
606	1990	3	26.01
4314	142	7	59.3
27051	14	4	14.69
7	1429	3	4.31
109	969	11	40.82
128	12	119	6.42
570	753	3	20
8	21216	4	37.89
952	209	15	124.36
101	24900	4	23.09
1223	182	4	22.76
112	570	4	6.39
710	3647	3	30.35
8	3410	8	51.49
1764	489	3	24.05
367	226	4	16.8
39676	131	3	35.61
5478	14	29	145.39
12	11471	4	8.48
5540	178	4	34.52
16519	602	5	72.55
48898	14	3	16.55
141	10391	5	48.59
9939	101	3	7.75
14336	12	3	5.58
102	18164	3	12.86
288	13147	9	127.21
42614	1678	3	57.73
1716	19175	3	47.33
460	4985	7	83.02
149	2857	4	26.36
4559	13072	3	49.81
49009	14	3	16.55
820	128	14	84.52
4774	9	5	30.43
4746	127	3	19.22
242	397	3	11.8
5493	101	3	4.49
3619	16686	3	50.15
13971	12	3	5.58
1560	109	7	26.36
948	11492	3	39.72
246	1230	5	34.79
3232	15490	3	48.85
183	530	3	10.92
2	882	42	212.49
5424	7	4	17.65
12205	12	8	29.96
1373	3350	3	33.88
1173	4943	4	49.25
12	2657	8	5.98
4688	227	3	25.45
1618	12	35	86.87
2	1599	7	18.64
103	1995	30	184.41
12	1075	21	17.02
10572	136	5	48.1
4577	117	7	49.93
453	2208	3	25.11
13466	12	3	5.58
181	4944	3	23.69
11718	12	4	8.48
1196	1910	4	41.72
14848	14	11	60.67
2189	690	3	27.35
654	106	8	15.46
115	4012	3	15.1
7645	209	3	27.83
1505	466	4	32.79
102	3216	5	8.78
1021	182	17	140.64
25720	12	3	10.16
48170	14155	3	71.18
562	306	3	15.02
101	9792	3	7.75
58	3037	4	18.04
20359	12	5	20.02
2687	213	18	198.92
5272	102	4	9.03
129	2746	5	32.03
166	442	6	25.29
253	1426	9	76.76
538	1505	4	33.73
1318	177	9	66.45
681	1249	7	67.58
498	315	15	120.8
534	18097	4	55.78
101	9929	3	7.75
2757	8068	3	43.53
16159	14	7	26.79
742	104	10	22.07
234	1996	4	29.64
140	1296	4	19.26
12	15347	3	6.09
305	42573	3	48.15
945	874	3	23.37
8	33182	3	31.08
14768	148	6	67.66
1937	106	27	175.44
12586	105	3	16.69
35395	14	3	12.18
4018	14	38	183.71
102	48405	3	24.09
105	861	4	4.16
10705	795	3	37.88
7619	1462	12	198.18
9319	14	14	58.68
12	12641	3	5.13
101	5072	3	4.19
124	591	12	60.54
664	614	11	101.01
102	1294	7	6.25
8720	102	5	18.77
101	19546	3	12.61
9760	101	4	12.66
20093	858	3	43.09
209	128	11	32.53
458	7812	3	33.14
38748	14	3	12.18
206	537	4	18.28
3405	3180	8	121.17
36469	14	3	12.18
14669	14	5	13.21
1751	105	5	12.84
12	6409	7	14.02
8309	14	17	77.25
153	7238	3	24.27
35	38326	4	48.05
1503	130	4	19
1140	300	6	45.87
1236	109	5	13.39
2263	107	3	7.36
14157	12	3	5.58
5555	448	4	43.16
1888	4202	4	52.05
133	11385	3	25.51
8830	14	18	91.58
3491	2165	8	115.71
2596	3207	3	37.31
5602	101	3	4.66
148	2511	3	17.03
270	103	36	91.61
305	530	10	73.06
15151	14	7	24.71
29966	14	4	17.19
695	128	3	8.3
12	3831	14	32.79
24539	2685	3	52.34
496	2597	5	49.28
1931	102	6	7.58
102	11909	3	9.95
102	13490	3	10.93
13751	14	6	17.24
15430	1608	4	62.27
3907	21425	3	53.36
108	3319	3	10.15
7765	14	5	6.22
7208	21771	6	128.89
105	939	5	7.5
106	165	37	68.44
542	27610	3	42.84
643	351	3	16.62
105	134	49	76.51
31455	14	3	10.08
892	2160	28	406.38
793	27715	3	44.97
181	9007	3	27.39
8208	1427	3	39.82
28625	12	4	19.34
233	1790	3	19.79
101	8310	3	6.82
979	1382	3	26.44
1903	107	5	15.35
24891	9	3	27.08
560	120	4	10.13
111	317	5	5.32
136	1142	4	17.8
11263	101	4	13.72
8763	239	3	29.87
297	883	83	1081.78
11678	2784	5	83.35
12	10139	3	4.03
14053	14	9	36.54
24605	12	4	16.81
30968	14	3	10.08
1306	14	17	8.04
1664	19125	5	85.73
20046	217	5	65.5
9107	1146	3	39.09
9804	519	5	64.34
410	928	5	37.46
52006	49067	3	84.68
1423	14	112	571.22
113	6139	3	16.71
102	10516	4	14.57
21109	14	8	44.13
141	1107	7	39.19
650	120	4	11.18
19225	107	3	21.13
234	766	4	22.23
1346	107	4	8.11
1767	705	3	26.02
7262	14	16	60.9
5047	858	5	61.13
549	17335	4	56.02
16197	4364	3	51.31
4180	106	19	141.92
316	102	68	170.41
5807	21071	8	175.95
53966	14	3	16.55
20255	14	6	24.36
104	19654	4	29.23
32187	14	4	17.19
150	227	5	11.34
12	18563	3	7.32
7706	184	5	50.11
106	10015	3	15.61
392	2086	3	24.13
606	29593	3	45.14
6257	14	19	73.03
157	392	3	7.85
156	1020	3	12.49
103	314	12	12.06
3764	111	3	12.99
3612	1093	4	46.04
1025	733	12	125.88
415	1723	8	77.83
2	3484	4	12.26
101	2881	6	9.66
102	50108	3	24.09
12	776	42	61.05
1900	8662	5	75.85
104	1376	10	33.12
101	4338	10	33.46
102	5203	3	5.08
3998	553	9	110.46
103	7310	3	11.79
12	6443	4	4.1
3931	12	13	29.07
862	102	22	45.78
1740	1226	7	80.22
12710	102	4	16.41
1475	325	8	71.28
874	14	56	94.92
5087	146	5	40.67
103	20615	4	28.04
102	16752	5	26.48
102	3451	8	22.13
187	2804	5	39.34
220	467	9	54.75
7275	245	4	40.81
14759	106	3	18.5
811	859	4	32.23
711	1860	6	61.38
12	11549	3	4.72
499	189	4	16.41
2120	235	3	20.95
102	8313	4	12.69
2	9073	3	13.35
110	531	223	2191.76
224	220	3	7.58
3508	1104	3	32.63
8361	111	4	26.45
102	26174	3	15.89
289	5447	7	78.48
1941	2915	5	63.99
1319	22065	3	46.76
9008	12	4	6.17
21200	14	4	11.5
14462	249	8	111.59
1608	761	11	125.09
24279	12	3	10.16
779	1739	4	37.76
102	12572	5	23.13
7421	102	3	7.01
174	5022	4	33.47
12	10661	4	7.44
368	1317	15	154.64
2371	111	17	119.83
230	120	11	30.93
231	777	4	22.16
12	13142	4	9.09
112	1156	3	6.53
7930	14	15	58.4
2097	761	10	117.48
135	18402	4	41.91
110	1161	8	29.36
133	456	229	2692.77
1820	395	4	33.44
253	507	10	67.53
443	120	5	12.86
9960	334	4	46.31
118	10493	9	89.49
6856	32197	3	59.6
136	240	5	10.78
38519	12	3	13.78
4307	279	3	26.36
103	3553	3	7.54
101	2314	5	4.92
11141	2492	3	45.17
487	7101	3	32.55
239	160	5	13.31
16221	809	6	93.38
46295	14	3	16.55
12869	14	11	49.77
1138	704	12	127.39
1675	4755	6	83.21
1375	18808	6	101.83
364	16	25	113.88
12004	32556	5	117.77
118	4825	23	239.83
1606	335	3	21.56
8383	3867	5	82.37
181	283	76	683.92
118	357	23	107.96
32366	14	5	27.58
388	9	6	11.03
574	338	3	15.78
12	4204	8	11.63
103	1909	4	7.88
3733	12	10	16.41
7512	3732	4	62.74
454	19200	3	39.69
12299	6942	3	52.55
103	556	20	54.05
122	140	7	5.96
103	2153	3	5.07
102	2533	39	224.96
2531	106	3	7.58
7195	16	3	18.36
9731	5172	3	48.73
208	3291	8	76.65
4629	24335	5	101.6
820	867	7	64.69
115	2625	3	12.6
1082	8792	6	86.32
116	520	3	4.31
117	1384	3	9.18
16450	12	4	11.38
673	14901	5	72.13
3653	180	12	123.11
870	733	3	21.99
249	2430	3	22.03
3526	20809	3	51.65
25898	14	4	14.69
102	4365	3	4.25
153	321	4	10.77
570	26804	4	61.06
277	1472	3	19.72
1433	106	4	8.1
16143	14	3	5.25
1233	22758	3	46.25
109	27100	3	24.82
5083	2365	6	88.79
141	11772	7	76.43
35385	14	3	12.18
2517	10148	6	99.65
12	33476	3	13.78
18170	101	4	18.49
6742	8417	14	293.29
7	8478	4	21.35
364	141	68	564.41
488	2460	4	37.15
426	194	5	22.11
16256	14	5	14.37
47769	14	3	16.55
1597	1885	36	583.13
25704	12	3	10.16
101	432	32	43.83
419	6043	3	30.82
21224	320	4	54.89
11344	103	3	14.47
155	166	6	10.96
124	1691	3	12.87
188	1633	4	25.36
104	494	6	4.88
762	105	5	6.16
252	688	7	46.19
12	4154	6	5.7
1087	19276	4	62.25
15391	2791	3	47.96
836	14556	3	40.7
2115	4228	3	37.94
115	111	21	8.7
149	955	13	87.57
180	2118	3	18.61
565	9602	12	185.5
19709	12	5	20.02
3651	9	6	35.36
123	491	7	24.89
12	3297	7	5.99
11243	244	9	119.41
931	109	8	24.23
101	7883	3	6.54
16731	18222	3	61
102	5172	3	5.08
1058	10071	3	39
2213	127	3	14.86
4456	9	3	14.58
9352	101	6	23.57
8325	14	15	60.9
11458	180	4	41.85
1148	111	12	56.49
107	1445	5	12.69
260	251	3	9.5
13714	175	3	30.09
1755	109	3	7.16
132	3395	19	190.04
36453	14	3	12.18
3446	325	3	25.85
1367	363	3	21.09
129	828	9	46.77
193	128	19	71.27
58	4331	7	44.7
500	537	3	17.31
387	13563	5	66.32
2884	178	3	20.2
20087	35	8	96.11
12668	106	5	34.94
592	1874	37	522.15
848	24761	3	45.33
49116	14	3	16.55
28	21215	8	122.11
3001	11228	4	64.38
2758	906	3	30.09
113	1047	3	6.61
12796	210	3	31.34
5586	101	3	4.66
3354	4493	3	40.99
12	28676	3	11.65
4934	13431	4	70.69
3323	101	4	4.66
51593	35	3	36.04
160	1104	3	13.15
21134	12	3	8.09
6420	427	6	71.92
16209	101	3	11.07
128	3206	7	51.68
34722	42546	3	80.18
15192	102	3	11.49
4290	14	27	100.19
9	1507	7	30.77
2209	314	3	23.09
1072	204	3	15.52
1127	53434	3	55.18
11907	12	3	4.72
3667	9134	11	207.23
2472	14	61	292.32
35560	14	4	22.06
3101	101	4	4.31
102	7006	3	6.77
12	3567	9	12.09
101	1586	6	4.23
121	1041	10	53.74
457	119	5	12.42
819	315	7	51.86
2827	1221	3	32.06
13776	12625	8	177.51
24797	42208	3	76.36
755	306	6	41.69
421	111	8	18.08
822	1180	6	57.09
102	660	20	30.15
7952	106	3	14.28
53666	28	3	45.77
15541	14	8	31.63
7097	141	4	33.17
1440	114	3	8.47
102	1310	14	28.42
2194	2011	12	170.9
3184	14	38	148.42
12982	12	3	5.13
351	226	9	51.45
10143	8664	3	52.66
9704	5163	3	48.73
12128	182	3	29.56
3822	16	4	21.49
180	2632	5	38.23
47951	14	3	16.55
101	21891	3	13.59
9982	102	4	14.05
818	7963	4	50.82
5447	14	19	64.99
13278	12	3	5.58
117	470	3	3.97
8946	101	3	7.11
103	1672	9	28.78
6447	12	6	10.26
294	724	19	173.97
1862	151	5	31.1
136	2945	6	43.29
1351	352	3	20.85
1385	5794	4	52.26
1587	575	3	24.37
29857	14	3	10.08
766	4328	3	32.03
1340	216	3	17.5
1119	12	17	9.76
107	578	38	183.08
1155	109	9	32.62
2613	14	62	324.47
18437	14	7	29.34
661	41739	3	52.3
114	2166	4	16.75
8324	117	15	161.19
1612	12	19	25
2633	102	8	18.06
10822	25018	3	61.35
167	337	5	17.24
112	251	13	28.93
261	210	9	43.74
1073	6787	4	51.26
12	11794	3	4.72
1547	363	18	198.2
369	3447	3	26.71
879	2459	5	54.02
1340	1370	16	208.16
20778	12	3	8.09
17107	213	3	33.33
7959	12	7	17.08
107	1903	4	10.62
6873	177	3	25.38
3983	421	6	65.2
2611	247	4	32.28
5094	19248	4	75.13
207	9761	4	41.87
132	3605	3	18.24
1630	104	4	7.8
12	10180	4	7.44
366	123	3	4.88
135	1489	6	34.74
12	26126	3	10.16
106	4440	3	10.7
226	267	9	46.22
640	3880	8	97.59
12	8265	7	17.82
4513	28822	5	106.71
23390	14	5	19.46
4224	316	4	38.4
1863	153	7	49.23
300	1833	4	31.33
3168	14	37	141.27
16373	14	9	43.27
136	105	23	12.07
528	1357	15	164.87
26876	14	5	22.3
103	10277	4	21.26
112	7633	3	17.6
1442	10156	4	57.81
192	3700	5	42.57
1212	7296	3	37.88
1937	737	3	26.89
5454	107	3	12.24
267	24053	6	94.43
2406	13546	4	64.78
129	688	3	8.34
1659	106	10	40.12
637	105	7	10.49
110	386	6	8.71
29645	14	3	10.08
641	4165	3	30.72
439	199	7	36.18
1083	12	33	50.48
4145	102	8	24.98
1103	104	11	33.23
496	1157	8	73.11
4973	101	3	4.04
165	363	3	7.85
166	239	3	5.53
1631	103	5	10.4
110	681	6	13.52
35757	14	4	22.06
7	1856	5	13.84
197	3170	5	41.52
14816	14	5	13.21
897	49542	3	53.96
3100	14	15	24.04
11063	1165	3	40.38
6004	474	4	44.42
125	1110	4	16.16
251	2604	3	22.4
102	285	53	99.03
101	1216	7	3.93
825	344	6	43.87
13	986	5	28.61
104	378	15	28.25
315	128	11	42.47
30346	14	5	27.58
305	153	12	56.47
175	331	4	12.93
143	1858	3	15.02
1064	1302	4	37.62
275	5901	4	39.86
3821	116	6	38.5
852	128	12	69.54
786	201	3	13.78
1619	37068	4	76.77
21367	12	4	14.98
13246	14369	10	240.66
103	3408	3	7.32
7704	1957	3	41.2
2040	466	4	35.32
994	358	6	46.39
15305	14	9	39.47
12	871	17	5.49
23843	24317	4	93.4
2597	14	60	296.37
46760	282	3	47.6
5811	14	26	124.52
128	729	45	373.6
16809	14	9	43.27
10924	244	8	103.35
167	910	3	12.45
17984	263	3	35.62
6121	14	24	109.94
562	111	8	21.44
2575	120	5	29.12
559	1286	3	22.83
8	1411	21	139.13
113	3519	4	20.23
9757	102	3	8.76
1488	164	3	15.16
536	866	6	48.9
1491	2919	4	47.06
102	45924	3	24.09
5880	343	3	29.56
23521	14	3	7.51
565	642	3	19.02
11281	12	3	4.36
2364	176	4	27.56
4854	2792	3	40.38
1277	103	4	5.21
107	422	11	21.19
105	1050	6	11.8
35	27557	6	72.08
1315	2246	3	31.18
3328	102	7	17.03
58	3585	4	19.3
3172	3587	3	39.31
149	29081	4	50.36
142	3627	3	18.89
701	17025	4	56.69
4292	1273	3	34.78
462	191	5	22.27
101	10680	4	13.17
923	36431	3	49.6
226	473	6	32.5
13611	6120	4	72.36
225	105	78	314.07
105	273	18	31.13
2682	730	5	53.15
145	424	4	11.69
101	18084	9	68.93
118	262	18	64.28
1229	221	6	42.37
1293	1310	3	27.8
12354	12	10	46.87
36407	14	3	12.18
408	12499	3	35.76
2118	111	11	64.47
33312	12	3	13.78
12268	180	3	29.91
3280	2	4	11.8
102	1880	14	37.71
29998	14	4	17.19
102	5343	3	5.24
1369	2904	3	33.07
1369	795	9	96.16
668	7696	3	34.8
415	106	6	5.25
101	6865	4	9.58
758	409	3	18.35
101	298	36	37.45
699	126	3	8.18
2199	224	4	29.96
1473	12	25	40.42
21182	12	4	13.55
1296	105	5	10.22
1641	6863	3	39.26
4033	101	8	21.87
31134	5502	3	58.23
23741	14	7	38.61
653	1755	3	25.58
1392	25284	3	48.3
213	126	6	11.41
116	112	22	11.76
381	242	4	17.58
101	4152	6	13.35
14701	14	10	48.59
103	868	6	7.98
9708	2627	5	80.33
633	1758	3	25.5
3796	101	5	8.66
12	3435	8	8.94
183	153	79	569.45
101	1455	7	5.52
8082	352	4	44.89
1499	124	3	12.15
125	5879	12	119.33
5113	14	26	110.22
211	158	4	7.66
2794	102	13	43.41
242	284	4	15.39
581	114	6	15.28
292	15374	4	49.37
488	7099	3	32.57
1323	9	15	85.82
9850	943	3	38.39
1479	1366	6	66.3
6046	106	8	50.2
281	493	7	43.89
20713	14	3	6.62
777	12847	3	39.19
23596	210	4	50.95
1057	791	7	66.93
792	5341	3	33.38
220	4469	5	46.66
5196	114	4	23.49
219	134	4	6.18
635	137	3	8.8
101	984	17	26.4
20882	14	3	6.62
4364	287	3	26.58
2797	722	5	53.57
2432	295	6	55.28
427	1826	4	33.87
3494	313	4	36.79
116	921	3	6.9
566	11552	3	36.9
242	317	4	16.19
12	18751	3	7.32
2526	109	4	14.47
110	30280	3	27.27
12712	58	3	20.82
123	142	7	6.21
103	176	107	370.87
42629	12	3	18.18
104	918	6	9.91
102	2994	7	15.81
101	49963	3	22.98
3254	106	19	130.39
104	143	27	19.21
103	4363	5	19.48
579	179	34	293.19
103	6588	4	17.08
2009	2367	10	139.7
115	518	10	34.94
1231	107	3	4.18
32151	263	4	57.77
53040	14	3	16.55
586	1358	21	251.24
1003	379	3	19.38
1539	14	78	304.18
10802	157	4	38.96
876	11577	3	39.26
1151	179	3	14.7
163	192	10	33.59
110	135	202	1070.22
170	848	3	12.31
20114	14	6	24.36
52085	14	3	16.55
1997	120	3	12.88
1484	316	13	128.89
12	13497	3	5.58
11048	102	7	35.78
6512	562	5	60.19
4563	1527	4	50.89
707	3607	7	83.43
1754	120	5	25.19
6805	157	4	34.4
1016	7567	3	37.09
734	2620	27	391.69
108	5514	3	13.08
3899	295	3	26.11
255	2519	22	260.3
6181	300	3	29.24
1005	14	130	542.54
595	699	4	28.62
10561	102	3	9.13
12	10523	4	7.44
198	247	25	163.98
7929	101	4	10.93
15901	12	5	16.94
12825	102	3	10.41
647	520	3	18.58
684	107	4	4
12	13000	5	13.78
8	1091	5	15.86
3781	12	6	4.89
11872	120	4	34.62
7074	102	5	16.29
3082	106	4	13.63
118	13232	4	33.49
6258	21	3	17.04
3491	9522	3	46.01
1050	520	32	385.72
396	870	6	46.04
146	1181	7	40.36
3479	149	5	37.21
2	4966	3	9.52
30920	14	3	10.08
3639	1104	6	74.36
103	615	37	151.84
5202	475	3	30.45
277	190	3	7.67
3155	1101	8	102.14
13	296	4	12.85
101	1175	10	9.55
123	346	11	42.38
122	222	4	4.74
7278	14	22	113.25
2395	104	4	10.47
11958	102	4	15.74
103	7043	6	31.89
1165	163	7	43.29
17	909	3	7.82
35	53670	3	36.04
4722	12	6	6.9
12	2883	7	4.76
2910	12	12	18.52
26829	131	5	61.45
102	5946	4	9.77
4539	115	3	15.87
122	1363	4	17.32
31439	14	5	27.58
240	462	3	12.43
1137	154	4	19.44
288	5729	4	40.09
53644	14	3	16.55
160	21	9	6.98
5240	375	12	155.25
2776	146	4	25.67
26302	14	4	14.69
254	37472	3	42.34
54475	9579	3	68.83
4264	30974	3	56.64
843	110	4	7.56
2310	3892	12	188.99
1130	936	12	133.47
6784	107	5	27.96
329	377	4	20.1
925	10720	3	38.65
1221	17	3	9.39
12	10793	4	7.94
40669	14	3	12.18
7	132	245	1127.1
105	2239	3	6.37
10479	2295	3	44.29
23047	12	4	14.98
4466	128	4	27.61
12629	3097	3	47.46
733	241	3	14.83
373	978	4	27.85
3003	48993	3	61.28
4051	212	3	23.94
1048	122	4	15.13
58	2420	4	16.25
652	4768	3	31.78
1075	127	5	22.34
112	4655	3	14.55
496	1975	3	24.76
14434	114	9	96.97
12	9708	4	6.98
9888	12	5	10.9
173	3594	3	21.25
16311	12	6	23.3
142	1105	8	47.06
32139	14	5	27.58
676	732	3	20.6
772	604	3	20.44
107	4031	7	36.4
426	246	4	18.42
2190	203	3	19.99
17	119	16	15.97
208	130	6	11.48
1761	9149	11	189.74
7285	27406	3	58.55
103	3519	3	7.54
2	1658	10	33.97
6448	111	3	16.32
248	386	4	17.99
102	1691	13	30.55
21640	12	4	14.98
29538	14	4	17.19
574	119	5	14.27
12	16547	3	6.66
47801	14	3	16.55
15363	2407	6	105.11
18767	20528	4	87.15
23176	14	7	38.61
13	226	4	10.51
4536	448	5	54.46
7857	42645	3	67.45
3928	241	18	220.84
103	7089	3	11.54
420	104	9	10.88
7634	1302	3	38.7
113	13753	5	43.16
102	2654	4	4.48
12	22965	3	9.02
23537	14	7	38.61
44796	12	3	18.18
458	13281	3	36.86
181	12218	5	55.02
1458	12	44	120.73
107	3965	4	16.01
197	1828	13	119.49
11394	39581	3	65.17
587	11808	3	37.14
129	639	5	18.06
1485	104	6	14.9
35934	14	3	12.18
2094	115	3	11.37
102	10596	4	14.57
101	11775	4	14.32
615	112	5	10.4
35	32650	5	60.07
5275	101	5	11.74
944	5021	5	62.05
124	12138	3	24.97
6777	371	3	30.93
733	279	4	23.36
12275	3705	3	48.45
216	27718	3	37.32
118	9307	4	30.49
3800	2	3	7.94
5368	1235	4	50.4
2087	15647	5	83.59
1013	627	3	22.03
412	1985	4	34.33
44336	2634	3	60.46
1964	109	10	49.41
112	6040	3	16.09
12	9041	8	24.75
4419	16	22	213.03
294	334	6	32.55
14717	14	6	18.59
38016	21	3	31.26
134	4422	3	19.76
267	24070	4	55.3
2035	442	3	24.41
2993	14	39	148.6
1035	1170	3	25.5
26860	14	6	33.09
351	1794	3	22.52
10356	115	9	87.73
9938	14	17	93.77
579	12	21	4.1
383	226	3	11.18
4387	9153	3	47.3
42274	152	3	41.74
104	2849	3	7.31
354	4927	28	427.53
47983	14	3	16.55
555	105	7	8.95
2269	10559	3	44.21
22357	12	4	14.98
6471	105	4	18.76
3136	840	3	30.43
427	212	5	23.54
119	2662	3	14.09
16515	14	9	43.27
117	417	4	6.45
2666	101	9	19.63
3688	14	27	89.05
1882	313	6	52.72
15509	14	6	18.59
480	1157	6	51.12
120	1123	3	9.5
12	678	27	15.92
597	12	21	4.54
102	3846	6	14.52
103	3978	3	8.15
5904	14	12	29.08
200	10889	4	42.46
101	4996	5	11.17
6557	598	3	33.19
34511	12	4	24.25
358	3454	4	37.72
27381	14	3	8.62
2466	116	9	57.19
36747	14	4	22.06
3985	1226	3	34.02
23911	14	3	7.51
7	4594	4	16.21
1257	1416	5	52.02
201	2351	4	29.26
12	14510	3	6.09
1666	12	18	22.94
2	13621	3	15.99
1287	111	5	16.34
398	4373	10	121.36
2341	2224	3	34.72
137	251	3	4.16
9618	7170	3	51.02
1363	130	3	12.07
8047	1278	15	256.75
7991	12	4	5.48
105	290	9	7.3
3605	101	4	5.16
1426	3856	9	126.06
57	752	4	7.66
2138	107	4	11.52
322	344	3	12.78
236	6338	16	210.96
19516	12	3	8.09
106	18793	3	19.91
776	114	4	9.17
234	672	7	44.75
216	14436	4	46.44
102	10358	3	9.13
18442	25650	3	64.9
197	2102	12	111.87
769	596	3	20.35
342	5769	3	29.53
128	2194	13	103.62
835	4742	5	60.36
7497	12	4	5.17
12	26888	3	10.16
57	1178	3	6.28
105	311	7	4.06
222	3699	3	23.64
225	173	4	9.67
226	559	3	12.97
765	704	5	40.47
15251	104	4	25.94
10920	101	3	8.49
267	148	12	50.34
796	14421	4	56.73
229	170	4	9.39
110	16456	3	21.81
30134	12	4	19.34
114	6251	3	17.08
11503	10303	3	54.69
6667	101	8	30.68
7691	14	5	6.22
21953	2678	3	50.99
1019	1443	3	26.82
253	176	26	163.65
57	3904	7	42.75
49217	147	3	41.28
1588	127	6	33.84
11666	324	6	77.66
106	1729	4	9.41
23820	28	7	106.84
224	462	3	11.86
19329	24306	4	91.87
14597	12	6	21.71
30613	105	3	23.9
1666	1839	4	44.3
4293	244	4	36.04
2691	997	3	30.53
111	125	15	9.22
12	11927	3	4.72
24233	21619	3	66.8
25244	14	5	22.3
1123	122	19	133.84
14388	16	5	45
165	208	5	12
6777	101	3	5.6
108	2622	4	14
3920	103	7	30.71
375	379	7	44.97
1628	4272	3	36.24
16705	12	3	6.66
970	145	4	17.27
12507	14	11	49.77
11630	635	4	52.77
149	17475	5	56.85
2	785	68	404
1140	155	4	19.63
2193	204	3	20
6768	107	3	13.55
12	3473	14	29.7
102	2234	6	9.02
8	9551	3	19.81
796	5228	4	47.04
49357	353	3	48.99
9366	104	3	14.18
894	102	8	4.74
104	160	22	16.28
4260	13568	4	69.32
122	776	3	8.29
12	3722	8	9.75
119	7287	9	83.26
906	14	136	542.83
34449	14	4	22.06
305	387	4	19.94
657	314	3	15.98
144	1634	4	21.36
4362	35	39	468.88
116	163	64	285.57
12	22422	3	9.02
1600	1956	3	31.54
5225	12	5	5.24
276	929	6	42.29
6245	102	10	45.34
7265	2	3	11.84
1878	12065	3	43.89
9155	1004	4	53.73
17	343	4	6.51
206	643	3	13.04
101	4963	4	7.32
12	348	58	48.79
2807	2336	4	50.43
12	2329	10	8.93
294	12890	6	78.05
11246	14	10	36.72
759	332	113	1565.08
248	135	3	4.08
284	102	23	13.92
12	4655	8	13.12
3097	123	6	40.82
993	50514	3	54.51
1321	101	9	9.23
4133	6848	3	44.87
110	10016	3	18.24
1322	9637	5	73.36
8111	14	11	32.92
14408	12	3	6.09
375	8	19	74.46
1368	206	3	17.29
138	17229	3	29.42
57	987	4	9.27
403	58	6	10.32
5886	106	4	18.74
114	1539	3	8.86
112	612	4	6.8
220	13770	4	45.7
17588	12	4	12.38
204	407	4	16.31
615	148	27	199.88
6876	101	4	9.58
6659	3723	5	79.37
9621	558	6	80.64
45257	14	3	16.55
2038	102	12	30.65
3059	12	11	15.99
1432	154	6	37.05
410	546	6	41.31
25377	14	3	8.62
106	2255	7	27.64
190	1279	12	97.15
114	143	15	17.67
2570	12	10	10.25
1551	102	10	17.25
432	1963	4	34.47
118	26433	5	56.48
14945	12	4	10.52
266	2725	18	209.7
37364	146	3	36.71
647	325	11	87.65
138	142	5	4.06
45987	14	3	16.55
672	418	4	25.81
1180	102	7	5.15
5365	106	12	83.11
38377	147	3	36.78
5401	149	3	21.86
24914	43709	3	76.36
145	150	5	4.89
22237	14	6	27.48
2585	177	9	78.93
482	102	20	21.65
25866	14	3	8.62
32288	14	3	10.08
221	713	3	14
14346	101	4	15.71
446	7471	4	46.04
20098	14	5	17.39
102	3362	4	5.92
1209	101	14	21.74
12	140	208	161.46
697	679	3	20.37
467	9746	3	34.59
2	1621	5	10.38
510	107	23	81.44
102	5836	3	5.75
273	2420	3	22.69
3279	12	7	5.99
180	571	3	11.16
4327	106	7	36.69
102	16663	4	18.88
787	782	10	97.51
308	1229	38	451.08
4068	1038	4	46.63
724	14	198	922.81
12	19209	3	8.09
2857	1052	6	71.14
1476	120	4	17.04
21939	14	3	7.51
4485	331	3	27.62
40562	14	3	12.18
27733	1462	4	68.23
12	3928	12	24.89
102	2673	6	10.64
12	1815	13	11.67
3765	12	6	4.89
356	9	8	17.37
392	34625	4	66.15
214	122	9	22.1
15885	12	3	6.66
183	387	7	33.53
360	964	6	46.05
3653	2679	4	53.63
132	12107	5	49.2
211	384	4	16.37
176	690	3	11.77
521	157	19	125.94
639	12011	3	37.61
15712	12	5	16.94
557	26474	3	42.98
26190	14	5	22.3
2150	9878	3	43.48
823	145	7	35.77
12	2191	12	13.02
189	160	35	199.83
12	582	56	83.89
104	3401	3	8.12
102	2032	16	49.97
4537	5293	3	43.94
633	1026	4	31.88
6578	157	3	23.7
1414	17329	6	102.14
415	247	9	55.64
2960	9619	4	63.23
6106	12	12	36.08
3015	106	7	31.38
38484	353	3	44.49
241	568	3	13.53
1199	3113	3	32.43
6177	363	3	30.31
32335	132	3	33.73
143	6103	3	22.13
4208	149	11	105.31
7344	579	3	33.82
104	1051	4	4.83
102	423	51	126.64
101	1606	11	18.12
23536	12	3	9.02
14132	101	3	9.88
102	4613	10	38.12
544	630	3	18.68
4175	5212	5	77.54
1440	101	17	37.62
12	7578	4	5.17
32871	101	3	16.33
104	6967	3	12.39
127	3207	3	16.86
40255	14	4	22.06
101	3984	4	5.73
3492	12	6	4.36
2828	1040	3	31.06
4054	126	3	18.15
185	28632	4	53.95
3474	2981	6	86.47
348	170	3	7.97
7696	526	3	33.48
1243	14	114	514.96
2995	6118	8	130.68
197	1935	3	18.81
605	1317	5	44.42
200	17338	6	78.33
10231	2896	4	63.64
18281	5143	3	53.11
46070	14	3	16.55
41138	153	3	42.04
4900	113	3	15.34
3844	378	3	27.49
711	3714	3	30.51
170	346	8	35.75
15223	12	3	6.09
233	189	69	580.16
101	13758	3	9.88
6304	101	3	5.19
466	101	25	27.36
32856	14	3	10.08
508	17768	3	39.35
317	1718	19	210.61
129	2502	3	15.55
109	2276	3	8.65
109	431	9	18.07
610	58	4	6.57
57	663	7	18.65
1692	160	4	23.33
222	1900	4	28.68
923	4066	3	32.49
572	1449	7	67.51
1083	1127	3	25.49
1351	372	5	40.4
12	12877	3	5.13
11362	14	4	6.11
1995	102	6	7.8
466	1857	4	34.56
531	504	3	17.27
1578	206	9	74.22
12215	5670	3	50.62
1044	626	6	52.82
4550	503	3	29.95
11161	116	3	21.73
2183	2216	36	629.53
474	914	3	19.98
440	1765	3	23.5
13580	14	3	4.23
106	203	17	21.05
105	962	9	22.92
25611	14	3	8.62
131	116	11	7.92
2285	1880	3	33.51
908	6361	12	179.62
181	1478	16	142.24
149	4412	3	20.6
554	110	5	8.13
5426	109	4	20.52
102	878	9	6.35
101	2061	5	4.1
101	3778	5	8.66
12	5624	8	15.87
575	1266	3	22.99
1971	45202	3	58.72
219	3829	3	23.79
1144	2048	4	41.86
3219	147	6	45.23
1010	10862	4	55.45
101	1301	9	9.02
12	3285	8	8.44
102	2558	4	4.29
6769	154	9	93.66
1128	27285	4	65.97
5467	109	3	13.62
1033	8239	3	37.82
1677	407	4	32.82
13015	163	3	28.54
275	211	3	8.62
117	252	15	45.07
5925	12	10	25.13
258	13852	3	33.43
2425	131	10	76.77
543	1892	3	25.04
248	585	3	13.86
312	779	3	16.89
822	314	3	17.15
5933	105	3	11.64
102	1595	8	11.22
104	1999	3	5.44
101	420	33	45.95
245	16	34	146.57
221	592	4	19.65
3098	106	3	8.69
101	4896	24	140.74
6306	21	20	207.57
102	18989	4	19.94
2083	7	4	10.3
57	1867	3	8.9
106	412	9	13.21
109	3197	4	16.18
25281	14	3	8.62
40194	213	3	41.04
3091	12	24	74.26
136	2494	5	32.52
108	18609	4	31.07
10744	451	7	95.45
2369	161	5	35
2307	111	6	28.65
8	4627	4	22.49
5640	210	3	25.9
297	7936	5	56.98
531	230	5	26.35
101	8557	3	6.82
149	24677	4	47.73
36754	12	3	13.78
6702	155	3	23.88
1046	3281	3	31.99
2098	107	3	6.93
8594	12	11	41.6
253	2938	4	33.4
193	3272	11	110.02
5242	537	3	31.24
38048	12	3	13.78
45891	14	3	16.55
1047	4866	7	93.02
130	2	27	8.83
6776	162	3	24.24
3054	1938	3	35.37
4073	1080	3	33.34
112	4531	3	14.39
298	6675	3	29.68
1040	233	3	16.51
979	835	3	23.42
4765	212	4	35.62
1698	699	3	25.78
170	142	7	13.07
2149	105	5	14.88
598	15604	4	54.64
12	11572	4	8.48
3623	2194	3	37.18
35	26112	4	40.42
1695	235	5	37.68
6453	101	3	5.39
3125	7445	6	96.96
2422	221	3	21.13
9608	42348	3	68.83
754	8390	6	81.83
608	811	4	29.86
105	350	18	39.6
7	219	11	7.35
801	1033	5	44.25
5650	101	5	12.36
1585	2693	6	75.51
1398	109	3	5.99
113	2462	10	62.37
138	323	4	9.38
2658	154	3	18.07
2960	19334	3	50.7
1006	114	3	6.54
15103	14	10	48.59
365	1700	8	75.87
5388	10013	4	68.21
101	11268	5	19.64
2409	482	6	60.57
501	2404	3	26.09
804	4626	8	104.4
106	2294	4	11.58
3122	618	5	53.34
571	153	38	312.15
2878	8040	5	78.9
190	731	5	26.13
189	46657	3	44.25
28	24027	7	106.84
204	496	28	232.33
112	516	8	20.88
11737	12	13	71.69
678	672	6	48.68
14500	1009	8	132.99
436	3805	3	28.05
10022	213	3	29.71
944	146	4	17.03
127	9432	4	34.01
6738	106	4	19.99
726	28525	3	46.06
921	767	5	42.91
924	149	4	17.26
1610	17576	5	83.65
164	4328	11	110.2
101	18733	3	11.78
4963	1963	3	38.43
12	1464	18	18.92
698	1756	3	25.9
101	1340	15	28.2
101	3444	4	4.9
792	188	3	13.11
127	7704	3	22.31
9367	14	12	44.06
30506	148	4	50.2
381	381	10	71.63
1622	1095	3	27.92
215	611	3	13.07
123	2922	5	31.56
1810	103	3	4.21
3553	211	3	23
15576	14	7	24.71
4379	10296	4	66.81
12	19040	3	8.09
1033	111	6	19.04
549	2289	3	26.37
35321	14	4	22.06
105	13125	3	16.69
115	1833	4	16.3
119	442	5	12.09
206	1050	21	192.62
208	306	3	9.3
209	422	7	37.09
388	979	4	28.26
102	1556	6	5.56
1144	3114	3	32.1
102	1805	5	4.4
12	2731	8	6.33
5197	14	23	87.69
1405	103	5	9.09
35	40448	4	48.05
12	4184	14	34.89
655	2227	73	1283.98
1312	12986	3	42.23
38425	421	3	45.45
26801	14	5	22.3
1506	303	3	20.55
3159	45026	3	61.62
101	27403	4	23.09
376	201	3	10.08
258	780	3	15.64
7895	12	5	8.84
1129	8141	3	37.96
129	22278	5	58.11
5028	107	3	11.69
683	5260	4	45.88
8573	13	11	135.94
167	1043	3	13.15
4836	14	24	90.25
5855	101	4	8.47
140	603	9	45.04
138	1918	3	14.95
263	126	10	32.65
111	986	5	13.85
30330	14	5	27.58
5899	11181	3	50.37
8130	12	4	5.48
1848	1853	3	32.07
2547	247	6	53.08
3120	150	4	26.94
7	803	5	6.79
4531	102	12	50.67
501	573	7	53.34
4499	1427	3	35.9
683	683	15	151.25
236	1959	4	29.6
945	126	5	21
9689	6555	3	50.24
1512	109	5	15.27
19031	6827	3	55.75
780	123	25	173.91
2549	14	57	263.03
1426	352	3	21.1
161	183	4	6.58
109	2007	4	12.72
970	1633	6	63.36
1035	2269	4	42.05
11472	18051	3	58.67
253	8500	6	69.07
24957	103	3	21.03
273	717	18	158.44
351	2641	3	24.89
36971	14	4	22.06
8	9077	3	19.44
1884	1419	4	43.13
1813	35	92	1107.42
12	3001	9	9.83
156	1426	4	21.57
101	896	9	4.63
761	1743	3	26.47
284	1017	4	25.91
4781	1647	3	37.2
12	2144	11	10.05
216	3811	8	79.66
16389	14	9	43.27
1238	2426	28	433.75
101	169	49	18.83
102	1351	33	125.29
102	54220	3	24.09
101	6730	4	9.58
26892	14	6	33.09
1231	1697	3	28.94
37402	14	4	22.06
117	792	4	10.33
149	1263	18	144.38
102	16764	3	12.13
628	2338	4	38.63
2532	101	7	11.56
2670	931	3	30.05
116	234	5	5.21
6918	12	13	46.78
16	994	3	6.76
1199	406	4	29.99
102	20038	8	64.25
131	9756	3	24.3
8992	255	3	30.29
1004	12	23	19.6
1095	141	6	31.59
4065	102	3	3.9
248	1459	6	46.29
5202	117	3	16.75
827	300	7	51.64
12	1916	12	10.35
184	381	5	20.48
4851	101	3	3.91
12	5371	10	23.04
261	10979	3	32.03
102	7033	4	11.23
198	9778	3	28.93
101	3175	4	4.43
215	156	3	4.45
157	380	5	17.43
34630	12	3	13.78
12	1193	34	60.02
969	452	3	20.07
457	124	3	6.08
7744	35	22	264.39
28278	715	4	65.29
6044	14	6	6.88
3303	157	4	28.38
2841	16360	3	48.74
272	133	3	4.44
28	5576	31	474.2
134	4712	3	20.09
162	520	3	9.33
10980	14	14	70
25850	14	3	8.62
5129	496	4	43.23
101	8368	3	6.82
43603	7246	3	66.87
12	12990	3	5.13
1638	250	3	19.67
6432	102	8	32.81
415	9226	4	47.41
137	110	28	44.49
5686	8408	3	48.26
7295	448	11	152.61
101	12489	3	9.37
562	7346	4	47.25
844	157	6	31.14
1129	101	10	9.07
101	9063	3	7.42
12	8923	4	6.17
11187	14	10	36.72
109	1266	5	13.67
106	102	225	38.51
107	477	8	12.58
25997	14	5	22.3
31909	14	3	10.08
13813	184	8	102.63
6965	107	23	234.54
192	327	4	13.86
258	485	4	19.74
109	3052	13	83.69
2360	153	8	62.5
410	206	3	10.82
885	224	6	38.67
347	515	3	15.26
4625	153	3	21.45
102	13083	3	10.41
12	14402	3	6.09
294	2017	5	42.24
167	238	3	5.54
10682	14	16	88.25
127	12187	6	60.47
101	11370	3	8.49
6664	2941	3	42.83
9	651	17	77.89
15869	12	3	6.66
118	11406	3	22.16
2238	4951	4	54.85
46343	14	3	16.55
2685	106	4	12.71
253	51388	3	46.73
1002	148	3	11.63
1084	34522	3	50.49
357	165	3	7.76
4236	161	3	21.29
178	325	53	445.32
104	1036	4	4.79
189	1539	3	16.91
759	1611	30	410.89
101	3967	8	21.49
5051	3328	3	41.57
4481	17153	3	51.47
2074	14	58	228.71
2692	29129	4	75.93
115	412	8	21.96
25297	14	5	22.3
5738	153	8	78.02
6469	101	5	13.76
4399	12	7	8.89
102	1274	33	120.76
104	1676	4	7.94
102	3509	5	9.64
388	615	4	24.9
2586	12	8	5.64
104	8032	3	13.21
12	4531	6	6.64
12	846	45	76.1
102	3694	13	50.84
229	14810	3	33.28
2626	105	4	11.62
453	269	3	13.07
3851	6037	5	78.59
5828	114	10	82.06
180	895	5	27.45
17184	719	3	41.3
322	238	3	10.46
7	1657	5	12.78
1549	17440	3	45.8
5133	177	3	23.63
6090	12	6	9.45
410	648	10	82.59
27695	12	3	10.16
2336	463	6	59.74
5790	109	3	14.03
262	4241	3	25.75
40765	14	3	12.18
2927	146	3	17.81
1998	7	3	6
978	107	6	12.98
927	9851	3	38.29
113	1446	16	97.64
113	3306	5	26.95
126	13822	3	26.19
12634	14	9	34.12
839	145	15	100.19
19877	14	3	6.62
1942	101	6	5.95
106	3673	3	9.59
4318	1467	3	35.73
342	799	6	43.52
887	1191	4	35.42
8691	371	4	46.15
6420	3028	14	253.74
7380	615	3	34.11
128	1844	5	27.98
169	7772	5	48.17
102	12173	3	9.95
22260	1006	3	45.02
102	16359	3	12.13
26160	14	5	22.3
113	307	10	23.85
268	102	29	23.37
1286	2	5	8.41
23552	12	3	9.02
7653	2988	3	43.76
107	2653	4	13.03
102	48838	3	24.09
1295	110	7	25.74
2312	105	4	10.75
3338	106	16	103.92
10840	101	4	13.72
132	8456	6	56.51
1474	102	9	13.13
39265	14	4	22.06
2257	844	3	28.61
14186	102	3	10.93
599	725	4	28.96
6413	400	3	31.08
101	668	38	89.05
3286	3286	3	39.04
127	390	3	5.7
2105	9	5	22.23
31016	14	3	10.08
1561	1138	10	118.28
102	3236	11	36.18
763	1119	5	44.62
102	1514	6	5.33
1684	1366	3	29.65
14045	3335	5	87
8026	117	3	19.58
276	6389	3	28.79
2532	452	5	48.42
19229	140	6	73
1165	1048	8	84.28
208	217	4	11.47
781	3879	20	295.91
12351	102	3	10.41
2827	5643	3	41.46
13596	14	6	17.24
12	23069	3	9.02
31535	14	5	27.58
2186	119	5	26.84
782	190	4	19.69
577	725	7	58.21
24075	180	4	50.96
12	7259	4	4.87
12	4061	6	5.48
101	2076	6	6.58
12	1680	14	12.38
120	17	34	79.73
498	8987	7	93.4
13671	14	5	12.2
2802	753	4	41.43
45188	14	3	16.55
2130	113	5	22.66
155	936	5	24.99
8465	442	3	33.21
2104	1128	3	29.77
865	137	3	10.28
114	9838	3	20.02
102	6797	7	27.23
104	6433	3	11.91
12	16699	3	6.66
101	34269	4	30.64
487	7931	5	61.37
907	176	3	13.17
3010	104	5	17.31
375	12388	3	35.29
1710	104	5	12.06
1835	404	4	33.57
301	204	3	9.07
40213	131	3	35.61
13402	12	3	5.58
6077	101	4	8.72
2	4018	3	8.32
102	1541	6	5.48
12	242	80	57.6
189	378	3	9.44
24933	7841	3	59.13
314	7988	3	31.02
2	7496	4	18.54
10448	2993	3	45.84
49451	14	3	16.55
6677	210	5	50.64
23778	14	7	38.61
1891	115	4	16.56
1132	4479	3	34.24
1308	15188	3	43.39
101	5968	3	5.01
2521	3291	3	37.45
142	12570	4	38.79
12	3367	6	4.03
214	223	10	47.36
909	10256	10	159.31
351	7797	3	31.76
157	2851	3	18.74
6444	172	4	35.64
2194	14	43	139.03
153	1406	8	53.7
4535	14	7	6.65
16	803	7	24.12
37758	162	3	38.05
5819	30790	4	82.33
7477	11514	3	52.6
769	161	15	104.82
7	3328	3	8.62
1150	146	15	109.11
5994	235	7	76.63
5107	120	3	18.5
6399	12	5	6.93
45171	204	3	45.11
1935	486	3	24.64
14527	459	5	68.8
10050	14	9	27.18
103	10335	3	14.06
7238	115	3	18.82
4518	101	4	6.74
3264	14	24	64.27
652	363	8	60.64
35	30138	5	60.07
202	2197	3	19.94
2721	20870	3	50.07
101	25222	3	14.79
6359	105	5	25.41
134	1720	17	140.75
109	141	16	10.3
6028	14	6	6.88
2001	1302	4	42.95
40639	4264	4	84.59
6635	7935	3	49.11
368	1283	4	29.98
29272	14	3	10.08
2444	213	7	61.27
709	12	51	83.08
35	48864	3	36.04
104	13596	3	16.82
27506	14	4	14.69
268	130	3	3.92
4896	2908	14	241.37
1313	118	7	32.95
4896	528	4	43.2
4867	101	3	3.91
2722	7	11	55.87
12824	12	10	46.87
169	1218	3	14.29
3453	9843	7	122.49
102	12208	3	9.95
530	375	5	31.5
801	273	4	23.79
4315	2365	4	54.15
1663	149	18	155.19
107	234	9	6.41
106	366	7	6.56
106	7061	6	35.82
1094	544	6	51.61
8894	14	7	15.17
1378	12	30	55.32
242	925	3	16.06
3418	101	7	15.27
1091	153	6	33.5
18288	14	5	15.74
695	112	5	11.31
2	450	23	61.12
217	2539	6	51.15
13	397	3	9.57
2	617	12	23.88
309	3777	3	26.15
17576	16	3	24.65
103	2462	6	18.96
15087	14	4	8.56
29902	14	3	10.08
283	7625	3	30.14
113	11828	3	21.16
1355	104	6	13.99
334	103	10	8.45
50172	14	3	16.55
16	219	10	17.95
119	1533	60	609.77
12	21176	3	8.09
1002	112	6	19.2
422	772	7	55.26
38130	14	3	12.18
303	378	3	13.08
146	128	9	12.92
12	18266	4	12.38
276	2467	3	22.83
116	5949	3	17.51
7214	14581	4	74.93
8221	12	5	9.3
102	2126	10	23.05
2769	758	4	41.46
3892	101	4	5.59
962	172	6	34.88
1508	16835	3	44.88
17453	1647	4	64.57
101	5131	4	7.53
33937	19282	3	69.59
3934	2196	3	37.73
126	814	18	116.86
7788	12	12	43.41
422	1908	3	23.89
1835	109	10	48.01
119	126	19	32.97
208	499	3	11.68
118	915	7	27.94
2314	2314	3	34.8
8843	245	8	98.3
110	1643	32	236.25
106	130	48	72.59
1117	128	3	10.68
4497	6803	22	464.99
149	13480	5	52.92
142	18726	3	29.67
255	1085	7	52.26
3118	316	3	25.14
9989	127	3	23.98
1107	2335	5	55.75
402	1764	4	33.15
169	8023	13	158.67
12	14645	3	6.09
1696	1513	3	30.22
4794	35058	4	85.72
112	3320	3	12.47
14330	131	8	91.71
2694	715	4	40.65
12	8717	4	6.17
109	2118	5	18.63
2170	909	17	226.72
6743	104	6	33.1
570	4127	4	42.5
12	25674	3	10.16
3954	14	24	75.84
8911	134	3	24.13
16738	16818	10	258.18
14256	103	5	32.64
7314	177	3	25.91
8659	291	3	31.25
5208	102	8	28.61
2237	3122	7	97.74
6226	12	5	6.61
7	5363	4	17.39
12306	34329	3	66.13
184	13045	3	30.16
141	312	38	255.72
1699	731	3	26.02
3118	1468	4	47.43
3050	17	3	14.71
12	11720	4	8.48
8389	407	6	75.15
5701	102	6	19.04
9212	101	4	12.18
7807	1869	4	57.52
652	946	7	63.14
9	437	21	90.34
13001	12	3	5.13
437	770	9	76.05
37056	14	4	22.06
108	2703	3	9.04
769	461	4	27.59
8637	7501	3	50.58
1100	1151	6	59.98
17714	14	7	29.34
33167	2124	3	54.75
25556	12	3	10.16
189	12638	4	42.96
8940	122	6	54.61
106	2235	3	6.97
1850	845	3	27.33
13138	371	3	35.23
5268	2317	4	55.59
608	439	5	34.15
1821	185	4	26.24
298	16521	3	35.8
162	112	9	5.66
4494	5168	6	96.6
190	2064	3	18.79
9077	9	3	19.24
108	5299	3	12.89
109	5679	4	20.8
3953	101	6	12.83
1312	18496	4	62.7
330	290	3	12
12	8339	4	5.81
1928	12	11	8.33
30430	476	5	84.26
12	10700	7	21.39
529	960	7	60.38
712	1321	4	34.82
58	228	23	69.95
170	298	3	7.14
5211	101	3	4.19
975	1168	3	25.18
36667	117	4	48.96
5888	5877	5	82.7
1279	563	25	302.53
3738	58	3	13.01
109	223	8	6.16
1081	128	3	10.5
102	8498	5	18.21
21532	12	3	9.02
29950	14	3	10.08
113	1558	5	19.47
14907	21	3	22.9
1496	262	13	123.69
12	7370	8	20.26
203	8473	3	28.21
13196	12	3	5.13
1330	1697	4	41.7
9551	9	3	19.61
7466	320	4	43.6
102	1103	92	532.07
12	1827	15	16.98
524	3214	5	51.89
3691	6583	4	61.1
1298	23880	4	65.38
12	20675	3	8.09
190	10463	3	28.85
1740	114	24	178.86
8708	407	3	33.2
7270	196	4	38.42
2113	4337	3	38.1
145	1833	5	30.1
11233	12	4	7.94
622	2526	4	39.17
11333	141	3	26.07
23601	14	3	7.51
467	10723	15	245.21
12	3252	9	10.89
632	130	3	7.97
27110	14	3	8.62
1026	836	4	33.85
102	4970	13	59.94
12	8257	4	5.81
446	169	3	9.05
12	2790	8	6.52
1549	9132	7	109.82
2871	101	4	3.9
1842	103	3	4.32
125	3012	3	16.39
590	11664	3	37.17
12	941	15	4.14
482	111	27	129.22
126	6854	4	30.96
623	1146	4	32.58
117	156	7	4.24
1165	128	5	23.11
7199	12	8	20.26
119	6349	6	47.46
29395	14	4	17.19
6043	1512	3	38.03
35507	14	4	22.06
781	5220	4	46.62
907	1426	9	98.69
4517	8	5	30.16
1540	853	4	37.28
17	124	25	52.36
22623	14	6	27.48
101	4734	6	14.83
1438	1165	9	103.1
124	6759	5	40.86
863	12	60	137.64
12	2623	8	5.81
1654	223	3	18.92
104	2029	4	9.33
101	514	13	4.7
189	494	10	58.89
1347	667	7	68.52
677	406	4	25.76
744	7306	3	35.2
1516	12	11	4.85
2537	102	5	6.96
404	2652	4	36.57
110	39787	4	45.31
107	2105	3	7
24839	12	5	25
641	6127	4	46.63
254	1182	3	17.75
2573	107	3	7.99
3017	779	6	68.42
977	126	11	64.14
111	2639	3	10.93
109	35228	3	28.62
682	1492	4	35.4
202	103	26	35.61
594	236	8	51.91
12	8641	4	6.17
5641	152	3	22.29
329	201	3	9.28
5076	10137	4	68.23
1730	12	22	36.91
5004	14	31	151.09
9821	12657	4	76
3060	107	3	8.91
1051	146	10	62.64
109	1946	5	17.68
110	1582	3	7.4
36082	10648	3	64.74
1584	5049	3	37.08
196	248	18	106.19
107	368	10	15.71
106	236	10	7.8
133	1077	9	52.81
160	406	9	43.36
2005	12	10	6.77
295	953	3	17.69
1823	19826	3	47.72
647	772	3	20.79
58	1162	3	6.35
3052	14	39	150.89
4078	101	4	5.89
698	845	3	21.57
187	1032	3	14.46
246	156	3	5.22
12	2349	12	14.06
837	10155	6	86.09
275	809	7	49.59
13856	106	4	26.55
7	15241	5	36.38
35709	14	4	22.06
102	16953	3	12.13
6076	14	5	4.32
5053	101	4	7.32
521	249	50	509.17
3523	813	4	43.7
22933	14	5	19.46
10787	5761	5	90.26
1321	114	3	8.07
146	234	5	11.2
1739	106	30	194.62
112	10001	4	28.21
961	442	4	28.73
4985	148	6	51.18
1024	104	8	18.48
35592	14	4	22.06
124	601	20	122.14
5810	1006	3	35.29
1218	26860	3	47.41
10002	14	14	61.77
1561	139	5	28.06
198	16313	3	32.55
6351	12	4	3.87
103	2626	5	14.64
1062	1580	25	345.15
11035	12	3	4.36
5351	14	17	51.5
12134	106	3	16.88
13374	12	3	5.58
755	130	13	75.44
1066	4949	3	34.59
1773	2615	3	33.83
8926	148	6	59.14
12	2097	11	9.64
25922	12	3	10.16
103	6497	3	11.05
3963	21	38	422.33
22178	14	6	27.48
2	3594	3	7.7
26049	2248	6	119.56
12	6241	5	6.61
1471	101	10	13.39
19339	101	3	12.61
51819	14	3	16.55
5289	12	5	5.24
550	6242	3	32.45
13185	14	5	11.3
25719	14	5	22.3
2562	1098	7	84.18
12	21592	3	9.02
238	5192	13	156.92
102	22834	4	22.67
3462	175	4	30.46
22487	14	6	27.48
2466	57	3	10.42
150	3213	4	27.1
2315	193	4	28.65
5317	109	3	13.43
20223	14	8	44.13
47080	14	3	16.55
5620	12	5	5.75
1982	1042	3	28.89
12	4845	5	4.57
101	2510	6	8.23
929	476	3	20.1
8179	101	3	6.82
40717	14	3	12.18
21968	14	5	19.46
19171	6214	8	177.3
2	595	9	13.17
103	959	7	12.08
102	2936	8	19.8
104	2572	8	32.8
20041	117	3	26.16
5964	25077	4	80
1745	101	9	13.02
6283	247	5	51.84
2864	136	4	25.37
19415	162	4	45.65
491	2617	3	26.46
106	14090	3	17.91
18705	14163	4	82.96
2556	21363	3	50.71
1990	101	5	3.85
8255	148	15	184.63
929	6390	3	35.57
126	3678	7	53.43
5595	34460	3	60.67
34646	3822	3	58.27
52783	14	3	16.55
298	3066	11	121.2
20477	165	3	32.15
30364	267	3	40.47
109	50608	3	33.11
57	2961	3	11.53
37736	106	3	26.82
3921	2996	3	39.52
1526	157	16	134.44
2715	312	3	24.22
257	245	6	26.4
1852	150	5	30.75
2057	51127	3	59.01
58	832	14	62.25
647	1221	3	23.34
1191	127	9	52.53
52829	14	3	16.55
4169	489	3	29.2
4968	111	3	14.67
6336	101	3	5.19
111	1509	3	7.85
378	137	3	6.37
20782	16	3	25.52
831	456	5	37.27
318	769	4	24.86
440	5647	3	30.6
1758	1062	3	28.26
7	426	7	7.15
1275	14	76	248.22
1491	7598	5	71.49
5191	38457	4	86.22
106	2655	3	7.84
15148	12	4	10.52
7152	255	4	40.87
1015	120	3	8.98
11295	101	3	8.49
1287	102	15	31.68
113	421	6	12.08
18228	141	4	42.39
8	305	7	12.26
386	1376	11	108.22
101	1117	12	13.98
157	332	6	21.52
422	867	3	19.1
40626	14	4	22.06
47445	12	3	18.18
16822	664	3	40.08
1676	101	7	6.97
285	12952	4	47.54
119	1120	10	53.29
9635	12	8	25.87
17	1488	3	10.51
46391	14	3	16.55
116	410	4	6.38
5380	244	3	26.82
115	286	6	9.81
26323	14	6	33.09
9709	315	3	32.41
102	2666	4	4.48
12	1868	13	12.3
1053	14	155	804.7
3102	103	3	6.9
2075	101	5	4.18
7128	294	5	55.43
12	2576	8	5.64
188	145	41	229.22
104	2050	3	5.56
102	5893	5	14.37
2585	877	3	29.5
102	8125	3	7.52
102	16684	4	18.88
360	3936	5	50.95
26964	26539	3	68.04
7645	2740	3	43.23
118	571	6	17.48
208	2776	5	41.19
670	13095	4	53.73
692	2441	13	161.94
510	926	3	20.31
53897	14	3	16.55
22380	14	3	7.51
20034	14	3	6.62
102	4064	3	3.9
27044	12	3	10.16
101	848	16	19.62
663	467	3	18.16
179	26164	3	35.57
2634	12	35	126.88
141	2048	4	23.05
12	13375	3	5.58
8912	12	4	6.17
1908	1	3	13.94
1309	4963	3	35.99
766	835	6	52.71
9267	295	3	31.78
11217	451	7	96.65
6421	101	4	9.28
801	134	4	15.24
1116	102	21	51.09
105	743	5	5.91
9144	744	4	51.62
13087	403	5	65.59
1935	2112	3	33.22
139	376	3	6.47
168	240	12	53.58
11703	14	8	25.79
1633	102	18	52.57
2660	12	7	4.02
6815	431	3	31.67
23898	12	3	9.02
1748	11417	3	42.97
913	341	3	18.25
31420	14	3	10.08
3530	114	5	27.8
162	3272	7	58.29
52618	14	3	16.55
640	846	4	30.55
208	9767	6	68.61
346	777	3	17.54
346	546	7	48.14
2934	717	4	41.34
322	125	3	4.58
13810	14	7	22.96
42616	44350	3	84.68
678	766	4	30.29
8601	473	8	108.98
300	165	3	6.9
12	4356	6	6.15
1528	109	18	101.41
3249	101	6	10.78
12109	12	3	4.72
101	3003	4	4.1
25875	3682	3	54.18
108	9440	3	16.46
3014	127	4	24.36
3401	635	18	248.54
143	919	3	10.91
35	3330	4	20.24
2218	107	5	16.88
11650	1871	5	79.27
1232	1699	5	53.62
8190	3345	3	45.07
524	2829	3	27.28
44565	24269	3	76.36
2321	643	3	27.26
102	991	14	21.4
120	337	6	14.88
2107	8082	4	58.6
101	3887	5	8.85
8306	1094	4	53.38
5623	120	3	19.09
102	6690	3	6.55
3030	8664	7	118.78
242	3017	4	33.21
108	10522	4	25.5
149	6653	3	23.22
6045	101	6	17.82
8154	1093	3	37.81
242	547	7	42.64
446	123	6	18.7
30282	14	4	17.19
6615	128	3	21.29
101	7758	3	6.29
2045	105	3	5.9
1714	12	21	33.08
4915	145	6	50.76
122	242	5	8.57
251	128	4	6.35
12	12110	4	8.48
1040	104	5	7.72
101	11986	3	8.91
161	20881	3	31.97
711	1398	16	187.67
20904	106	6	53.64
47309	14	3	16.55
44550	26969	3	76.36
702	473	3	18.57
322	209	3	9.5
13385	7244	9	189.97
181	15595	5	58.1
1032	10350	3	39.28
107	1786	14	69.49
107	4019	6	29.25
41825	9	3	35.38
3410	206	3	22.75
4053	107	5	22.5
1212	4988	3	35.4
3604	235	4	34.43
1284	158	3	13.98
137	1193	3	11.98
2726	2	8	31.66
6088	102	3	5.94
12	11461	3	4.72
909	3823	3	32.13
12	12581	5	13.78
263	3644	8	82.75
910	111	5	13.13
370	642	3	16.9
105	801	5	6.41
160	12	121	50.66
107	2534	5	17.99
408	711	3	17.91
657	9371	3	36.06
475	105	9	13.25
37539	6298	3	61.34
8994	101	3	7.11
1418	265	4	27.94
1453	353	5	40.52
101	8704	4	11.74
112	1258	6	21.86
102	534	86	339.89
992	1047	6	57.83
107	27698	3	23.38
8	9642	6	49.14
1321	4009	10	142.22
1196	111	3	6.54
334	285	3	11.95
109	11101	7	56.6
101	20624	3	12.61
1839	12	10	5.74
960	146	3	11.19
789	103	8	13.36
23297	120	3	28.96
103	905	6	8.38
29934	14	3	10.08
281	481	4	20.57
252	1389	8	65.95
12	2300	12	13.8
3971	245	4	35.47
1927	1896	6	73.71
4570	19570	3	53.27
628	501	33	364.75
2379	972	3	29.68
36343	14	4	22.06
9602	8	8	71.42
30103	14	4	17.19
338	106	10	13.44
9107	8631	6	114.42
998	118	10	48.49
3586	263	3	24.8
3698	120	3	16.46
12	624	26	12.05
102	53384	3	24.09
12	4565	6	6.64
102	7594	4	11.92
35982	14	4	22.06
12212	25400	5	112.36
294	2950	4	35.04
2693	134	4	24.7
20244	12	3	8.09
900	9241	3	37.78
1300	15821	3	44.01
10200	14	10	34.77
5669	102	3	5.57
1452	1260	3	28.16
318	480	4	21.52
159	1050	3	12.87
107	616	5	5.97
108	1799	3	6.83
12	27976	3	11.65
13033	12	3	5.13
7114	239	4	40.3
20327	12	3	8.09
3062	116	3	13.63
106	5062	3	11.35
909	34954	3	49.53
253	147	3	4.6
133	2734	3	16.71
320	575	24	224.82
227	169	3	5.47
133	997	5	22.82
109	1174	4	8.57
51514	491	3	50.65
6178	387	3	30.73
10950	12	3	4.36
18170	30670	3	66.49
844	249	14	117.11
18988	10797	4	80.84
879	12	18	6.95
113	7968	5	36.45
562	130	3	7.34
16765	102	3	12.13
112	121	56	135.4
3144	5493	5	75.31
3237	211	3	22.51
6779	12	5	7.27
810	105	11	28.86
4501	8	5	30.16
12	24972	3	10.16
836	185	23	197.4
772	175	11	73.75
8659	101	3	7.11
12	29160	3	11.65
1149	128	3	10.83
1922	13799	3	45.08
501	1328	5	42.67
1052	1924	11	135.73
48036	117	3	36.72
1558	3322	3	34.45
431	7018	3	31.94
202	202	4	10.44
10712	12	3	4.03
5160	101	4	7.53
12	10307	3	4.03
9	6352	11	93.34
8423	451	9	123.44
2291	14055	3	46.24
109	16871	3	20.95
620	107	19	67.35
265	21	6	7.65
231	206	21	130.96
1254	2070	13	172.46
3023	672	3	29.05
9477	12	4	6.56
149	15764	4	41.92
131	252	4	6.71
10477	14	10	34.77
1049	102	14	22.52
276	10786	3	32.37
854	723	8	74.08
6990	14	18	73.08
40610	14	3	12.18
853	224	3	14.99
51628	14	3	16.55
5388	29029	3	58.23
133	283	3	4.7
644	14	157	548.36
436	9	7	15.68
12	10544	3	4.03
683	529	4	27.53
201	610	3	12.48
4894	106	4	17.2
111	1773	3	8.7
12	13057	4	9.09
102	11130	5	21.43
530	1481	4	33.55
1161	101	13	17.44
198	1723	7	54.29
12	13454	3	5.58
20050	14	7	32.71
12967	14	11	49.77
190	181	3	4.77
6226	1006	5	65.15
108	872	6	13.34
1554	101	7	6.21
112	110	301	1266.15
46894	14	3	16.55
12	14199	3	5.58
1997	116	4	17.11
562	2586	4	38.47
12	11690	3	4.72
827	155	10	61.62
104	2589	3	6.7
12	2063	14	17.2
123	970	8	40.24
7544	14	9	21.58
9548	4294	3	47.52
2590	109	3	9.3
114	9449	3	19.65
5077	115	6	41.91
12224	14	10	38.93
148	190	9	24.72
115	479	24	122.56
116	2	45	13.58
2795	826	5	54.8
3493	639	7	81.93
24400	12	3	10.16
13976	14	8	29.37
907	507	3	20.2
870	155	4	17.7
5080	3424	4	58.52
102	4799	4	8.38
5464	106	6	32.42
163	41295	3	42.57
12	1303	22	26.38
4306	175	4	32.15
22836	13079	3	61.07
15507	977	5	75.63
13456	2954	3	47.68
155	3551	4	28.8
12	649	43	52.18
486	462	4	24.24
8644	185	10	121.16
3186	17736	3	50.16
207	230	3	7.51
2282	3437	3	37.08
2315	115	3	11.91
102	18599	3	12.86
1035	766	6	55.07
1605	247	3	19.51
221	203	3	6.96
251	1297	10	85.42
12	418	29	6.45
4987	12	7	10.53
13940	327	3	34.95
155	7614	16	199.4
101	6877	3	5.6
135	7545	3	23.21
58	6724	5	33.11
13092	14	11	49.77
236	102	63	112.19
652	738	3	20.54
168	319	6	22.39
107	5476	5	25.65
164	324	43	326.18
5880	124	3	20.27
107	1749	9	36.16
139	19860	7	89.51
701	127	5	18.6
13169	14	10	41.51
107	3202	4	14.36
1342	791	4	35.76
222	13	8	30.58
57	6632	5	32.77
437	102	24	29.36
982	154	22	177.94
300	150	3	5.87
113	1841	3	9.8
259	35238	3	42.48
10248	13273	4	77.33
54099	14	3	16.55
142	4975	3	20.88
17080	166	3	30.53
231	648	5	28.27
238	32236	3	39.65
773	1399	61	934.19
30608	182	4	53.79
12	14988	3	6.09
137	582	6	24.51
1153	587	3	22.37
16589	109	3	20.95
15728	12	9	48.15
6094	109	5	29.1
149	9631	3	25.7
4015	104	3	9.1
3469	17695	4	70.53
918	110	3	4.62
107	6767	4	20.45
160	132	7	10.82
128	1657	3	13.07
12069	162	5	52.69
53912	117	3	36.72
372	367	3	14.02
10353	101	5	18.9
11060	2892	3	46.05
6829	2	4	17.46
522	155	71	671.11
7513	21	9	77.57
273	245	31	242.98
1644	276	10	92.66
1203	122	42	377.16
4898	48216	3	64.2
129	14224	4	37.93
117	116	26	29.26
522	4336	3	29.82
296	41730	3	48
126	198	13	39.5
7372	122	5	41.2
186	129	5	6.57
12	2840	8	6.71
760	101	11	6.51
126	5176	10	91.83
509	777	6	47.29
101	1227	11	13.21
2	6624	3	11.33
1742	1	4	20.08
16	426	4	5.89
125	16924	3	27.44
150	400	8	33.92
362	4114	3	27.68
1379	150	7	43.64
3502	30351	3	55.5
440	12718	3	36.05
14690	5032	4	71.55
33316	21774	4	101.04
1297	1696	3	29.31
16	641	3	4.79
382	142	4	10.91
12	7464	6	12.17
418	101	30	36.98
32872	14	4	17.19
3662	12451	3	48.45
27723	12	3	10.16
2	274	18	25.15
1744	289	3	21.16
1847	705	5	49.16
1601	12	20	27.72
2944	782	4	42.04
12	22658	3	9.02
21309	12	4	14.98
175	519	3	10.26
2616	14	47	187.39
101	5656	4	8.22
12	2093	9	5.45
156	146	21	76.23
2167	107	3	7.14
661	1820	3	25.95
1114	12	20	15.74
126	3691	5	34.6
12	3513	10	15.25
757	1414	3	25.19
50076	14	3	16.55
819	131	6	26.64
1573	109	3	6.59
26866	184	3	35.88
2315	854	3	28.72
2379	154	4	25.57
707	15411	4	55.8
1064	106	9	26.28
492	1159	4	30.85
354	19420	5	71.14
46091	35831	3	80.18
8061	12	5	8.84
2402	127	4	22.67
12	3048	12	19.29
247	489	12	84.37
1471	111	3	7.71
6008	101	4	8.72
12	4631	5	4.36
12	388	30	6.32
101	248	22	4.48
102	1115	7	4.68
313	3480	8	85.44
21063	542	3	40.57
12	2353	10	8.93
2116	104	6	19.04
424	1294	3	21.52
4428	3138	3	40.52
119	251	17	61.5
21857	12	3	9.02
2097	106	10	45.09
14503	101	3	10.44
7	4593	9	51.92
406	6801	3	31.43
13054	8306	6	118.66
106	2485	6	22.87
2606	385	6	59.3
22906	14	7	38.61
7719	131	7	66.11
102	10077	9	49.07
109	23508	3	23.58
5218	122	7	57.3
16470	14	4	9.39
8	1035	12	57.43
137	246	20	95.76
1733	1260	3	29.31
41495	14	3	16.55
9479	14	16	75.96
1482	118	14	89.05
462	119	4	8.42
3675	107	3	9.93
3388	163	3	19.95
309	32127	3	41.44
473	363	4	22.47
565	375	3	16.23
7	4903	12	78.8
35555	14	3	12.18
3088	101	4	4.21
47913	14	3	16.55
110	869	6	15.8
16336	14	9	43.27
165	169	9	24.92
34250	28	4	61.04
35013	2168	3	54.91
408	1750	3	23.14
9891	4964	3	48.54
13275	12	6	20.33
3625	14	38	164.88
35204	12356	3	66.13
941	113	5	14.75
712	4016	34	560.98
1320	214	4	25.4
139	2588	3	16.76
204	175	4	8.79
572	109	4	4.48
12969	12	3	5.13
559	16720	3	39.11
5396	107	3	12.24
6491	11961	3	51.53
162	1257	4	21.04
3197	14	49	242.45
16975	14	7	26.79
299	33520	3	43.54
4780	107	9	55.37
786	103	10	20.39
1806	104	3	4.87
36891	14	3	12.18
6555	131	13	137.85
281	328	3	11.68
17530	34195	3	68.72
662	214	3	13.42
822	2780	6	68.02
12	118	422	366.27
12916	501	10	155.32
2012	345	3	23.09
102	5876	3	5.75
2	7368	4	18.16
11348	109	3	18.2
1041	15266	5	76.17
11376	12	3	4.36
103	3677	7	29.73
121	3527	4	23.97
101	829	10	5.53
102	1692	18	53.64
5913	8856	8	150.09
1957	12	15	18.63
36470	102	3	19.63
363	3095	11	125.81
206	164	4	7.95
1233	2115	3	30.4
750	106	7	13.54
11896	12	3	4.72
11	226	27	280.05
1866	339	6	53.65
14176	12	4	9.76
27725	14	3	8.62
22478	106	3	21.79
3543	1832	7	96.49
1437	12	14	9.35
158	445	7	30.69
284	3697	25	334.81
102	275	30	26.35
12	3952	8	10.64
249	103	10	4.48
3312	101	13	43.34
12	1855	12	9.78
101	1971	10	18.31
280	6465	3	28.94
1497	342	5	40.57
356	146	3	6.43
1465	109	7	25.38
1886	703	4	37.67
5927	213	6	61.55
35	1047	4	11.32
10847	7194	3	51.85
1640	119	3	11.28
1293	12	12	4.47
1328	141	14	104.28
826	18064	5	76.84
584	275	3	14.52
735	249	3	15.03
24233	101	3	14.79
11699	114	5	41.45
342	3496	24	325.12
532	16842	4	54.66
3983	253	4	35.74
2484	101	9	18.61
3510	14	35	138.69
216	28600	3	38.9
58	1055	7	24.56
112	435	11	32.32
26748	14	6	33.09
112	636	7	19.16
533	1017	8	72.17
22469	12	3	9.02
101	27464	3	14.79
11009	36272	3	65.17
8271	245	3	29.64
2268	4444	4	54.02
260	194	5	17.44
41672	14	3	16.55
12	27829	3	10.16
13471	19139	3	60.6
4795	7	3	10.78
106	2942	5	18.86
35885	14	3	12.18
129	3767	3	17.95
3800	14	13	21.79
105	589	6	6.87
12992	115	9	93.6
27665	14	3	8.62
1192	128	3	11.07
1392	4951	4	50.9
3360	1169	3	32.7
710	716	4	29.98
113	861	7	23.92
743	5195	3	32.85
29517	14	4	17.19
3570	1366	3	34.21
11434	762	4	53.48
956	12	24	20.32
9271	131	3	23.92
375	5083	4	41.42
57	2719	3	10.95
7025	181	3	25.89
1050	1484	5	50.46
32353	14	5	27.58
3445	494	3	28.12
12	15679	4	11.38
679	14	171	664.54
58	2466	11	67.78
19638	14	7	32.71
403	21	6	11.89
14660	1101	3	42.18
879	423	4	27.85
977	723	8	76.21
559	1583	4	34.42
139	372	10	43.63
133	16960	3	28.29
111	702	4	7.34
3017	5054	3	40.99
886	2507	5	54.33
2038	101	6	6.36
1047	3007	3	31.41
110	2314	8	40.84
57	333	6	8.23
703	107	8	17.14
6872	14	25	137.9
475	192	3	10.74
109	8073	5	32.26
471	4067	3	28.9
13746	198	4	44.42
12	47255	3	18.18
1551	101	8	8.63
113	4362	3	14.69
198	4433	4	34.15
174	102	28	3.86
1371	9200	3	40.35
133	2247	3	15.55
34766	117	3	32.23
4380	146	5	38.88
3257	570	3	28.59
1180	101	8	5.38
5552	104	3	10.86
40006	14	3	12.18
342	392	4	20.86
3446	1847	3	35.8
179	873	3	13.22
178	2048	3	18.19
585	2240	6	61.78
273	4183	3	25.88
112	27687	3	26.71
823	725	5	41.27
730	120	4	11.89
10094	106	4	23.33
7406	14	7	12.44
101	796	11	6.95
127	518	3	6.83
365	13898	5	65.69
4505	12	5	4.17
661	2365	12	145.52
221	351	4	16.12
219	615	11	76.58
12	2636	10	10.48
794	116	3	6.21
102	1387	9	12.39
12	137	283	336.47
2	1618	15	62.57
279	3210	4	35
110	9437	3	17.87
454	2689	4	37.4
623	5403	3	32.31
52308	163	3	42.57
1891	1057	3	28.69
460	125	3	6.23
704	8926	3	36.06
485	1109	6	50.67
2001	11141	3	43.85
335	203	3	9.6
1561	705	3	25.3
20911	14	4	11.5
1712	14	51	151.79
8525	12	10	33.88
725	451	12	107.68
127	3804	13	118.44
102	230	92	222.29
39962	14	4	22.06
115	993	3	7.13
5380	1071	3	35.21
132	12106	5	49.2
1001	101	8	3.97
2033	17	3	12.35
22093	14	6	27.48
6260	14	27	148.93
1339	576	5	44.18
103	11337	3	14.47
3431	12	7	6.4
6396	6956	4	66.65
10948	14	12	51.57
3660	3903	17	302.54
3366	105	3	8.49
199	429	4	16.19
101	15099	3	10.44
331	14	352	1475.18
8	2727	8	47.76
13212	13	9	116.32
27124	12	3	10.16
593	710	11	101.74
22588	14	5	19.46
368	1701	3	22.45
253	2528	3	22.38
26093	14	4	14.69
47109	14	3	16.55
19723	14	5	17.39
192	200	74	603.33
440	235	32	281.02
40674	14	4	22.06
22051	14	7	38.61
108	4369	3	11.71
8	5	6	24.72
236	2309	11	108.53
2954	106	19	126.15
121	10701	3	23.12
564	1	4	11.78
103	14773	3	16.53
948	34571	3	49.76
1343	4866	7	96.85
570	154	48	419.23
101	31176	3	16.33
2845	106	3	8.2
132	3442	4	26.34
21010	14	5	17.39
15978	8671	6	123.88
5179	12	5	5.01
31468	14	4	17.19
102	504	14	8.79
215	240	3	8
1023	6105	3	35.59
10063	207	3	29.47
280	2758	4	33.89
13	835	4	19.92
39845	14	3	12.18
477	6558	11	150.3
7730	247	3	29.1
1433	1194	3	27.71
8307	141	3	24.19
1238	7395	4	53.26
25265	14	4	14.69
7815	5269	3	47.54
107	9521	3	15.6
16479	126	5	52.26
7265	14	6	8.92
6245	101	5	13.39
13403	9	4	31.94
5053	111	6	38.04
7726	12721	3	53.11
360	2081	6	55.65
15985	4609	10	215
24167	12	4	16.81
101	2450	5	5.34
104	5796	5	23.99
12	718	53	91.35
243	16762	3	34.28
12	3079	8	7.52
1268	898	3	25.36
633	2786	9	105.82
1262	5940	4	51.43
1068	4138	8	106.22
1446	171	3	15.4
4268	147	3	20.05
7269	1433	4	54.48
179	635	8	46.43
656	546	3	18.91
145	351	4	10.51
6032	341	3	29.74
373	700	6	43.04
834	149	44	400.24
676	313	7	49.38
165	123	7	8.9
164	780	5	24.21
110	950	6	16.75
2988	14	23	55.35
49243	14	3	16.55
101	12236	6	27.18
23698	14	6	27.48
1161	111	7	25.62
17994	19636	3	62.63
6784	1260	5	68.38
8735	14	7	15.17
1856	175	5	34.14
101	14068	3	9.88
107	36736	3	27.18
1997	105	4	9.63
3831	101	4	5.59
257	2396	6	52.93
704	320	4	24.18
107	2036	7	26.82
165	4373	4	31.23
3502	20083	6	115.87
857	888	5	43.42
226	847	3	15.18
22187	106	4	32.21
3567	5529	4	59.22
107	427	19	55.32
607	486	3	17.94
21479	12	5	22.13
127	15146	3	26.91
386	8975	6	75.44
9111	56	3	56.24
12317	12	4	9.09
9244	102	5	19.36
200	2421	3	20.27
5754	21626	3	55.83
1513	342	3	21.29
9859	101	3	7.75
2473	102	12	35.04
10469	35	16	192.26
3329	2160	4	51.11
3682	832	3	31.39
48818	14	3	16.55
919	2396	4	41.45
30817	1174	3	48.66
4285	14	33	145.85
225	57	6	4.46
105	272	8	4.51
379	7224	4	44.62
23506	102	3	14.68
27163	14	3	8.62
118	267	5	6.87
176	1556	3	16.32
2140	13168	10	184.67
10309	14	4	5.64
16	3991	4	21.87
23502	14	7	38.61
12	4617	7	9.51
3486	107	4	15.14
102	7590	7	29.25
4598	101	7	19.04
11887	106	3	16.88
1240	103	4	5.03
51199	14	3	16.55
101	1024	8	4.08
2	1131	8	17.75
1268	106	4	7.28
5259	102	3	5.24
3169	13206	8	147.81
3487	24255	4	75.43
1054	1663	36	535.41
8405	198	3	27.87
450	747	3	18.72
4743	325	4	39.44
2285	189	9	78.62
13183	12	4	9.09
302	144	111	1007.76
7584	1825	3	40.78
29533	14	5	27.58
116	113	15	3.86
1839	149	31	313.85
972	12	23	18.83
12	3761	9	13.08
663	3259	4	41.56
142	15341	5	53.38
898	7304	3	36.16
579	202	6	32.7
989	447	10	91.48
1496	780	3	25.62
102	2179	6	8.76
103	2575	3	5.93
12	3434	12	21.85
1781	196	3	18.27
9772	14	15	70.68
3796	102	4	6.62
34854	12	3	13.78
6140	14	28	154.45
626	5342	3	32.11
17	1313	4	15.32
115	821	4	10.32
243	681	4	21.55
323	1141	3	19.03
226	262	5	19.71
1854	2124	4	46.33
297	21082	3	37.42
5490	101	3	4.49
38018	14	3	12.18
1212	36413	4	74.27
231	629	15	117.31
233	1880	3	20.12
234	1748	3	19.68
1664	2361	10	135.75
812	7696	5	65.48
399	223	4	17.11
3023	9	6	33.13
12003	12	3	4.72
12	11000	3	4.36
108	7899	3	15.48
43448	34729	3	80.18
19465	12	7	36.5
683	22007	3	42.91
2406	13545	8	145.33
267	24052	3	38.88
444	2374	3	25.39
4382	102	4	7.61
159	519	3	9.26
3675	3151	3	39.33
9868	134	3	24.86
11439	1007	3	39.57
36549	14	4	22.06
4145	101	4	6.05
5968	7	3	12.1
606	1302	4	33.62
2686	107	8	37.32
1659	109	3	6.89
14833	102	4	17.96
223	499	3	12.16
107	4007	3	10.45
23853	14	3	7.51
531	1541	3	23.63
401	128	3	5.81
2412	154	11	93.94
20729	175	4	47.02
1318	503	3	22.46
924	19712	4	61.06
530	1196	5	41.9
8844	18854	3	56.65
4679	1	3	19.25
191	328	4	13.69
260	118	7	13.08
41470	7	3	30.88
469	236	6	32.94
536	406	3	16.35
271	111	14	34.39
4130	14	31	126.75
556	277	17	139.82
2	1068	13	39.37
125	1113	7	36.04
121	650	30	203.32
103	2269	11	46.5
12466	12	7	25.08
3611	247	3	24.33
101	1890	19	56.74
125	1996	6	36.27
16454	14	9	43.27
2	2480	5	14.28
3318	1451	4	47.77
12	3999	6	5.48
2595	250	3	22.39
2113	106	3	6.69
41844	122	3	39.13
1802	265	14	141.26
102	35730	3	19.63
269	199	5	18
3124	11688	3	46.96
7513	103	4	18.48
588	109	17	62.65
509	20000	3	40.24
101	35140	3	18.52
1300	17344	6	101.14
1980	586	3	25.83
6489	12	5	6.93
5461	102	8	29.69
12	194	83	32.55
9100	101	5	17.6
101	2174	8	13.11
101	750	11	6.32
730	212	8	52.56
2321	448	6	59.25
29157	102	3	17.44
24080	3018	3	52.96
15024	184	4	44.52
548	104	9	13.91
17057	1379	4	62
1807	728	3	26.4
29177	14	3	10.08
18207	341	3	37.34
490	1720	7	68.02
335	102	86	266.69
115	218	5	4.3
781	2347	49	793.25
9633	133	3	24.68
969	2709	6	69.5
519	643	6	45.42
102	22028	3	14.68
870	648	7	61.93
18148	136	6	70.09
2641	153	13	118.22
12	4046	6	5.48
49572	131	3	40.11
10932	14	6	14.08
726	6923	5	63.46
404	12716	3	35.71
32160	14	3	10.08
102	309	42	67.58
103	449	169	1178.98
102	2430	10	25.36
826	252	3	15.7
1570	1557	3	29.91
520	2405	3	26.3
44217	9	3	35.38
486	2569	4	37.49
144	818	3	10.35
101	6446	10	42.65
1883	101	7	8.3
12	4341	6	6.15
153	206	40	246.8
2	1371	7	16.71
103	1336	37	210.97
101	2129	6	6.81
576	127	3	7.42
302	377	45	444.88
2863	193	4	30.42
9699	12	4	6.98
213	2078	3	20.03
4902	1101	6	78.19
19739	14	7	32.71
1927	4166	6	83.38
4323	24916	3	55.21
57	9649	4	27.66
160	58	22	41.48
161	730	4	16.93
131	510	3	7.02
105	820	6	9.55
7415	16	3	18.36
107	162	31	49.82
11407	14	7	18.93
2065	3645	12	184.4
2482	988	5	55.35
443	240	3	12.19
475	116	4	7.15
143	11068	3	26.16
294	245	41	354.85
200	2184	3	19.77
112	2114	14	90.38
19702	148	3	30.82
138	6580	7	65.11
1481	241	40	475.22
1455	467	3	22.63
1930	14	66	273.41
114	4346	5	29.96
231	6311	3	27.37
1699	5711	3	38.35
11767	14	10	38.93
6634	21541	4	79.06
185	15928	4	45.5
106	787	7	13.93
106	3008	3	8.48
1248	241	55	675.26
317	379	148	1909.03
1596	30493	5	95.82
1591	227	14	132.84
3169	17117	3	49.4
701	116	3	5.63
609	134	5	18.88
108	441	216	1881.82
30360	3718	3	55.77
1547	1054	7	76.31
2507	522	3	26.48
7752	14	8	17.12
234	176	3	6.13
1317	14	55	140.05
2339	884	7	80.13
123	12755	3	25.16
8	3822	3	13.89
112	2334	26	210.55
205	269	3	8.34
1669	916	5	50.48
102	10637	3	9.13
980	240	3	16.38
429	137	3	6.9
14596	24470	4	88.54
670	2040	3	26.61
108	626	37	191.69
12	31358	3	11.65
190	3127	47	654.34
3226	2643	4	52.61
409	142	10	45.89
754	10619	6	85.09
347	195	7	33.18
2000	117	3	11.26
164	9290	3	26.48
389	200	6	28.39
19925	14	4	11.5
456	505	6	41.38
523	4241	6	68.21
17	457	6	16.53
1233	3192	8	104.17
251	16785	3	34.45
386	592	12	100.49
102	7764	4	11.92
18051	3195	3	50.16
103	1573	4	6.49
12	454	54	57.26
597	178	3	11.2
25935	25935	3	68.04
53350	14	3	16.55
691	102	15	16.82
302	2801	3	24.34
211	1773	10	87.56
7674	134	3	23.19
102	20916	5	29.68
4067	105	4	14.86
12	16760	3	6.66
1212	8751	4	54.72
363	1511	4	31.14
870	206	3	14.57
6586	14	21	91.03
17064	12	4	11.38
14156	448	7	100.99
12	1355	14	8.46
12884	14	4	7.19
577	145	17	106.64
1025	648	14	148.55
2008	255	5	40.38
20428	14	8	44.13
388	1125	4	29.21
12	7706	6	12.17
102	2997	4	5.2
3860	111	8	51.24
12	2003	12	11.18
25911	14	3	8.62
872	16	4	10.14
517	102	89	352.68
5663	2382	5	72.96
987	1760	3	27.89
114	22611	4	38.18
5431	2993	4	57.94
33262	676	3	47.9
107	22616	4	32.69
368	2408	3	24.58
45974	14	3	16.55
12123	14	11	46.52
168	569	3	10.27
114	2014	3	10.39
136	3709	3	18.68
7422	14	17	68.15
6400	101	3	5.39
8	4092	4	21.22
12	13498	3	5.58
431	438	3	15.6
53021	14	3	16.55
42971	12	3	18.18
14772	115	6	57.95
3227	106	4	14.06
129	143	13	26.47
508	190	3	10.79
3388	112	13	94.66
106	2706	4	12.71
6791	13031	7	138.12
106	993	4	5.64
195	385	14	88.62
2007	14	80	415.89
4048	103	3	8.28
5042	109	6	34.76
18915	14	5	15.74
890	674	3	21.63
137	340	6	19.12
13847	14	10	44.61
2445	6807	4	58.19
842	299	9	71.21
229	125	6	12.43
102	14324	3	10.93
231	155	21	109.61
226	810	3	14.95
17553	12	4	12.38
412	35641	3	45.33
289	22844	3	38.24
31834	14	3	10.08
467	5064	17	239.36
113	1385	4	13.07
112	529	13	46.22
443	1829	7	67.73
6361	107	5	27.13
128	178	82	524.4
674	377	4	25.16
10071	12	4	6.98
57	140	28	50.68
1212	101	22	51.92
735	157	50	469.01
166	110	9	4.23
163	751	4	17.31
109	171	16	17.49
2651	368	4	35.88
32299	14	5	27.58
17381	12	6	25.21
9360	115	7	61.26
132	8073	5	44.41
1519	101	9	11.07
12	12271	3	5.13
370	1881	3	23.14
263	4840	3	26.62
4073	2662	3	38.94
5890	12	5	6.02
46322	14	3	16.55
1006	102	9	7.88
103	9337	3	13.31
12577	314	4	48.28
3851	13676	3	49.28
51458	14	3	16.55
507	4005	3	29.2
7082	2944	4	60.01
1046	5601	6	79.69
109	1583	3	6.64
108	1191	4	8.12
3902	267	5	47.8
40573	14	3	12.18
529	289	4	21.4
2062	7	3	6.19
12	12472	3	5.13
710	746	3	21.05
103	6161	3	10.61
183	1219	5	30.71
12	340	88	128.3
364	17	5	10.4
207	3044	4	31.79
856	10832	8	122.62
3790	472	5	52.82
361	6434	4	43.17
150	3798	3	19.56
17	984	4	13.11
718	190	3	12.62
5054	12	5	4.78
1474	160	6	38.2
23957	12	3	9.02
3666	1356	3	34.35
11624	102	3	9.95
102	1790	10	19.66
8557	12	4	5.81
3449	112	4	19.24
2972	312	8	82.73
12	6686	4	4.34
20879	14	7	32.71
5050	104	3	10.31
2192	12	8	4.2
1561	4753	3	36.67
121	763	43	339.15
12139	14	11	46.52
255	29361	3	40.12
102	2530	7	13.73
101	7923	4	10.93
861	1695	3	26.85
2054	16908	4	65.28
13909	14	9	36.54
12	5938	5	6.02
1091	704	3	23.02
103	4761	5	20.3
16	554	4	7.31
4935	229	4	36.96
582	148	5	19.64
14940	12	8	35.9
422	1107	7	59.73
3058	13050	3	47.35
146	7913	12	136.23
18387	12	3	7.32
12	19023	3	8.09
817	498	3	19.55
115	143	40	122.2
624	340	3	16.26
17	1624	3	11.04
101	7708	4	10.56
387	1127	3	20.14
861	3399	4	43.77
432	8529	3	33.11
104	518	8	10.26
828	208	3	14.38
136	515	13	69.48
142	1240	6	33.41
135	122	9	10.21
200	206	13	63.06
617	3105	3	28.78
163	19045	3	31.99
7769	101	4	10.56
12	11097	3	4.36
3901	105	4	14.49
5817	141	6	52.61
106	2519	3	7.58
2034	403	3	24.03
889	102	26	63.63
983	1511	4	38.28
606	5055	3	31.59
110	5863	7	47.4
15558	12	4	10.52
12	25768	3	10.16
12	30771	3	11.65
14832	1522	4	61.82
156	9864	4	37.78
6215	12	4	3.87
9409	109	3	17.01
5575	4062	3	43.35
6499	154	4	33.83
602	11726	3	37.28
295	280	3	11.2
4798	925	3	33.63
2	8621	3	13.01
12	10140	4	7.44
102	8901	5	18.77
3084	112	3	12.03
11226	2944	7	122.53
58	440	6	10.92
1318	101	8	6.86
6268	107	9	60.82
15095	16218	3	59.57
4190	573	5	55.61
129	218	15	54.77
128	613	28	194.75
254	2109	5	41
286	2167	10	99.94
20297	14	8	44.13
678	9	7	20.56
34974	12	3	13.78
121	9288	3	22.35
127	10015	5	45.74
17248	12	3	7.32
216	528	7	40.27
28133	12	4	19.34
102	620	58	198.22
101	1795	8	10.46
53219	14	3	16.55
226	42720	3	46.06
103	4182	4	13.42
989	50851	3	54.51
39143	14	3	12.18
12	17203	3	7.32
116	220	5	4.55
243	531	19	153.43
2381	12	8	4.87
2434	105	3	6.73
101	22896	3	13.59
149	4653	4	30.31
11961	102	3	9.95
12	23579	3	9.02
29268	114	3	29.07
364	1273	9	82.03
150	222	3	4.05
12	16844	3	6.66
1832	3853	3	36.4
15266	12	3	6.09
12	6180	11	31.76
1376	102	15	33.64
18214	1278	3	44.63
15908	17359	5	109.79
2	5986	3	10.66
153	2184	7	51.71
2832	109	4	15.34
598	448	4	25.56
127	165	53	272.64
102	40228	4	32.13
2915	12	11	15.31
522	740	20	206.7
179	832	4	19.59
118	125	9	4.3
117	510	3	4.23
31673	14	4	17.19
305	1219	4	28.02
13730	14	7	22.96
3886	106	3	9.85
4741	12	6	6.9
242	3174	3	23.47
144	129	8	10.1
18717	14	8	37.98
539	10323	3	35.7
209	198	4	10.43
17	541	3	5.36
14584	12	4	10.52
43709	4788	3	64.2
1841	102	9	16.72
11719	14	11	46.52
7481	8995	3	50.58
14065	415	3	36.35
12	3574	7	6.83
1270	113	3	7.69
14797	14	8	31.63
140	8561	3	24.12
7460	655	3	34.73
13252	544	5	69.03
15570	32895	5	120.86
13336	42318	3	71.18
107	9299	3	15.6
359	164	3	7.74
2698	102	9	22.85
336	128	5	12.7
309	16778	3	35.96
1983	3618	4	51.08
1498	703	11	121.45
101	5451	3	4.49
102	6324	7	26.05
12	7563	4	5.17
103	2762	3	6.26
762	402	12	106.84
62	151	3	13.48
104	257	9	4.88
575	106	15	42.84
2	5273	3	9.87
42347	122	3	39.13
2	3691	6	23.67
28067	14	4	17.19
821	902	3	22.83
1146	12	39	75.98
12	567	37	29.68
938	112	18	94.25
38066	14	4	22.06
144	103	21	5.9
4327	562	4	42.72
48951	14	3	16.55
15332	14	6	18.59
146	186	18	71.3
12	18327	4	12.38
14367	180	4	44.18
1265	5351	3	36.13
3046	362	3	25.86
103	4160	3	8.41
2226	520	3	25.88
1716	703	7	72.66
1110	109	4	8.25
111	1666	3	8.42
34226	12	3	13.78
137	194	7	15.57
294	717	4	23.82
782	27616	3	44.91
6537	12	7	14.02
47994	14	3	16.55
375	5368	6	67.83
10164	102	7	34.62
2142	101	7	9.77
4467	101	4	6.56
566	185	10	61.35
26849	14	5	22.3
183	28785	3	37.43
1552	5925	4	53.12
131	105	20	5.46
196	169	14	59.15
106	188	15	12.82
101	32031	3	16.33
13834	8509	3	54.27
12	11142	4	7.94
4137	1120	3	33.69
114	580	4	7.35
103	15436	3	16.53
231	300	8	41.78
812	6668	5	64.04
102	10540	8	42.36
11487	103	3	14.92
284	9920	3	31.83
1632	186	4	25.32
297	2513	10	103.71
1589	419	3	22.68
257	212	6	24.46
37870	14	4	22.06
1219	3932	3	33.97
1306	128	3	11.7
3322	16	3	13.49
253	3400	19	230.1
6898	795	6	79.73
2335	6451	3	41.23
3031	559	3	28.06
3822	27335	3	54.46
20026	109	4	33.09
404	161	11	57.41
1100	185	23	209.42
9536	171	3	26.88
12450	12	3	5.13
7669	104	3	12.93
12	1022	15	5.15
102	1745	5	4.18
18150	14	9	49.64
19623	131	6	71.23
2258	14	67	328.9
28326	41854	3	77.95
389	767	9	74.53
27002	217	3	37.33
19199	12	4	13.55
38264	14	3	12.18
17298	101	3	11.78
4575	107	3	11.19
1411	180	17	152.07
2501	14	60	287.03
13117	106	3	17.37
20580	244	3	35.92
102	1608	15	37.9
24228	102	3	15.89
312	561	3	15.08
1439	5643	4	52.18
103	731	7	9.32
104	499	9	12.7
1113	111	7	25.18
629	396	3	17.16
35	18179	4	35.71
156	2138	3	17.01
4030	101	7	17.3
36426	14	3	12.18
3004	14	48	219.89
102	4325	4	7.61
1090	262	15	136.62
1572	860	3	26.34
1574	119	4	16.89
276	7812	3	30.16
3651	8	3	13.63
582	112	7	18.15
5116	14	10	17.69
9095	782	3	37.01
1137	1453	3	27.4
116	823	4	10.53
3642	730	3	30.51
122	118	14	12.88
125	1291	4	17.47
2262	280	4	32.41
2775	102	4	4.77
8751	14	7	15.17
2989	101	5	6.84
1449	419	3	22.08
404	461	13	105.96
12	9873	5	10.9
647	1847	5	48.45
170	124	11	23.96
260	246	6	26.67
16595	14	8	34.38
835	180	18	143.52
12630	188	3	30.21
12589	12	3	5.13
11337	106	3	16.42
111	2965	3	11.7
9756	14	10	33.04
8736	101	4	11.74
7590	4348	3	46
8195	1710	3	40.95
102	15614	4	17.96
18135	101	4	18.49
12	10836	3	4.36
253	2192	3	21.6
738	660	9	81.78
12623	4602	3	49.81
5207	4753	3	43.92
128	5477	3	20.18
917	681	3	21.89
379	138	3	6.44
109	5472	5	28
7	270	21	42.93
37194	14	4	22.06
26716	14	4	14.69
399	141	3	6.85
3498	102	4	6.19
16213	14	9	43.27
33685	114	3	31.3
8	389	15	53.21
12	5860	5	6.02
990	395	4	28.4
419	372	3	14.68
6199	12	4	3.87
163	41232	3	42.57
792	102	10	7.31
3940	109	3	11.67
102	37593	3	19.63
2184	153	19	181.69
542	37319	3	46.66
179	1651	3	17
29114	375	3	42.6
208	4050	4	34.06
5733	12	14	44.99
460	238	8	48.31
312	1984	3	22.37
175	17951	3	32.13
120	122	92	427.78
102	6480	6	20.83
3382	105	3	8.49
46654	14	3	16.55
183	3615	4	31.58
7246	2	3	11.84
101	343	33	36.79
12	227	94	79.68
351	571	10	77.44
2356	5090	4	55.45
961	982	5	45.42
143	314	6	18.76
21121	101	3	12.61
1358	7	4	7.34
241	1384	4	27
3402	109	3	10.79
1097	3010	3	31.64
426	140	5	16.39
424	3362	5	50.81
1035	9	8	31.38
903	2489	5	54.49
719	738	6	50.49
1151	15797	3	43.09
663	20032	4	58.66
239	923	3	16
4094	111	4	20.18
216	5945	6	61.74
6252	107	3	13.08
2	3161	3	7.04
101	720	10	4.12
12	1099	21	17.58
109	31384	3	26.4
1241	2535	5	57.85
5604	149	7	64.35
435	179	7	34.05
461	137	4	11.71
6153	368	3	30.17
436	2158	3	24.76
24151	12	4	16.81
137	2334	3	16.09
608	4470	4	43.64
8	24370	3	27.28
254	890	3	16.21
256	148	107	921.69
286	1394	4	28.59
105	448	6	4.84
133	346	6	18.73
2365	12	8	4.87
12240	14	10	38.93
106	351	6	4.13
107	220	10	7.26
53235	14	3	16.55
1639	2784	3	33.79
332	101	19	6.92
2446	109	6	26.14
9	152	11	8.69
8815	22812	4	81.48
31452	14	4	17.19
1853	14	65	255.48
11731	102	4	15.74
4697	109	8	50.39
108	2926	14	88.73
28654	12	3	11.65
108	805	17	68.91
289	3879	7	73.05
2718	1853	3	34.35
18701	14	7	29.34
886	7	6	10.74
2874	188	3	20.7
1467	28716	3	50.15
12694	101	3	9.37
2844	105	4	12.23
12407	10160	8	170.61
51377	11472	3	70.13
134	1739	4	21.19
2361	39167	3	55.41
12996	162	5	53.61
101	15887	3	11.07
1225	21	3	7.54
14747	12	3	6.09
400	5333	3	29.77
1953	44002	3	58.72
39829	14	3	12.18
40447	14	4	22.06
7405	101	3	6.04
104	3334	3	8.01
101	6501	3	5.39
5145	112	4	22.48
2491	350	3	24.51
13286	4355	6	110.91
149	3735	6	47.79
115	1345	3	8.83
412	9741	3	33.99
623	5746	3	32.73
1543	7	6	16.51
1227	101	14	22.25
143	556	4	13.27
31818	14	4	17.19
2909	114	5	26.04
2558	106	3	7.67
11086	14	14	70
3761	414	4	39.49
758	502	3	19.29
665	4002	5	56.55
21936	14	7	38.61
1466	120	7	37.45
102	4679	4	8.17
101	5545	3	4.49
40557	14	4	22.06
12	1950	22	42.38
250	1	4	6.33
102	3064	4	5.31
278	117	32	150.11
103	37276	3	24.82
458	3021	3	26.98
11992	365	3	34.64
32337	14	5	27.58
16	1091	3	7.18
3720	175	4	30.99
3306	773	3	30.39
272	163	3	6.13
1884	20460	3	47.92
51474	14	3	16.55
5384	7807	4	66.31
6955	551	4	46.77
125	1573	5	25.95
102	2337	5	6.39
104	2709	4	11.37
12307	44015	3	70.63
42892	131	3	40.11
101	5746	3	4.83
18616	14	9	49.64
3332	943	3	31.42
713	566	4	28.39
141	325	11	47.33
2539	287	4	33.48
44237	24497	3	76.36
20895	14	5	17.39
10811	6170	10	202.58
110	984	3	4.97
258	810	5	31.37
1922	12148	3	44.03
161	7404	4	35.51
953	1804	6	64.15
8496	109	6	41.9
410	155	17	102.03
258	4733	3	26.3
2875	4236	5	71.81
52516	14	3	16.55
2749	109	3	9.65
191	687	3	12.44
257	120	5	8.29
21738	101	4	21.21
531	1209	3	22.12
112	2433	5	22.85
12857	101	3	9.37
111	1083	7	24.75
139	230	3	3.9
8995	12	8	23.72
1826	21	5	21.3
114	518	4	6.59
7390	14	20	92.9
1522	102	19	54.68
5515	106	3	11.9
134	791	12	71.44
21437	24535	4	93.4
163	1698	8	58.28
106	143	64	150.07
320	393	3	13.53
323	3215	4	36.14
106	918	4	5.19
7196	11590	14	321.24
35	14252	12	144.18
41191	544	3	51.18
134	2245	3	15.72
6571	101	3	5.39
953	2512	3	29.78
49055	12	3	18.18
39313	271	3	42.74
23592	23592	3	65.56
111	1724	3	8.58
2208	12	11	10.48
436	2428	3	25.43
12	10337	3	4.03
1320	147	21	175.88
261	106	93	463.7
233	977	3	16.19
111	1053	3	5.9
5030	127	3	19.57
401	555	4	24.21
7	1220	53	363.04
26155	106	3	23.02
285	146	6	17.87
1244	4537	6	79.15
12	25085	3	10.16
108	4256	3	11.56
539	1230	4	32.1
12392	123	3	25.16
7657	12	4	5.17
4595	102	3	4.51
1429	105	9	29.69
29985	14	5	27.58
673	4463	3	31.37
2065	209	5	38.25
1656	119	5	23.86
6420	3965	3	44.32
9272	14	14	58.68
5609	970	4	49.05
38173	14	4	22.06
12	10366	4	7.44
22047	177	3	34.14
104	9868	3	14.54
8194	12	7	17.82
10776	1428	9	150.45
137	118	11	10.64
18678	12	4	12.38
107	4556	3	11.19
1357	8508	3	39.61
181	11193	4	41.22
106	963	11	34.41
107	823	4	4.98
10130	116	3	21.3
671	444	4	26.14
1034	8401	3	37.82
3983	6011	3	43.85
244	13910	9	126.1
159	164	4	4.98
226	652	5	28.11
6057	23716	3	56.05
7152	977	3	36.36
1900	17587	3	47.12
8266	14	7	14.42
149	10250	6	61.9
3839	7	3	9.46
283	13106	4	47.5
174	817	3	12.58
10110	1460	17	324.51
12	488	35	19.17
189	130	20	75.38
102	1293	7	6.25
27681	14	6	33.09
7275	334	3	30.83
12	2221	9	6.21
3826	8135	3	45.55
4538	152	3	20.98
44280	12	3	18.18
3941	7334	3	45.1
119	115	481	3430.76
47293	14	3	16.55
12	18278	4	12.38
3242	127	5	33.51
146	113	24	45.69
1982	193	3	18.81
574	491	3	17.67
822	7216	5	65.08
22660	14	4	12.9
12811	717	3	38.66
7670	5024	3	46.86
47780	14	3	16.55
2905	4206	3	39.86
102	2382	6	9.57
1032	2526	4	42.82
115	3123	3	13.6
12	18522	3	7.32
1357	3372	6	76.5
178	312	16	93.62
16	270	5	5.62
2858	6897	7	114.02
110	9232	4	26.34
102	670	20	30.42
23713	291	7	111.61
127	1515	3	12.48
155	352	31	215.46
58	13073	3	20.82
10249	102	3	9.13
3311	14	39	161.05
12	7548	4	5.17
417	185	33	265.85
12	5448	5	5.49
1207	4656	3	35.04
12	9212	5	10.32
102	9955	3	8.76
3145	107	3	9.02
4969	14	8	10.43
12796	106	4	25.79
1667	104	5	11.88
9960	245	3	30.7
15770	17332	4	84.78
228	118	7	11.42
6295	207	3	26.49
12446	9054	4	75.48
5427	2394	3	40.2
36581	14	4	22.06
204	23554	4	50.6
1432	38954	3	52.27
30704	14	3	10.08
1482	488	6	54.5
913	1144	4	35.21
294	6579	5	54.54
2088	12	12	12.06
35	47274	3	36.04
1671	1041	7	77.24
9758	58	3	19.04
102	12499	4	16.41
1254	4236	12	175.77
1422	221	4	26.17
772	496	9	77.92
126	29531	3	32.94
7475	12	4	5.17
192	767	5	27.05
11109	14780	7	150.57
4434	973	3	33.45
2	43307	3	29.35
6512	106	5	26.95
410	629	4	25.4
3957	152	3	20.06
5458	101	4	7.98
1212	5133	3	35.58
7	8026	7	45.49
258	262	7	34.07
108	2945	5	20.82
4378	107	3	10.88
881	1338	4	36.42
561	186	3	11.25
7451	105	3	13.04
2784	16	6	33.41
747	118	4	10.5
8	3411	3	13.25
12	7242	6	11.65
281	4034	3	25.99
103	36991	3	24.82
143	1672	5	29.08
855	10215	3	38.24
3181	14	48	232.31
3815	200	8	78.04
271	306	4	16.96
396	226	10	61.49
4483	101	5	10.15
103	2192	4	8.92
122	194	6	9.07
156	801	5	23.68
101	7997	3	6.54
163	41275	3	42.57
11408	159	3	27.49
1618	103	5	10.32
12	1069	33	50.11
2647	101	7	12.12
39112	131	4	53.48
3998	276	7	72.76
921	10063	4	53.6
101	21575	4	21.21
364	151	5	16.24
341	14939	3	35.91
16921	14	8	34.38
10463	12	3	4.03
208	229	4	12.1
22169	115	3	27
16	1108	4	11.74
5923	14	25	115.15
53208	159	3	42.49
146	691	3	9.54
239	111	40	167.27
45823	5561	3	64.96
126	4250	4	26.98
101	4862	3	3.91
102	8228	3	7.8
27368	14	6	33.09
662	147	14	85.89
125	408	6	18.88
127	688	3	8.24
126	1068	6	28.65
634	105	13	33.08
121	1987	5	26.56
1208	368	7	59.41
12	246	75	48.72
103	1113	10	25.96
282	8231	4	43.47
16716	14	9	43.27
26284	12	3	10.16
1808	4798	3	37.76
388	1996	3	23.74
826	39735	3	49
27317	14	3	8.62
10040	117	16	188.31
25715	239	3	38.11
7464	1247	3	38.43
16707	14	5	14.37
116	133	12	11.03
36699	674	3	47.85
244	239	3	8.81
933	560	5	39.98
517	111	5	8.68
1812	23417	3	48.68
491	212	4	17.96
9976	127	5	45.74
102	3009	6	11.87
34790	12	3	13.78
104	130	21	4.85
12	2023	19	32.63
102	788	40	123.38
3396	13181	5	86.19
3250	5632	3	42.23
10994	773	5	69.62
3612	127	5	34.57
513	113	96	759.8
7220	12	9	25.15
5231	107	3	12.05
103	3167	3	7
189	306	9	43.69
102	1185	9	9.86
12	442	32	11.18
351	109	11	22.64
109	25305	3	24.82
12	7041	5	7.62
208	425	5	23.2
1739	210	3	18.78
10485	809	3	37.94
1565	214	4	26.71
101	6668	7	24.76
6223	12	5	6.61
2	1152	27	124.99
29062	14	5	27.58
126	447	12	55.22
12	8535	4	5.81
2230	11807	5	81.17
138	444	3	7.08
230	2243	3	21.13
1124	1143	3	25.8
2370	14	21	36.73
329	103	11	10.33
566	313	8	56.07
7689	12	6	12.17
2960	1821	3	34.91
405	767	3	18.36
3288	137	3	18.08
108	1792	3	6.78
162	427	13	73.18
38280	14	4	22.06
2728	13353	7	125.94
7	714	87	593.91
909	34955	3	49.53
17280	4305	3	51.91
21075	12	4	13.55
2306	145	8	59.76
203	3593	7	65.76
5280	137	3	20.94
6691	4073	5	80.34
27805	14	6	33.09
1320	287	10	89.37
2851	107	3	8.62
748	172	7	39.92
4740	14	35	184.05
5759	101	9	33.89
17788	14	8	37.98
39816	12	3	13.78
3164	1235	6	74.43
638	223	14	106.29
9387	101	4	12.18
20389	1080	3	44.37
313	28307	3	41.49
1460	369	18	196.46
375	4901	4	40.92
108	2524	5	19.37
17679	14	5	15.74
2689	6914	7	113.03
297	1030	80	1064.49
22074	7735	3	57.59
12	899	18	7.57
13	1666	3	17.28
7821	123	6	53.27
8405	597	3	34.88
5525	102	7	23.98
2162	54394	3	59.4
2254	101	5	4.82
4515	101	6	14.52
1062	703	8	77.03
12	21949	3	9.02
965	124	3	9.65
504	12994	13	220.39
40478	12	3	13.78
12	6735	6	10.7
1087	4912	4	48.72
37381	14	3	12.18
248	622	4	21.14
15785	16	3	23.89
9102	6650	10	199.8
12	7488	4	5.17
356	199	3	9.62
6954	4510	3	45.77
103	4587	5	20.02
12	5508	6	8.38
123	708	6	23.36
104	366	10	11.88
5871	102	7	24.97
12	4026	7	8.05
102	2707	5	7.47
121	2313	3	13.81
118	1160	3	8.39
271	130	11	39.34
873	3963	8	102.29
13465	762	4	55.6
29267	14	3	10.08
658	18128	6	93.16
3281	1734	10	143.54
155	6702	3	23.88
1374	731	3	24.74
316	4554	6	63.82
20755	141	3	30.49
233	534	6	34.07
5724	263	10	118.86
300	114	9	19.91
1735	105	5	12.84
1224	688	6	55.8
979	719	5	42.85
404	596	13	112.11
5844	101	3	4.83
108	453	198	1687.84
288	112	9	17.06
29286	184	4	53.93
43488	12	3	18.18
5037	102	4	8.59
8109	12	4	5.48
48549	14	3	16.55
129	700	3	8.41
9584	101	4	12.66
253	2123	5	40.82
226	1362	3	18.01
324	118	5	8.41
18603	12	3	7.32
11805	5497	8	155.59
401	112	8	18.02
102	15123	3	11.49
398	2274	5	46.38
435	1104	3	20.52
778	544	8	68.71
9083	14	12	44.06
1194	12	15	7.7
37954	14	4	22.06
537	172	4	15.95
5554	101	4	7.98
21956	131	6	74.48
3638	148	4	27.93
6543	572	3	32.95
4792	3479	5	75.24
765	153	5	23.1
18091	14	4	10.35
57	1383	4	11.78
2	31183	3	22.65
2654	338	3	24.63
803	114	8	28.88
833	1689	4	37.94
1557	141	17	138.98
1323	8610	3	39.8
330	272	5	24.14
307	29676	3	41.43
102	16266	3	12.13
174	183	3	4.35
103	9441	4	20.21
142	1046	4	17.64
12	9696	5	10.9
25103	14	3	8.62
2269	12	9	6.37
333	10819	15	243.5
227	6057	3	27.03
13606	1217	3	42.23
11849	102	3	9.95
101	25315	3	14.79
708	1238	3	23.88
130	274	3	4.01
2205	4034	5	68.62
15979	6252	3	53.62
772	407	4	26.82
288	148	45	316.24
2062	1366	4	43.64
8	5441	24	251.67
2605	3833	11	173.31
113	3959	4	21.13
368	6462	4	43.33
1735	127	6	34.92
18846	14	4	10.35
28279	12	3	11.65
2957	180	16	167.61
1928	178	5	34.87
199	120	9	18.45
11343	14	10	36.72
8399	264	3	30.19
504	504	3	16.98
105	498	9	13.65
106	730	4	3.98
3569	5205	5	76.09
107	2839	3	8.52
4346	124	3	18.44
197	155	26	134.47
107	2574	5	18.14
1974	978	4	40.36
1462	247	5	36.65
7151	101	4	9.89
172	134	4	3.98
203	1466	3	17.43
14235	2704	3	47.16
114	203	9	12.62
25622	14	6	33.09
200	546	6	31.56
31548	14	3	10.08
495	125	4	10.68
1455	2267	3	31.81
13601	14	5	12.2
910	143	5	23.04
12	9139	5	10.32
101	585	40	89.43
104	2068	3	5.62
151	122	10	15.59
40771	14	4	22.06
2	4053	4	13.28
1303	365	9	82.6
7158	107	9	63.41
18955	1601	3	46.03
3996	104	3	9.1
581	7992	4	48.43
458	5732	3	30.86
41240	174	3	43.54
180	2229	3	18.92
697	20065	3	41.97
751	471	5	36.8
3821	105	3	9.21
32631	14	4	17.19
3210	1283	11	152.4
16	1322	4	13.23
39729	184	3	39.7
7368	245	4	40.81
12	20291	3	8.09
8	8915	10	92.37
101	738	22	33.83
19655	102	3	13.69
1652	263	5	38.74
1173	152	6	33.63
12	2847	7	4.6
3515	109	5	23.45
6615	14	6	7.62
419	2167	4	35.21
1027	122	8	40.81
12	1603	16	16.39
3491	21869	5	95.57
107	12142	6	44.3
14137	101	3	9.88
271	102	72	164.8
3370	141	4	26.97
20974	20844	3	63.51
12	16513	3	6.66
2624	6096	3	41.39
19034	436	3	39.5
178	710	5	25
6760	2304	7	110.14
26707	12	3	10.16
696	160	4	16.55
102	1015	14	21.81
1178	451	13	130.77
46750	14	3	16.55
103	3120	4	11.31
102	2748	5	7.6
372	134	21	120.71
298	7700	3	30.5
2091	102	6	8.38
2757	147	3	17.48
12761	101	3	9.37
114	412	11	34.14
1193	992	4	36.23
684	931	6	52.46
21423	11983	3	60.57
1049	101	9	6.13
1559	415	4	32.38
11252	805	3	38.37
1118	374	3	19.86
571	1219	4	32.51
1047	4075	3	33.19
844	2699	3	29.61
137	281	12	49.48
52655	14	3	16.55
135	2658	3	16.71
11646	4355	3	48.98
114	1309	22	146.03
1161	102	24	66.08
1766	16	3	9.89
2478	667	3	27.84
9445	285	5	58.23
24232	1014	4	65.21
6475	101	4	9.28
3122	287	3	24.57
3634	2981	10	156.97
951	951	5	45.01
2485	2406	3	35.5
109	4434	5	25.86
504	51311	3	50.76
129	6514	8	74.33
57	469	7	14.89
236	52312	3	46.34
2274	1014	4	41.85
541	110	22	94.49
120	4807	6	45.04
12	5231	8	14.88
12648	21	3	21.76
16991	16991	3	60.24
12	3781	11	19.99
102	2990	6	11.87
9129	103	3	13.31
3154	12	28	98.9
103	881	11	26.13
459	294	5	28.14
51376	51341	3	84.68
553	107	10	21.49
16026	12	6	23.3
255	13750	5	61.81
5768	124	4	29.46
5417	12	6	8.38
16	13	48	201.49
2022	6897	6	91.12
587	3377	5	53.69
10969	14	15	82.74
102	2167	5	5.86
16359	12	4	11.38
155	4485	8	73.48
2	4539	7	33.04
36136	136	4	54.36
12	6055	5	6.31
1440	1046	6	62.4
12	50964	3	18.18
101	1044	8	4.31
2	1111	7	13.82
102	1899	10	20.84
9298	264	3	30.88
13551	316	3	34.79
7974	101	11	55.63
12806	102	4	16.41
12	24048	3	10.16
549	2766	3	27.48
940	304	3	17.79
488	699	6	45.64
10460	102	4	14.57
390	538	23	219.68
17	420	3	4.36
144	258	3	4.67
485	6691	9	119.4
1635	11965	4	60.1
2554	1820	5	61.88
12	4899	6	7.17
12	7010	4	4.6
8435	2580	3	43.46
4817	146	3	20.8
699	140	3	9.39
34724	14	4	22.06
103	8345	3	12.65
101	9664	3	7.75
432	1093	9	81.44
112	174	370	2991.09
3237	107	5	20.34
3225	110	4	17.44
132	3741	11	98.4
346	300	33	297.63
36960	14	4	22.06
2029	1040	11	136.71
1580	149	28	265.76
102	11187	15	120.48
102	14353	3	10.93
710	2585	3	28.36
467	7963	3	33.21
5032	101	7	20.23
2127	172	4	26.48
1043	109	7	20.75
12	10489	5	11.52
102	9376	3	8.42
113	7028	3	17.68
8531	101	4	11.32
288	3772	4	36.66
105	2447	3	6.81
225	156	5	12.19
5385	12395	8	157.39
738	4278	3	31.59
5964	520	20	307.35
106	229	11	9.55
4078	102	4	7.09
3052	2	3	6.85
101	9171	6	23.57
6214	643	3	33.35
1666	149	3	14.76
23948	14	7	38.61
12	4821	5	4.57
1593	339	3	21.57
189	257	6	22.05
12	361	73	90.03
5053	102	4	8.59
5632	134	3	21.23
42544	3740	3	62.63
363	207	7	35.16
2118	2874	3	35.64
12	19798	3	8.09
274	158	3	5.92
4206	864	8	103.49
1644	553	8	80.89
102	16950	4	18.88
1229	287	5	36.7
32339	106	4	36.75
6634	15847	3	54.11
12	706	19	4.83
102	3802	5	10.22
12	4670	5	4.36
5323	101	3	4.34
3152	148	28	312.13
7790	115	19	213.99
3578	101	5	8.28
5351	2	3	9.87
8990	14	14	55.98
2530	2548	5	65.2
4546	14	17	45.34
460	344	4	21.87
623	6932	4	47.74
584	4728	7	85.2
1198	104	5	8.84
1303	7453	6	86.2
2852	13462	4	66.21
127	1389	3	12.03
2195	102	9	19.65
22628	862	3	44.15
339	19365	5	70.7
6321	2426	3	41.16
172	199	6	16.68
4320	58	3	13.87
12	14764	4	10.52
114	130	22	31.95
3876	102	4	6.77
12	12527	4	9.09
2852	4305	3	39.76
102	9828	6	26.52
602	12124	5	68.17
1070	315	3	18.58
1164	43370	3	55.39
133	2922	5	33.73
119	12648	4	34.64
35821	14	4	22.06
197	115	28	98.18
107	133	17	5.86
567	161	7	34.28
380	645	3	17.04
501	958	3	20.44
9821	14871	4	77.63
4794	4488	4	60.15
10261	995	6	88.03
1759	149	22	202.09
164	3394	3	20.06
1453	2308	3	31.89
647	312	4	23.46
296	2490	3	23.54
112	1343	6	22.67
200	2932	14	146.12
3466	102	4	6.06
33944	12	3	13.78
58	4960	4	21.96
2611	22388	3	50.9
149	10874	3	26.53
313	28502	4	59.3
736	703	28	326.14
23147	14	7	38.61
3672	163	3	20.46
110	622	5	9.06
109	226	9	8.82
2333	883	29	428.58
4312	299	3	26.91
6608	141	3	22.51
37083	14	4	22.06
3438	107	3	9.57
2924	407	3	26.28
12	11344	4	7.94
10220	7	3	15.59
2774	604	3	28.05
3476	27062	3	53.92
1712	113	3	9.33
120	223	129	988.47
2165	623	3	26.76
363	19451	5	71.33
514	303	4	21.62
2393	102	4	3.86
29113	2	3	22.65
14240	12	3	5.58
103	20146	4	28.04
9919	2	3	13.71
15612	1042	4	58.62
134	9737	3	24.86
12	21568	4	14.98
3367	849	3	30.96
102	4965	8	28.1
1336	104	5	9.92
2354	14	57	245.76
9257	3497	5	82.67
482	114	5	9.68
1084	313	5	36.18
2871	102	6	11.5
188	2805	4	29.67
104	1332	9	27.43
663	427	4	25.91
2700	440	4	37.17
17331	5413	3	53.51
118	780	3	6.53
48251	14	3	16.55
273	334	32	275.85
4744	102	3	4.64
8711	107	3	15.26
14732	102	3	11.49
102	3343	4	5.79
101	511	24	27.25
9034	9	3	19.24
2559	117	6	33.69
863	103	21	74.96
1648	14	73	287.12
3156	1888	4	49.7
2	1031	15	48.66
102	255	59	107.09
665	4493	13	178.35
14517	12	3	6.09
20847	14	7	32.71
960	638	3	21.83
11684	14	10	38.93
116	656	3	5.36
1676	102	8	11.85
241	116	7	11.2
25531	14	5	22.3
239	5882	4	38.67
566	16000	3	39.23
12	22952	4	14.98
6558	459	4	44.84
1065	101	11	10.67
3102	12	7	5.43
420	962	14	135.85
18991	102	3	12.86
19045	286	4	52.5
4913	12	8	13.96
25028	122	5	59.82
183	704	4	18.76
12	6821	4	4.34
102	8124	4	12.29
52941	14	3	16.55
6448	101	3	5.39
102	1394	48	226.68
1109	107	35	205.73
12	7	771	256.31
1377	1834	5	55.64
7136	58	4	24.9
8	28097	4	42.44
115	1676	5	21.63
2982	5672	3	41.78
12	18176	4	12.38
1832	157	3	16.03
1292	1125	6	61.98
10367	58	4	28.48
39092	14	3	12.18
4453	104	3	9.67
17992	12	3	7.32
1145	102	20	47.57
2160	12	17	27.69
13289	7	3	17.49
11151	101	3	8.49
4441	12	17	52.87
12	4410	5	3.98
1091	1219	3	26.11
102	7251	3	7.01
24429	12	3	10.16
7453	101	5	15
136	872	5	22.02
2169	106	3	6.83
886	1366	3	25.77
25831	14	6	33.09
52104	14	3	16.55
258	1851	3	20.69
20079	14	7	32.71
10167	12	10	40.04
706	699	5	39.52
16834	209	9	129.59
4550	177	3	22.92
12	11037	3	4.36
114	102	233	248.45
201	135	6	12.19
172	181	9	29.41
174	923	4	19.85
2209	2780	4	49.98
27962	1077	3	48.22
8	7801	3	18.45
1010	926	5	45.32
8067	101	3	6.54
2	12428	3	15.45
262	117	21	78.52
534	2267	3	26.1
109	2661	5	20.72
1752	403	3	23.08
129	654	5	18.21
605	1701	9	95.65
18244	131	4	41.12
410	733	3	18.1
408	2032	5	45.4
317	19424	7	106.72
204	604	21	169.91
1696	521	5	45.4
680	523	35	399.23
234	9	11	21.32
1098	25656	3	46.71
123	11228	3	24.2
12021	1048	3	40.25
929	3604	4	44.89
123	5471	5	37.98
7091	162	15	181.15
12682	2446	4	64.13
12	663	34	29.64
125	1013	3	10.02
444	26122	3	41.81
45696	14	3	16.55
11865	102	6	29.36
391	176	25	179.39
101	17986	3	11.78
1258	102	34	125.5
689	134	7	32.4
3690	201	4	32.83
102	1127	15	27.52
388	766	10	84.98
40488	42182	3	80.18
123	5816	14	142.75
12	2073	12	11.83
104	203	14	10
363	34766	3	44.64
102	4555	7	21.42
58	10360	3	19.44
9467	4612	3	47.63
870	928	17	193.45
420	18387	3	38.46
9850	1589	3	41.59
1380	995	4	37.63
11359	14	11	43.8
2945	175	4	29.22
45209	14	3	16.55
305	704	5	32.15
102	4689	6	16.84
929	6389	3	35.57
12	1282	18	15.63
123	208	5	7.09
7818	14	20	102.41
39781	14	4	22.06
13670	102	3	10.93
467	10441	8	112.42
738	40293	3	48.39
9313	109	4	25.19
12	10218	3	4.03
10712	178	3	28.32
328	610	6	39.91
2242	128	3	14.9
3621	14197	3	48.87
1	9	28	47.67
28	54501	3	45.77
6577	127	4	30.78
2269	7005	6	92.57
141	867	47	430.63
328	7024	3	30.38
101	11488	3	8.91
102	8764	3	8.1
1315	559	3	22.97
18548	213	5	63.55
682	127	4	13.01
313	13411	5	64.09
24127	1077	3	46.63
667	12325	5	69.92
1107	490	9	83.6
131	294	9	31.36
1661	725	6	60.29
195	3105	5	41.22
406	14	229	784.88
1584	2407	7	88.85
437	2050	3	24.47
1906	1161	4	41.39
24673	7	3	22.6
3601	295	3	25.7
108	1854	15	82.31
740	2763	3	29.01
19180	849	3	43.06
612	3406	5	54.03
431	3686	38	594.83
46732	40601	3	80.18
35	25075	6	72.08
140	7820	8	81.45
1287	101	12	17.05
9	11	3	7.3
13608	2056	8	142.61
1789	14	58	199.54
108	2220	4	12.89
1062	10160	5	71.65
3320	683	5	54.79
260	281	5	22.11
4761	109	3	12.72
11795	102	3	9.95
322	243	18	126.87
1214	1	3	11.18
18637	14	7	29.34
500	820	4	28.39
8725	40198	3	63.6
102	11026	4	15.13
41652	131	3	40.11
168	942	5	26.37
328	335	9	57.66
16622	23875	5	113.78
136	5635	3	21.32
286	230	3	9.66
31593	14	3	10.08
2963	12	9	9.83
110	7147	3	16.04
10348	101	3	8.11
7345	14	6	8.92
107	2499	3	7.82
17041	344	5	67.56
290	170	3	6.96
3383	1380	3	33.88
669	120	11	52.29
21136	14	5	17.39
7	1018	4	5.36
196	346	3	9.42
57	1757	3	8.54
4149	35	41	492.95
565	1046	19	209.74
24215	12	3	10.16
645	58	5	10.5
45744	14	3	16.55
5640	106	14	104.83
103	10059	3	13.67
404	2111	9	93.63
238	26485	4	54.2
744	659	3	20.67
1188	4046	7	91.99
12	13193	3	5.13
296	142	9	34.25
1286	14	50	113.05
2170	4620	3	38.58
254	6550	17	232.3
57	8175	3	17.8
2608	3242	10	151.79
623	10216	4	51.37
13096	101	4	14.98
14120	14	8	29.37
46019	14	3	16.55
134	263	3	4.39
25135	14	3	8.62
29015	12	4	19.34
40316	14	3	12.18
928	2367	3	29.41
3962	244	3	24.78
247	110	7	6.71
102	3961	20	102.08
13166	14	10	41.51
125	2281	3	14.8
1654	17	3	11.15
12	266	57	25.58
102	5708	3	5.57
40201	14	4	22.06
1137	263	6	43.83
19377	21776	4	89.95
178	1186	5	29.67
455	577	9	72
276	6390	3	28.79
102	18147	3	12.86
550	4053	4	41.98
760	1427	3	25.22
120	16	60	171.36
12	1687	10	4.62
7605	134	3	23.19
102	6535	5	15.47
10357	107	3	16.36
4471	112	3	14.23
1979	101	22	74.63
760	1675	4	37.31
40803	14	3	12.18
121	833	11	56.82
101	1284	10	11.35
45522	474	3	50.52
109	3679	3	11.28
6509	184	7	72.89
2615	12	7	3.89
9	1300	5	17.42
12006	102	4	15.74
532	2535	5	49.77
101	9058	4	12.18
11806	117	9	91.95
4418	105	3	10.05
683	612	5	38.08
21	2	96	98.14
955	8	3	6.12
2087	16003	6	105.11
133	970	4	16.39
21676	8	6	65.42
14028	1246	4	59.29
4974	12	6	7.45
11700	14	12	54.97
109	3051	5	22.08
1010	796	3	23.33
58	3054	9	55.68
1212	19901	4	63.18
3982	1838	3	36.55
1966	1229	3	29.87
9891	131	4	34.96
1656	107	11	47.51
733	436	16	152.5
288	535	3	14.36
37290	501	3	46.25
17383	6168	7	144.69
108	5000	3	12.52
47425	106	3	31.31
239	1295	3	18.04
181	1947	12	106.48
150	280	3	5.43
12	38650	3	13.78
631	14	45	38.33
1649	101	38	160.09
280	157	12	54.88
12	3601	9	12.41
102	4869	4	8.38
543	247	3	13.36
40621	14	3	12.18
101	5552	6	16.59
480	362	7	47.32
203	10496	3	29.68
155	372	11	54.48
43776	1369	3	56.57
871	440	3	19.28
485	923	3	20.12
851	160	3	11.8
1699	9344	8	129.97
12	7198	4	4.87
26830	12	4	16.81
125	2555	4	22.84
22274	14	5	19.46
208	35218	3	40.83
5393	105	3	11.24
603	8224	3	34.94
101	6506	6	18.74
101	20404	3	12.61
182	140	4	4.91
11170	102	3	9.52
7516	101	9	39.74
40118	14	4	22.06
3851	6038	4	60.83
22391	14	4	12.9
12	36862	3	13.78
102	18430	6	36.84
359	104	88	460.29
1378	103	9	25.52
391	1426	6	51.84
123	997	16	103.59
102	711	16	20.14
12	1962	9	4.65
16261	14	4	9.39
10221	107	3	16.36
102	6250	3	6.13
8882	101	3	7.11
505	45367	3	50.76
101	5525	3	4.49
19016	320	5	69.99
1002	113	4	10.59
1442	149	37	367.85
3403	102	8	21.81
12	18533	3	7.32
3724	1366	3	34.48
5564	117	13	117.08
25271	106	3	23.02
818	1310	9	95.61
27305	1675	3	49.41
21221	207	7	105.74
125	161	5	4.3
101	124	84	28.12
101	2618	6	8.68
282	287	11	68.26
34643	12443	3	66.13
153	2932	18	181.42
4723	101	4	6.93
120	7661	5	40.65
2383	1501	3	32.28
29629	14	4	17.19
3240	211	3	22.51
1167	534	8	74.31
3937	102	5	10.63
9404	14	13	51.09
17711	14	6	22.03
765	530	7	57.79
11766	12	6	18.04
5157	4528	3	43.75
29109	291	5	79.7
979	1479	4	38.09
4919	24408	3	56.07
297	5725	4	40.46
111	1736	3	8.64
113	537	11	38.15
474	118	5	11.42
105	164	63	161.92
4629	42246	3	64.02
2330	1044	3	29.96
13037	106	3	17.37
2715	867	3	29.73
4189	14	35	159.71
107	3636	4	15.3
1344	109	3	5.83
2031	119	3	12.54
8865	14	11	35.86
32922	12	3	11.65
1421	12	11	4.12
7264	12	4	4.87
2338	14	48	178.35
3362	880	4	43.89
205	424	4	16.67
12	15968	4	11.38
1107	2116	3	29.69
4136	120	4	25.25
162	1124	143	1976.64
16	13244	10	109.47
9208	14	18	99.28
4658	102	4	8.17
308	8272	3	31.26
2017	106	5	15.24
34681	12	3	13.78
101	4823	3	3.91
1369	2562	15	214.19
142	9995	3	25.3
7947	146	5	45.66
101	363	17	5.8
12	239	44	4.81
104	1910	3	5.2
21736	12	5	22.13
1776	313	9	85.49
9495	14	16	75.96
822	4972	4	46.68
12	6651	4	4.34
273	2882	4	34.03
16857	14	8	34.38
361	491	5	30.47
19099	106	7	67.03
340	1132	3	19.42
3597	29951	3	55.63
101	3490	12	39.51
5324	14	29	140.44
339	17253	3	37.3
7404	106	3	13.71
422	312	4	20.52
12	23093	3	9.02
145	5842	3	21.95
10294	448	5	63.88
702	652	4	29.34
48871	14	3	16.55
5163	21	27	290.68
2061	1118	4	41.7
3562	101	4	5.03
648	1196	6	54.85
141	772	30	238.94
4354	14	37	188.58
113	3330	3	13.08
10073	101	3	7.75
40466	837	3	49.09
425	25402	3	41.64
5276	715	11	152.47
6692	265	5	53.49
105	2013	3	5.77
12114	12	5	12.95
129	552	12	60.38
141	22469	6	76.39
1013	1216	3	25.69
6261	114	3	17.08
766	719	8	72.8
57	1579	5	17.91
8532	14	13	46.72
1522	688	7	70.6
30277	14	5	27.58
141	1908	7	47.29
812	3836	7	86.2
709	103	11	22.34
433	128	3	6.1
101	8781	3	7.11
463	158	4	13.58
14877	14	11	60.67
332	114	4	4.24
2547	1892	3	34.11
5876	101	5	12.69
107	231	10	8.25
394	222	3	11.11
1135	6549	3	36.63
520	4360	6	68.5
12	17466	4	12.38
102	6550	5	15.47
101	5233	3	4.34
13973	14	3	4.23
104	479	7	7.05
32740	407	5	82.97
684	13570	3	38.98
7438	14	15	54.06
6416	101	3	5.39
12	1440	23	32.74
102	189	438	2252.62
12	3281	6	3.88
114	9880	3	20.02
101	7898	3	6.54
52973	14	3	16.55
13665	117	12	146.92
3211	106	4	13.91
8956	850	5	67.56
5391	40983	3	60.47
690	2875	35	539.9
118	385	224	2260.74
39930	14	3	12.18
52468	14	3	16.55
45316	14	3	16.55
730	2408	3	28.15
1777	395	3	23.13
101	6317	4	8.99
2	7407	5	25.1
7026	101	3	5.81
2556	703	12	148.41
12	281	136	256.94
102	1596	11	21.33
1652	972	4	38.96
17128	591	3	39.5
7276	122	4	30.98
970	21090	4	61.52
281	129	5	11.16
42951	34005	3	80.18
307	8094	3	30.94
101	24340	4	23.09
405	200	6	28.73
12040	694	3	38
12195	12195	4	77.1
1014	140	3	11.28
106	405	6	5.14
4222	131	25	281.63
3289	212	4	32.7
7215	4929	3	46.57
496	362	12	94.57
22802	12	3	9.02
10587	150	4	37.39
5032	4484	3	43.39
231	733	4	21.65
203	1788	3	18.63
2568	231	3	21.93
7011	14	17	65.71
10647	14	15	75.39
110	1117	20	108.89
641	881	5	40.82
11316	117	15	183.66
106	4595	3	10.85
539	252	3	13.42
7	1711	49	369.36
10135	12	3	4.03
130	14	584	1041.32
22796	249	5	69.4
108	2173	3	7.92
5105	35	33	396.69
22375	14	6	27.48
2821	596	11	133.45
12	15445	4	10.52
2440	313	3	23.67
1392	1804	3	30.13
431	2739	3	26.11
2474	3998	4	53.76
370	1183	4	29.22
22290	14	3	7.51
19424	4493	4	73.94
9	107	77	90.11
2252	9561	7	116.55
25799	14	5	22.3
28	54676	3	45.77
12009	101	3	8.91
17	584	4	9.69
2191	113	6	29.85
1448	280	9	79.45
1958	102	7	10.7
625	4235	6	70.28
2323	229	3	21.29
4249	30245	4	79.59
1144	867	4	34.82
101	208	29	7.25
821	6593	3	34.87
1946	14	69	297.34
5111	109	10	70.08
8183	107	3	14.93
31500	14	4	17.19
12	6439	4	4.1
19374	3149	3	50.92
963	749	3	22.76
2804	12	16	31.75
153	546	7	32.52
207	17958	3	33.85
12	740	20	6.89
101	856	9	4.16
20978	14	8	44.13
2086	1609	4	45.04
119	859	9	41.72
2155	115	46	457.18
12	20177	3	8.09
7842	107	3	14.63
12	18623	3	7.32
2317	12	8	4.59
12	6187	4	3.87
418	840	3	18.88
39207	14	4	22.06
12	7800	4	5.48
309	5316	4	40.14
21143	9155	5	104.16
758	1204	6	56.73
102	2283	8	16.15
2262	570	3	26.51
198	16340	3	32.55
101	1601	7	6.58
252	975	3	16.61
102	3122	24	119.67
3576	6940	4	61.61
316	143	4	9.64
12	1876	10	5.88
103	1013	6	9.35
104	269	11	9.44
2641	588	6	63.84
102	4606	8	26.67
14638	249	3	33.77
10869	101	7	33.24
755	2384	5	52.52
178	1107	4	21.43
238	1394	35	397.98
2281	109	3	8.65
4608	109	4	19.07
2499	850	3	29.16
132	11781	4	37.21
8219	2438	5	77.8
3294	12	9	11.18
842	34096	3	49.12
5875	1633	4	53.58
102	32481	4	27.16
32037	14	5	27.58
2934	334	9	96.33
11748	11748	7	146.9
9	398	5	7.81
616	200	8	48.56
142	676	3	9.33
235	14	519	2193.05
1255	101	9	8.43
10298	12	4	7.44
41683	12	3	18.18
6332	107	3	13.08
54073	14	3	16.55
25722	14	3	8.62
3659	267	3	25.05
113	1976	9	49.94
202	309	12	68.33
101	15607	5	23.4
2	15187	3	16.58
365	4717	5	52.99
201	21080	4	48.88
9805	12	6	15.38
650	23866	3	42.66
1343	564	3	23.2
108	294	10	14.72
4467	114	3	14.98
12661	14	6	16.07
109	3760	4	17.48
7283	3071	3	43.58
1119	58	3	6.18
473	4768	4	42.51
102	11714	5	22.24
53584	14	3	16.55
168	1337	4	22.13
136	490	3	7.45
369	604	4	24.36
913	1626	4	38.25
9843	13619	3	55.34
32574	14	5	27.58
1277	255	11	96.48
51724	14	3	16.55
568	21	4	7.17
109	2316	11	60.35
1279	126	7	38.27
2200	245	9	84.7
5843	14	12	29.08
676	185	6	32.57
678	979	3	22.27
102	8881	5	18.77
366	119	4	7.1
1039	12	26	28.09
121	9268	8	78.05
368	212	5	22.33
14052	828	3	40.03
2727	101	10	24.4
169	1069	4	20.25
14329	458	7	101.28
204	259	4	12.84
1223	2366	3	31.01
12	14315	3	5.58
982	753	3	22.93
572	336	4	23.23
16711	297	4	50.55
190	4222	6	54.8
7088	12	10	29.4
223	130	5	8.75
6389	688	3	33.93
105	1543	3	4.43
243	9363	3	30.29
11465	1077	5	73.4
4531	101	5	10.39
20517	174	7	95.59
2237	7628	3	42.04
7409	1277	11	174.51
1118	800	3	23.85
5364	107	3	12.05
1154	530	22	251.46
6601	12	6	10.26
496	105	12	23.86
646	326	6	40.5
10104	14	15	70.68
26966	14	5	22.3
13371	12	6	20.33
8	144	18	25.36
6215	21	3	17.04
526	1408	8	77.52
11046	12	3	4.36
13136	221	3	31.71
57	3493	3	12.44
109	3741	28	249.62
57	1258	3	6.73
16432	14	9	43.27
40494	12	3	13.78
1586	2532	3	32.97
26913	14	3	8.62
17054	101	3	11.07
50044	14	3	16.55
101	2866	10	25.38
248	323	3	10.71
12	757	23	12.28
1565	147	7	44.84
8023	244	16	225.3
29774	14	3	10.08
102	7715	5	17.19
103	7327	5	25.03
2520	14	60	291.55
388	672	4	25.43
1841	111	3	9
816	18277	3	41.98
103	3330	4	11.74
2225	187	3	19.19
103	1485	15	59.52
12	558	58	85.02
11113	475	11	168.18
4991	232	7	73.42
48887	14	3	16.55
4366	102	3	4.25
149	3491	13	124.01
17913	14	6	22.03
108	8414	4	23.52
101	17323	4	18.49
19103	1108	4	62.41
18623	109	3	21.7
12	5378	5	5.49
101	4024	11	37.31
102	3101	15	58.09
4851	102	3	4.78
104	236	13	11.52
102	50980	3	24.09
14861	14	6	18.59
102	2308	5	6.28
3766	880	3	31.77
101	1582	6	4.23
8019	5133	5	84.9
1167	1167	3	26.13
118	1811	3	11.05
211	284	3	8.92
9637	1358	5	73.69
12	18580	4	12.38
16106	14	7	26.79
7	6938	3	13.04
330	24539	4	57.11
101	46073	3	22.98
1006	111	5	13.96
2442	1394	6	72.81
47126	12	3	18.18
3391	14	46	226.39
33174	320	3	43.83
9243	148	5	47.76
12	12460	3	5.13
142	1520	13	98.51
371	12	30	5.08
2475	549	7	74.69
14357	265	3	33.6
12	31908	3	11.65
3323	150	3	18.8
320	185	3	8.46
343	104	38	130.03
2388	101	10	21.81
30945	106	3	24.6
35	15034	9	97.71
5682	286	7	78.73
140	24598	3	32.68
857	747	4	31.77
234	989	5	32.2
12	14045	3	5.58
203	2838	5	41
809	109	6	13.63
1124	126	4	16.29
111	773	3	4.57
12453	1566	3	43.27
635	10110	17	296.36
29400	14	5	27.58
1898	186	10	85.22
916	105	10	26.57
15621	14	7	24.71
18471	16744	9	227.75
21781	1520	6	108.72
111	2135	3	9.87
2268	20134	3	49.07
667	14431	5	72.09
1188	118	7	31.31
12	15462	3	6.09
538	1343	4	32.9
217	25844	3	37.33
1149	501	17	182.58
328	25921	3	40.13
6900	10835	4	71.58
1925	12	14	15.57
15807	101	3	11.07
117	4098	3	15.28
102	6756	11	54.56
516	204	3	11.66
7607	111	4	25.62
123	511	3	6.24
31620	12	4	19.34
12	1457	18	18.68
193	32801	4	54.47
12	3325	8	8.44
732	1380	3	24.74
101	2021	5	4.02
13194	3198	8	147.81
277	284	3	10.75
2839	102	4	4.87
8687	14	8	19.7
103	6457	5	23.7
490	4422	3	29.67
164	9138	6	62.47
751	358	3	17.58
1324	12	35	72.83
2037	11943	5	80.11
10351	10097	3	53.39
180	397	3	9.43
143	214	4	6.58
1165	1007	4	36.1
1358	5180	9	131.34
7773	14305	3	53.66
18632	1088	3	43.53
102	1555	10	17.25
12	320	34	5.02
101	444	14	4.39
284	742	10	77.79
3344	101	5	7.6
3960	245	4	35.47
414	172	3	9.14
13588	244	4	46.74
1916	645	6	60.83
38093	14	3	12.18
3421	7	19	130.53
3132	163	4	28.33
6677	106	16	134.41
2107	130	4	21.87
102	1802	31	132.87
4177	102	3	4.01
140	13717	4	39.4
5197	2	4	15.19
309	106	10	12.06
18261	14	5	15.74
361	572	3	16.12
11928	12	4	8.48
14272	12	4	9.76
1295	174	34	345.77
14842	14	9	39.47
810	2732	3	29.47
711	3465	3	30.12
6665	5079	5	82.93
12	12061	3	4.72
31690	12	3	11.65
259	210	4	13.17
23856	14	7	38.61
57	3148	4	17.93
129	285	7	20.02
676	146	3	9.42
1656	109	7	27.15
2101	884	5	52.57
25312	12	3	10.16
346	153	27	177.45
376	131	34	223.36
107	5426	7	41.02
826	25856	3	45.18
348	123	15	67.21
102	32532	4	27.16
57	416	4	4.3
134	1121	42	391.44
19425	703	3	42.04
5002	14	13	29.22
2661	14	28	72.47
6332	210	8	88.27
12	14403	3	6.09
1856	221	3	19.53
9053	7220	5	90.66
11590	1160	14	259.37
193	5212	3	24.53
2579	107	4	12.79
411	1139	4	29.63
2366	1006	4	42.15
227	262	52	451.48
106	103	116	39.8
799	3477	3	30.91
108	1700	3	6.56
4379	102	3	4.25
1586	12	21	30.18
3601	190	13	136.63
8	183	18	40.14
1928	503	8	82.3
24825	12	3	10.16
102	9483	7	32.56
4720	1344	3	35.77
13749	31967	3	64.45
102	2080	11	26.8
9097	101	3	7.42
311	3078	4	35.65
121	1403	4	16.73
47949	14	3	16.55
541	1439	7	66.5
52968	106	3	31.31
101	35792	3	18.52
362	342	4	20.23
9404	1	4	34.06
427	2736	4	37.15
6469	12	5	6.93
119	105	186	585.13
851	166	3	12.02
118	23757	3	27.58
284	4278	3	26.38
12	2207	10	8.15
12	470	33	14.76
157	1348	4	21.27
945	9140	3	38.01
9462	14	18	99.28
101	5550	3	4.49
32546	29696	4	100.59
53728	12	3	18.18
281	2029	7	63.29
12	3852	6	5.08
104	292	12	13.49
5937	102	3	5.75
456	2038	3	24.62
3107	101	5	7.13
8443	2	3	12.69
675	15316	3	39.46
109	13092	3	19.15
22814	14	7	38.61
150	282	3	5.5
16	256	6	7.84
1801	265	3	20.65
395	121	5	12.19
195	9349	3	28.48
1093	105	4	5.46
188	1170	6	38.54
543	249	18	145.05
1438	112	4	12.48
8	424	6	11.98
684	547	45	544.37
138	262	11	41.85
7628	12	7	16.39
195	5054	4	34.98
3092	5246	8	128.82
19152	12	3	8.09
110	1233	10	42.57
608	734	3	20.16
5303	184	3	24.32
8657	1164	3	38.82
1274	12	31	54.45
292	139	3	5.2
10846	11478	5	98.68
1246	109	4	9.17
8657	5416	3	48.39
3476	101	11	34.2
12	26287	3	10.16
35936	14	3	12.18
2698	11714	3	46.11
744	406	7	54.38
9277	107	4	23.3
645	114	11	42.34
101	14533	6	31.02
2692	864	3	29.73
4012	1997	3	37.18
111	829	4	8.35
9032	1366	3	40.3
137	7981	5	44.97
942	103	35	167.65
190	814	3	13.26
673	2426	12	146.1
57	5169	3	14.68
1994	18819	6	106.35
6090	101	3	5.01
5133	178	5	44.88
836	4517	3	32.77
34125	131	3	35.61
3834	101	8	21.13
1150	2802	3	31.49
131	3435	3	17.65
30487	14	4	17.19
12	9842	6	15.38
957	104	9	21.75
826	5143	6	75.79
156	819	20	151.46
12649	12	3	5.13
1744	974	3	27.76
5786	9060	3	49.17
969	12	20	12.48
9305	14	12	44.06
333	234	7	36.24
192	12925	3	30.45
35	113	35	39.98
755	480	7	56.55
272	655	6	38.38
115	202	6	5.85
116	589	3	4.89
1098	1847	5	53.17
969	976	3	24.2
240	5419	3	26.75
2983	474	8	88.93
102	38991	3	19.63
122	860	4	13.73
315	326	3	12.3
15175	291	5	64.55
121	1969	21	174.98
104	1887	4	8.83
24990	17297	5	118.25
103	3624	6	23.33
2256	101	5	4.82
37134	14	3	12.18
674	14170	3	38.85
2562	4841	10	160.49
48112	14	3	16.55
25718	12	4	16.81
17	1060	7	31.19
1139	298	3	18.7
4842	1363	3	36.05
1026	3472	5	58.92
4386	10691	4	66.81
12	2644	9	8.22
107	30401	3	24.96
920	48554	3	54.06
1915	58	3	9.21
929	127	3	9.73
12	5693	18	69.92
12	1726	23	40.48
25923	14	4	14.69
6589	14	18	68.24
40019	14	3	12.18
584	150	22	152.44
11034	14	14	70
389	1128	3	20.17
599	1200	4	32.69
101	1261	13	19.69
20427	14	3	6.62
121	6369	3	19.76
1798	11932	3	43.62
1947	1468	3	30.91
103	4732	8	40.43
219	538	4	18.77
221	818	3	14.7
12	2683	12	16.43
350	16	5	7.82
12	6657	4	4.34
6099	3943	3	43.85
995	967	3	24.27
948	12366	9	147.05
586	6936	3	33.61
3374	111	3	12.36
3884	664	9	112.54
146	367	7	26.14
1133	1570	3	27.89
1568	325	12	118.77
101	22403	4	21.21
21905	102	3	14.68
207	3143	3	22.18
5226	113	7	49.7
211	1117	3	16.02
455	33069	4	67.08
2427	112	3	10.72
2	4017	3	8.32
22941	106	3	21.79
12635	3079	3	47.35
114	230	5	4.06
4895	141	6	50.12
1829	3244	5	64.37
1462	157	9	63.85
102	25512	3	15.89
3440	35	49	589.24
105	6300	3	12.07
102	31097	4	27.16
14865	12	4	10.52
4760	352	3	28.36
2876	300	4	35.01
12	30235	3	11.65
101	32550	3	16.33
106	694	5	6.28
832	635	5	40.27
33258	16	3	31.58
1822	4643	3	37.66
102	13961	3	10.93
598	14784	3	38.89
3081	109	6	28.71
18302	111	3	23.35
1914	13534	3	45.08
142	5501	4	31.03
27453	106	4	34.12
21950	101	3	13.59
136	1476	4	19.94
199	5621	3	25.31
10739	116	4	30.98
409	4188	5	52.66
1396	1020	3	26.62
1553	2776	4	47
140	24545	3	32.68
2516	12	28	83.52
505	190	3	10.76
317	7785	6	70.86
175	14727	3	30.7
45802	14	3	16.55
3527	614	3	29.49
6399	101	3	5.39
11553	9787	3	54.28
725	1481	4	35.85
1901	9061	4	59.08
1054	1839	3	28.55
19823	14	6	24.36
104	7305	3	12.65
10449	3118	3	46.06
2763	1223	5	58.44
12708	14	13	71.7
1892	2	3	4.46
1980	17979	4	66.07
117	4771	3	16.39
115	1331	3	8.79
1871	101	8	11.03
10697	14	12	48.72
821	102	18	29.88
154	16	70	299.97
120	1243	3	10.16
1560	346	3	21.56
697	5673	3	33.05
419	150	4	11.99
2456	146	3	16.75
6680	14	7	11.32
10185	12	3	4.03
215	140	5	9.9
1142	2699	5	57.42
123	324	5	11.27
101	1529	6	3.95
179	7793	4	37.67
13050	14	12	59.27
395	110	8	15.61
1093	127	19	136.88
26110	14	3	8.62
119	1532	6	29.79
150	319	4	10.13
334	102	41	69.62
537	11721	3	36.59
4361	402	3	28.56
4336	3234	3	40.59
62	108	4	8.84
5227	12	23	102.29
1143	341	8	67.83
20330	102	3	13.69
101	5527	5	12.05
102	6256	5	15.08
53204	14	3	16.55
1698	200	4	26.53
3827	15949	3	50.56
561	448	3	17.05
708	1659	4	36.58
108	1092	8	24.99
254	5213	4	38.11
52895	14	3	16.55
1344	107	5	12.09
102	47524	3	24.09
15853	31570	3	65.73
676	8	24	129.65
24180	12	3	10.16
4193	12	18	55.16
494	17	4	8.54
11072	116	3	21.73
20598	14	6	24.36
1862	107	4	10.38
2100	1186	7	82.45
225	340	4	16.13
1182	732	23	280.21
12804	15102	3	57.74
473	835	4	28.32
5093	32976	3	57.84
504	2834	5	50.41
17715	12	3	7.32
135	152	5	4.58
138	810	10	56.76
402	1765	4	33.15
102	639	25	46.27
104	275	8	3.91
2	391	13	19.19
102	3124	8	20.62
15174	14	7	24.71
1440	12	20	23.81
2458	102	11	30.23
116	272	5	6.46
115	396	4	6.04
1679	111	4	13.36
490	724	5	36.5
2173	11317	3	44.39
2085	494	5	47.1
29968	14	5	27.58
1382	1381	9	106.25
4580	102	6	16.52
781	51064	3	53.23
1270	104	5	9.46
12	6437	5	6.93
12	734	18	4.28
1777	12	17	21.8
4676	2304	4	54.59
550	731	4	28.31
1474	411	3	22.14
5117	5646	3	45.07
2824	14	39	142.18
146	204	8	21.81
274	248	3	9.76
5892	1832	3	39.02
180	123	11	25.81
522	544	5	34.39
2644	276	4	33.42
285	29737	3	40.95
103	3305	3	7.21
12	2190	10	8.15
796	790	4	31.67
926	103	5	5.72
2975	14	43	178.21
961	852	3	23.31
4538	122	5	36.01
101	5164	3	4.19
135	2593	3	16.52
2789	2	3	6.38
3839	192	4	32.56
1612	114	4	14.4
1967	106	18	100.82
50697	14	3	16.55
346	8243	3	31.97
1661	672	3	25.41
5186	8731	7	126.6
24202	291	3	39.49
106	202	11	6.95
15411	162	8	100.61
10806	12	3	4.36
3801	14	22	62
226	681	5	28.43
740	104	7	11.16
379	703	44	503.8
12556	12	3	5.13
1367	1546	4	41.18
440	1764	10	103.29
1014	342	3	18.84
1047	1505	5	50.55
1936	2981	3	35.26
2069	303	7	64.91
18666	186	5	61.33
105	113	52	25.24
29516	14	5	27.58
1820	149	6	39
226	386	10	61.13
529	3012	3	27.66
1924	24827	3	50.33
8668	2148	4	59.6
3235	163	3	19.71
234	575	3	13.44
1188	347	4	28.76
1393	182	3	16.19
2487	101	5	5.45
128	6345	8	73.45
134	5348	8	72.55
380	4082	6	64.39
159	1525	3	15.14
58	19872	3	24.25
164	437	3	8.66
1160	18375	3	43.89
660	12879	3	38.23
223	12	53	8.89
16137	14	8	34.38
258	4809	5	49.54
5615	102	3	5.57
1320	182	10	77.35
204	221	50	391.36
111	1024	5	14.07
136	5448	3	21.12
4986	14	24	92.5
2105	185	4	27.49
16760	451	3	38.05
529	31934	3	44.31
102	16488	3	12.13
301	128	3	4.53
17942	14	4	10.35
455	823	8	67.09
2006	14788	4	64.12
209	4584	7	69.97
2119	104	5	14.15
2	3221	3	7.15
102	1763	6	6.67
898	6258	9	127.82
2198	1081	6	68.22
4820	181	3	23.51
17930	102	3	12.86
1746	111	3	8.64
278	624	9	64.54
101	3418	9	23.95
597	1898	5	47.98
122	57	14	5.76
102	5193	4	8.81
111	11140	3	19.84
862	3711	3	31.54
339	3154	27	366.86
12	36331	3	13.78
32980	12	3	11.65
4211	21467	3	53.81
178	800	4	19.15
4843	705	4	45.32
36282	14	3	12.18
2904	127	7	50.51
153	3339	7	57.4
1272	425	12	119.97
17607	16	7	74.66
401	221	3	11.12
12	9578	4	6.98
101	11687	3	8.91
9	109	27	5.78
47695	50203	3	84.68
956	1663	9	102.72
102	26116	3	15.89
132	4071	3	18.93
13680	35	12	144.18
7	1393	5	11.24
105	1278	4	6.58
5433	102	12	55.69
9718	154	4	37.59
105	2085	3	5.96
471	886	8	68.7
34191	12	3	13.78
111	565	4	6.05
1223	919	5	47.19
103	12714	7	50.52
513	12940	4	51.78
1665	103	8	23.78
1731	182	7	52.75
330	133	4	9.2
50612	14	3	16.55
435	111	9	22.52
7718	131	5	43.31
763	9305	4	51.81
102	11415	4	15.13
297	7935	3	30.79
318	130	26	145.83
128	3187	3	16.9
15527	14	11	60.67
2064	4073	7	100.4
12289	9093	3	54.41
254	111	12	24.85
102	31139	3	17.44
607	109	5	7.73
105	691	7	11.18
106	411	7	7.61
113	6607	4	25.33
655	25702	6	104.57
463	119	3	4.89
8634	7	3	14.49
12	14792	3	6.09
114	292	9	19.33
5147	11289	12	247.16
231	588	4	20.16
6184	12	23	117.16
46619	14	3	16.55
3560	113	4	20.23
12	12289	3	5.13
111	548	7	16.78
2884	877	4	42.66
10713	14	12	48.72
53444	14	3	16.55
2100	1107	3	29.61
2	27779	3	21.07
24452	35	6	72.08
197	3299	5	41.92
109	2520	3	9.21
130	1	28	84.61
22608	12	4	14.98
109	6583	5	29.9
3200	161	3	19.57
6778	14	19	78.03
28	24028	7	106.84
988	34794	3	50.01
9991	1249	3	40.11
18816	101	3	11.78
101	12854	3	9.37
135	2332	5	31.81
5243	12	19	73.23
114	2430	4	17.51
2339	1674	7	89.28
463	135	3	7.17
1537	29039	4	71.31
173	4608	6	54.27
16273	12	3	6.66
181	15152	6	72.76
476	398	3	15.69
1432	1721	5	55.33
886	1585	6	61.8
1587	2428	4	46.08
1973	602	3	25.9
5650	12	5	5.75
107	2722	3	8.25
101	46075	3	22.98
161	423	3	8.41
605	154	18	121.73
192	1128	7	47.24
10502	1737	4	59.35
8	354	8	17.79
138	324	11	46.53
41780	12	3	18.18
8500	115	6	48.71
481	421	6	40.33
102	5483	7	23.98
35	40447	4	48.05
12	2730	11	14.05
664	58	3	3.89
12	1001	21	15.25
273	4390	5	49.03
209	638	9	58.76
115	1521	5	20.7
1063	5156	4	48.82
2378	109	3	8.88
14272	102	3	10.93
342	8656	4	45.54
850	2761	3	29.74
149	1534	8	53.61
18592	16	4	35.76
116	3817	3	14.97
1297	135	3	12.49
113	30455	3	28.93
2350	12	10	8.93
6225	33023	3	59.11
456	143	16	91.21
14039	14	9	36.54
7038	134	3	22.63
17318	15871	6	136.12
31750	9	5	58.97
4213	109	4	18.43
9196	12	5	10.32
29933	12	4	19.34
101	4937	3	4.04
6713	101	3	5.6
2	2609	3	6.05
629	351	3	16.5
120	152	13	23.63
542	125	4	11.27
103	4469	5	19.75
1500	4050	3	35.43
13518	14	10	44.61
212	17	6	8.39
289	11760	3	33.26
2113	224	3	20.48
21013	14	3	6.62
2664	6138	9	147.42
25266	14	6	33.09
12	16620	4	11.38
361	5338	3	29.21
4712	12	15	44.1
18769	14	8	37.98
101	7937	3	6.54
9673	106	3	15.61
7755	14	6	9.41
104	2916	5	17.13
14764	12	4	10.52
101	1339	7	4.91
808	21	7	23.42
102	9445	3	8.42
109	22619	3	23.58
8240	58	3	18
5517	105	3	11.24
3573	12	33	144.18
3568	2095	3	36.86
129	3362	9	72.65
3703	2442	3	37.91
530	13	4	16.67
3579	14573	6	109.98
2475	313	3	23.67
17083	12	3	6.66
2095	170	4	25.85
15460	12	4	10.52
235	1	7	17.02
52209	117	3	36.72
2423	114	3	11.45
32352	14	3	10.08
10612	14	4	5.64
110	238	22	61.1
507	4605	4	42.41
223	132	5	9.48
7250	58	3	17.11
257	154	5	13.39
1940	356	4	33.08
110	4299	8	50.82
2037	101	7	9.07
5134	2749	6	90.53
2755	106	3	8.01
12	10126	3	4.03
102	465	73	244.75
12	1192	14	5.98
52576	14	3	16.55
102	2306	7	12.66
20912	14	3	6.62
163	41409	3	42.57
1091	928	3	24.55
7431	2753	6	95.42
2894	267	3	23.74
150	240	3	4.56
457	125	5	14.88
3041	104	3	7.6
10117	2387	3	44.07
145	3551	15	146.49
1358	2042	12	159.05
176	291	3	7.44
150	1078	4	18.36
116	233	6	7.85
7944	14	18	82.45
102	602	28	54.73
13832	14	10	44.61
1517	11238	4	58.77
217	125	8	19.35
1571	22897	4	66.9
8948	175	3	27.03
188	4804	4	34.15
101	5147	3	4.19
101	170	37	5.38
216	3812	6	55.99
2868	111	7	38.74
299	15646	3	35.15
12	2145	13	15.21
2532	12	9	7.62
109	13495	8	73.06
6326	13705	3	52.34
275	438	4	19.58
11775	16	5	41.93
117	528	3	4.4
13130	626	3	37.97
19437	4402	3	53.1
574	559	3	18.33
13938	14	12	66.19
45961	14	3	16.55
178	374	83	807.88
16546	12	4	11.38
458	127	11	49.78
6045	12	5	6.31
678	43327	3	52.42
655	36678	3	47.75
9155	17096	3	56.24
123	4825	3	18.79
326	10987	5	61.66
5018	186	3	23.95
4062	12	8	10.96
1403	116	5	20.17
2	2477	5	14.28
101	3888	5	8.85
215	776	9	62.74
127	3558	3	17.46
184	252	9	39.39
183	648	5	24.98
12	1779	10	5.22
19954	14	7	32.71
9605	105	4	22.42
658	150	5	20.83
305	206	7	32.87
816	1511	3	25.88
488	102	43	102.42
17	171	6	4.89
1359	663	3	24.18
1500	101	7	5.86
2	7292	5	25.1
4786	131	4	28.68
313	1609	3	21.1
103	1350	11	35.05
40450	14	4	22.06
2737	251	3	22.79
2	3365	5	17.08
730	154	20	146.21
218	218	7	28.11
126	181	26	106.51
12	893	25	20.65
186	102	44	30.74
103	22609	3	19.8
873	21	4	9.76
17007	519	4	54.47
9654	1080	4	54.75
1521	102	26	91.59
503	2	12	19.94
328	23114	7	113.11
7	6836	8	51.21
1936	154	5	32.14
19401	102	3	13.69
2247	109	3	8.57
779	120	8	35.38
53050	14	3	16.55
529	880	7	59.22
1992	160	3	16.76
1194	102	10	12.78
12	12582	3	5.13
18103	12	4	12.38
7870	127	5	43.3
777	152	4	16.44
1585	150	82	1026.03
6837	4733	3	45.68
105	802	5	6.41
8013	1616	3	40.33
473	1587	3	23.32
5134	425	3	29.87
833	1049	10	103.84
16656	427	4	53.19
107	1787	4	10.06
7444	1937	3	40.84
102	8418	4	12.69
12	11462	3	4.72
39518	14	4	22.06
5477	463	3	30.69
617	1473	19	227.45
168	281	9	38.46
35	45673	3	36.04
236	129	4	6.07
2	13227	4	23.22
12	10000	5	10.9
48087	915	3	54.06
12	12109	5	12.95
437	129	5	14.88
149	5392	4	31.58
209	4234	6	56.92
12	33648	3	13.78
392	17541	5	70.34
7736	184	10	117.09
387	102	39	73.17
101	4185	4	6.05
32129	14	4	17.19
102	50197	3	24.09
219	145	36	208.76
1133	18543	5	79.74
24995	316	4	56.75
2321	186	6	47.22
13941	421	5	66.97
785	332	6	42.94
103	16461	7	56.2
17	443	3	4.53
17212	12	8	42.31
275	3002	5	45.24
4096	494	5	53.83
108	12122	3	18.09
2162	24277	5	93.74
275	1194	7	54.79
22749	642	3	42.62
115	505	6	15.03
4070	1877	8	115.41
666	401	3	17.45
12	3758	9	13.08
103	2891	3	6.52
9675	570	3	35.67
1783	137	3	14.42
138	10304	3	25.45
101	5580	5	12.36
579	901	3	21.01
1561	155	3	15.01
543	157	16	101.62
102	533	18	18.65
12	1337	12	4.87
183	206	22	124.51
662	1224	3	23.44
2487	26252	3	51.86
221	1568	3	18.49
1619	4038	23	388.25
102	2142	18	62.98
280	247	19	131.52
1033	3625	4	45.64
5732	12	5	5.75
12	16746	3	6.66
7183	101	5	15
1905	107	4	10.62
12	27705	4	16.81
571	777	3	20.16
535	535	3	17.67
107	1329	4	8.05
108	155	15	10.2
13566	14	11	53.92
43477	29052	3	77.95
463	1161	3	21.13
4930	7599	4	65.11
8	4110	3	14.32
294	1119	18	177.65
238	31362	4	56.84
218	14352	5	59.8
102	12926	5	23.13
112	120	28	35.33
8667	3280	3	45.28
18817	14	6	22.03
1897	14	22	31.03
879	101	10	6.08
243	11284	6	72.84
571	546	5	35.41
106	316	19	43.56
21071	14	8	44.13
1183	276	3	18.31
642	165	4	16.35
13000	1274	3	42.04
17858	115	7	75.74
110	7374	3	16.31
115	11729	3	22.04
3364	106	3	9.12
138	621	7	31.6
173	1013	3	13.67
1105	4503	3	34.29
5705	106	4	18.46
464	137	5	16.75
649	5980	3	33.16
6536	2321	3	41.14
3269	262	5	45.52
4626	12	26	116.05
3569	3983	10	162.88
106	1011	5	9
105	220	10	5.15
25068	14	6	33.09
161	305	5	15.96
7	2324	3	6.74
373	2322	4	34.9
7474	12	13	49.92
111	2857	3	11.5
202	888	7	45.55
190	19617	3	33.7
1348	321	4	29.27
2	10355	3	14.1
21369	12	5	22.13
401	709	4	25.99
105	1707	5	12.66
286	3119	3	24.55
1657	2258	48	855.06
128	2991	5	32.81
213	8353	3	28.64
113	17712	3	24.22
107	3139	8	39.62
30340	14	4	17.19
329	131	9	32.76
138	419	4	11.19
2089	185	5	36.51
12	8560	5	9.3
8456	14	12	40.32
372	128	3	5.48
296	780	3	16.69
293	123	3	3.89
620	106	12	30.84
101	14790	3	10.44
129	1502	3	12.53
38861	14	3	12.18
108	1584	8	30.93
197	453	31	255.59
290	511	3	14.19
521	336	3	15.16
2082	106	6	20.8
340	156	3	7.1
23869	184	6	82.67
53656	28	3	45.77
2664	2	3	6.13
101	17744	3	11.78
2701	849	5	54.71
22859	14	5	19.46
384	1343	4	30.77
449	2838	3	26.56
101	5032	4	7.32
2010	1485	3	31.18
220	2182	17	178.69
102	1208	17	37.48
103	1592	5	10.15
599	979	4	31.19
2	1113	4	4.33
21797	12	4	14.98
101	2759	5	6.16
9	10082	3	19.61
27371	14	3	8.62
26696	117	3	28.42
30410	448	3	43.5
422	5996	5	57
22846	14	5	19.46
10817	295	3	32.98
4901	101	3	3.91
117	381	18	75.53
3139	101	4	4.31
5406	43895	3	64.96
3816	9	9	61.77
333	447	15	120.03
222	14425	4	46.63
211	169	3	4.92
5417	102	3	5.4
16	188	10	14.17
11421	131	3	25.12
123	109	61	134.55
280	2451	3	22.98
101	3284	4	4.66
562	8375	6	78.36
103	2557	3	5.85
104	2821	13	69.27
32191	12	3	11.65
2618	101	28	128.33
868	121	3	8.2
541	105	10	18.12
12	5229	8	14.88
102	747	11	8.81
12	2062	13	14.42
5740	127	4	29.84
37009	14	3	12.18
553	109	8	17.39
972	111	10	40.61
23380	14	4	12.9
2482	15744	6	107.17
12	19456	3	8.09
3182	14	18	35.95
3209	568	3	28.45
3802	101	6	12.33
102	27268	4	24.56
4500	1734	3	37.16
38659	14	4	22.06
344	371	29	265.28
521	12686	10	156.04
13581	12	4	9.76
18681	12	3	7.32
136	118	21	41.31
114	201	6	4.73
2853	799	17	233.32
1929	2998	9	127.23
30519	14	5	27.58
6118	3293	3	42.79
11363	12	3	4.36
1550	783	4	36.84
25213	12	3	10.16
2127	404	4	34.82
23731	14	6	27.48
539	118	3	4.79
2995	102	7	15.81
49765	14	3	16.55
501	3165	3	27.71
4560	107	6	30.85
288	146	42	286.39
708	1236	3	23.88
108	430	6	7.24
110	662	12	41.77
12	12144	5	12.95
3113	16	3	13.15
140	1019	3	11.31
216	13381	3	32.15
775	2387	5	52.76
15222	14	8	31.63
4256	102	4	7.43
12348	12	9	38.9
58	2743	11	70.36
236	103	12	7.12
3297	101	4	4.66
38172	14	4	22.06
103	10556	5	29.13
6622	11874	3	51.78
108	3134	7	34.7
193	214	14	69.96
29984	14	3	10.08
2036	2793	3	35.12
108	6332	3	13.92
686	124	9	42.52
688	913	4	31.56
11235	147	4	37.67
143	3960	4	28.33
3987	11375	4	66.59
12478	113	3	21.66
10255	1299	4	56.95
102	1017	10	10.33
26703	14	6	33.09
6163	338	3	29.66
418	12	45	31.68
4570	3512	4	57.72
156	4573	3	21.47
5178	325	3	28.31
384	174	5	19.66
4569	101	4	6.74
102	2403	4	3.95
35331	14	4	22.06
1271	103	9	24.19
10698	1543	4	58.32
101	1228	17	32.73
936	386	9	77.49
48080	14	3	16.55
549	7789	3	33.76
6107	14	25	119.22
3621	21	4	20.53
1201	153	3	13.21
35	1658	11	63.07
2825	101	10	25.04
10790	12	3	4.36
103	5258	3	9.83
102	5630	3	5.57
512	121	3	5.71
101	6435	5	13.76
12	6559	4	4.1
1091	7827	3	37.81
760	12	29	24.49
12	860	27	23.45
2075	5807	14	237.66
127	594	3	7.56
732	109	10	30.29
28836	44900	3	77.95
1864	17410	3	46.98
102	1447	9	12.88
37452	1961	3	54.22
12	6774	4	4.34
751	473	3	19.02
937	12	15	4.07
16827	102	3	12.13
192	423	3	10.18
1387	23874	4	65.97
919	6133	3	35
12243	566	4	51.87
286	102	69	161.86
107	3939	5	22.26
47138	14	3	16.55
1319	101	8	6.86
2058	8	5	22.17
530	1981	3	25.2
6728	14	15	50.4
8902	106	6	39.06
3623	619	3	29.69
3466	12	7	6.4
234	145	35	208.4
12	15665	4	11.38
921	699	6	52.54
51873	14	3	16.55
8642	8525	4	71.03
1908	2	5	11.88
110	7944	3	16.88
16712	12	3	6.66
3488	8643	5	82.04
133	512	5	16.99
155	46292	3	42.19
1928	101	9	14.66
844	4433	3	32.63
12	8340	5	9.3
267	367	3	12.03
15802	12	3	6.66
647	314	4	23.49
58	1740	18	116.69
266	332	96	1059.78
2211	5179	8	122.86
433	232	6	31.92
1216	17	3	9.35
129	1331	4	18.09
425	8782	4	47.08
2363	1492	3	32.23
9712	12	6	15.38
5909	3638	3	43.07
1823	101	6	5.46
956	150	3	11.48
15561	12	5	15.74
22018	14	3	7.51
12707	101	4	14.98
625	715	8	69.54
16152	371	4	52.24
2912	12	20	51.02
101	513	13	4.66
6763	101	4	9.58
417	5385	7	83.31
12004	8985	6	118.22
12	5128	5	5.01
102	5855	3	5.75
13550	14	4	7.83
1001	34823	3	50.08
482	58	5	8.33
1371	2489	10	132.7
12	942	35	49.85
186	203	3	5.65
102	1729	15	39.91
1842	102	6	7.16
9470	627	3	35.82
652	42398	3	52.25
13562	102	3	10.93
17877	1877	4	65.6
3164	9126	6	100.69
9250	244	10	130.4
12	18137	3	7.32
6404	8	3	17.1
2085	160	4	25.05
30934	14	4	17.19
2433	105	6	21.22
4642	12	10	20.65
11932	107	4	25.57
3274	3134	6	86.17
793	18512	4	58.7
18202	12	3	7.32
5177	655	7	87.93
2011	21	63	660.24
101	1147	10	9.36
313	101	27	18.69
12	3947	7	7.79
252	769	10	75.39
897	5454	8	108.72
2491	1391	3	32.13
17262	2590	3	48.91
418	179	3	9.56
417	549	15	131.87
242	796	3	15.33
1001	957	3	24.24
2005	101	8	11.93
406	1	5	14.28
2207	2266	9	124.7
7927	101	5	15.95
4648	114	3	15.31
12	8777	4	6.17
2539	3185	3	37.22
1796	6672	4	55.62
12	11286	5	12.2
4618	4473	3	42.86
1730	101	8	9.94
112	3172	4	18.61
431	2112	15	174.22
1012	1299	5	48.81
106	2673	4	12.59
2876	629	3	28.46
7	464	37	151.68
32320	14	5	27.58
5332	109	3	13.43
110	898	3	4.54
609	467	6	43.84
2581	146	4	25.02
10877	13675	3	56.17
469	574	7	52.69
10313	127	5	46.46
28736	12	3	11.65
24290	13427	3	62.86
205	741	5	27.79
11101	14	14	70
31831	14	5	27.58
980	776	4	33.09
5541	12	10	23.71
2573	106	13	71.18
1516	101	12	20.21
2445	3209	4	51.82
1124	564	14	147.06
16404	12	3	6.66
12	14260	3	5.58
11050	14	13	60.19
108	4383	5	24.67
17378	12	6	25.21
25860	14	6	33.09
222	713	3	14.03
832	1651	4	37.78
3225	105	20	135.2
769	2139	3	27.84
192	13	7	22.18
363	1757	4	32.4
1601	150	8	54.53
195	11871	3	30.15
3368	402	3	27.03
1977	2139	3	33.38
101	5691	3	4.66
532	13839	3	37.58
103	6496	4	17.08
30825	14	3	10.08
8215	16	16	172.47
121	6826	5	39.25
278	263	4	15.84
1845	16	3	10.2
121	2773	3	14.89
157	576	3	9.65
39456	14	4	22.06
102	4730	5	12.27
4569	452	3	29.46
101	8080	3	6.54
3272	106	7	32.45
3246	186	5	40.83
6921	2365	4	58.31
459	1092	4	30.02
5534	106	6	32.42
2564	12	39	151.5
208	687	3	13.39
7912	14	13	44.84
35	50145	3	36.04
1260	163	3	14.1
115	3551	3	14.3
18900	14	4	10.35
52531	14	3	16.55
2052	14	46	147.53
1036	101	32	89.41
927	4835	4	47.32
101	1083	9	6.42
2047	1266	5	55.96
6518	3177	13	233.71
25391	14	6	33.09
8113	14	11	32.92
1916	2647	3	34.46
612	27059	4	61.57
3033	109	3	10.24
7224	268	8	96.26
388	725	4	26.04
451	165	9	45.47
1126	10095	3	39.34
4176	111	4	20.38
12679	393	10	151.59
101	2464	6	8.09
7887	1299	3	38.96
759	2725	17	229.96
31346	14	3	10.08
425	2619	7	72.49
145	4682	3	20.6
339	2217	4	33.93
2730	12	9	8.65
7	15240	3	18.08
24154	3424	4	75.25
207	2761	4	30.94
14719	14	4	8.56
12706	136	4	38.33
1978	104	10	40.09
8151	109	4	23.83
13670	12	3	5.58
102	2208	5	5.97
101	1419	10	12.85
121	2595	8	54.44
103	2805	3	6.35
102	828	12	12.43
101	1683	7	6.97
104	201	13	7.75
102	4553	5	12.02
25626	12	4	16.81
783	968	4	32.99
150	2846	3	17.91
2118	3201	9	130.18
395	1080	3	20
5119	14	29	136.11
162	11936	14	198.68
685	1641	4	36.26
119	265	5	7.85
4201	1264	34	610.15
13944	2457	9	167.61
738	8457	3	35.99
282	182	8	35.21
102	3626	10	33.01
28580	16	4	43.11
1358	17590	3	45.06
700	547	4	27.94
102	1129	32	104.95
102	6099	6	19.89
38156	14	3	12.18
5620	101	5	12.36
142	11802	6	63.13
1060	118	3	7.94
513	1558	3	23.49
2490	102	6	10.01
32839	12	3	11.65
8788	14	16	72.07
102	7559	8	35.92
103	3965	4	13.05
30021	14	3	10.08
19846	27445	4	91.87
218	2166	5	39.29
453	103	7	5.14
549	1052	5	40.94
14207	12	4	9.76
3503	110	3	11.85
3411	145	3	18.71
4919	58	4	21.96
118	14811	8	86.14
944	1896	12	147.45
462	109	5	5.82
140	1131	7	39.21
27188	102	3	15.89
652	1684	4	36.21
112	1605	4	13.36
1667	496	5	44.85
2811	19154	4	70.26
6336	12	4	3.87
47795	14	3	16.55
2447	137	4	24.11
434	12	45	33.18
9857	14	12	46.25
3082	2527	3	36.99
8835	101	3	7.11
117	13045	3	22.72
23178	14	6	27.48
1797	35601	4	77.61
196	226	5	16.13
44771	43199	3	84.68
1752	106	6	18.7
258	386	4	18.34
110	209	9	9.13
2746	1148	4	44.25
1461	7444	3	39.07
208	11625	3	30.79
1631	6338	3	38.77
167	124	14	35.46
230	1218	48	562.99
35449	14	4	22.06
12	9510	4	6.56
280	10657	4	45.39
10369	12	3	4.03
183	10699	5	53.75
369	3647	3	26.96
101	11494	14	107.23
12	11610	5	12.95
9	736	3	4.8
109	4695	6	34.03
570	212	5	26.03
23016	14	6	27.48
28837	2963	3	54.55
571	2932	4	39.78
222	375	20	147.12
10774	12	3	4.36
108	115	60	78.17
190	133	7	14.29
109	50609	3	33.11
749	489	4	27.8
1672	277	3	20.51
12	971	25	23.48
5131	14994	3	51.68
21353	12	4	14.98
102	5645	5	14.03
993	334	3	18.56
414	262	6	33.08
4211	6639	9	158.93
19275	352	7	108.35
22417	39652	3	70.62
636	1043	6	52.98
12	57	1207	2344.38
1109	109	3	4.75
12	2577	11	12.91
340	347	4	19.88
15331	14	11	60.67
12	17923	3	7.32
11517	12	3	4.72
49361	14	3	16.55
102	39147	3	19.63
101	5432	3	4.49
185	458	21	152.9
12	1869	10	5.88
102	1066	8	6.26
102	2667	9	22.58
316	534	3	14.89
730	1510	4	36.03
102	257	21	7.68
2	2762	3	6.3
103	2366	6	18.63
821	1959	6	63.66
156	3068	10	88.75
102	6984	4	11.23
5975	101	4	8.72
847	719	9	85.44
784	265	35	362.55
2115	105	3	6.09
364	3322	3	26.34
24535	16	6	72.16
491	3059	3	27.39
1368	153	14	109.8
5521	367	3	29.5
3123	101	5	7.13
1550	7860	5	72.48
262	952	6	41.82
102	14898	3	11.49
6881	1357	7	102.47
1581	254	5	37.87
27387	14	6	33.09
368	806	14	128.02
726	10827	6	85.46
102	10577	3	9.13
528	703	6	46.52
12447	12	3	5.13
932	15270	5	75.17
112	2258	6	28.94
3686	14	39	176.81
35759	14	4	22.06
2660	101	6	8.83
29350	14	3	10.08
953	1225	3	25.39
2066	106	4	10.8
3737	799	13	177.71
193	326	8	38.65
19562	12	3	8.09
27532	14	5	22.3
835	216	5	29.6
1050	287	12	105.58
12936	12	3	5.13
149	12247	3	26.99
194	764	7	42.82
6324	394	4	43.55
4759	8	3	15.1
132	2551	6	40.84
5508	102	3	5.4
13988	103	3	15.94
843	156	4	17.56
114	12	323	90.88
12	13374	5	14.7
101	15360	3	10.44
109	4071	4	18.04
657	10172	7	100.16
27201	117	4	41.33
3840	19313	7	141.13
323	109	21	63.68
6653	15894	4	75.16
565	1185	5	42.37
173	3204	3	20.52
1346	106	4	7.7
12	12003	4	8.48
10220	8664	3	52.66
1584	18916	6	103.47
102	8899	4	13.12
13027	12	3	5.13
776	329	3	17.15
714	115	4	9.43
110	1096	6	18.15
128	619	25	168.54
267	19013	4	51.85
129	2460	4	22.92
109	2302	9	45.59
5404	23822	3	55.4
37573	14	4	22.06
5166	101	3	4.19
23048	14	6	27.48
2	27599	3	21.07
4495	17	4	24.95
105	133	26	15.99
161	202	3	4.27
4529	5671	3	44.35
9715	102	10	57.54
1549	2213	3	32.16
8701	101	3	7.11
4770	143	3	20.74
9727	14	12	46.25
744	2782	9	108.55
137	156	7	10.93
101	12560	3	9.37
22641	14	4	12.9
397	417	4	22.31
832	105	4	4.02
27302	14	4	14.69
16	12285	5	42.85
179	489	4	15.88
1472	2338	5	58.81
519	3305	3	28.14
101	2521	9	18.86
12110	6536	3	51.53
2	5298	10	58.41
545	164	3	9.67
5462	134	3	21.02
200	8286	3	27.99
483	2800	4	38.15
530	10777	3	36.05
103	1638	8	23.48
156	1445	16	132.49
1147	2912	21	314.8
12	3020	11	15.64
523	118	5	12.09
488	828	4	28.41
8379	14	17	77.25
183	40346	4	58.88
3935	2	3	8.19
102	17048	3	12.13
7073	112	6	43.14
11961	12	3	4.72
422	800	4	27.25
14239	12	3	5.58
14340	1146	3	41.81
1642	509	7	67.69
207	1845	3	19.09
621	126	5	17.46
102	7044	6	21.85
790	4626	9	119.64
1056	128	6	28.81
19307	12	3	8.09
48322	117	3	36.72
631	164	3	10.49
158	275	3	5.92
763	334	13	113.26
280	106	14	21.87
5081	5780	4	62.96
1142	318	5	36.78
1517	11218	3	42.08
316	103	13	14.72
12	3910	11	20.94
2	2327	3	5.52
38124	14	4	22.06
12	7604	5	8.41
102	4571	6	16.52
1885	2358	4	47.28
16	2726	4	18.86
2186	2296	9	124.97
1353	12	35	73.96
4161	1637	3	36.15
15101	14	10	48.59
520	3124	3	27.8
360	573	5	31.98
47492	14	3	16.55
2034	106	7	26.03
369	18184	3	37.8
290	119	5	8.83
27500	14	4	14.69
3289	154	4	28.16
292	2841	9	93.24
110	1949	5	19.05
371	111	10	24.56
6054	14	25	119.22
12	10861	4	7.94
8	693	7	21.25
5720	18900	3	53.71
16533	14	3	5.25
647	147	10	54.25
102	13932	3	10.93
1392	2573	3	32.31
8519	101	5	16.46
101	10520	3	8.11
57	3270	5	25.04
318	111	20	68.82
12786	141	3	27.04
37899	14	4	22.06
3027	101	8	17.72
12	26012	5	25
29224	14	5	27.58
1150	891	3	24.56
888	119	4	12.6
4171	52759	3	63.21
430	722	7	54.39
6566	12	6	10.26
48029	14	3	16.55
202	747	5	27.74
101	16139	3	11.07
168	194	7	20.15
163	7168	4	35.54
799	855	5	42.5
57	138	47	125.83
793	38232	4	71.07
10013	101	3	7.75
211	755	4	20.95
9058	107	3	15.6
3575	101	5	8.28
53777	10177	3	69.23
790	5082	3	33.19
12	4116	6	5.7
1623	3060	4	48.11
215	624	4	19.81
3734	1112	3	33.11
53665	35	3	36.04
663	1110	8	76.78
104	524	7	7.69
17189	436	5	71.13
575	1260	5	43.43
12	5944	9	20.61
101	7925	6	21.49
897	49688	3	53.96
208	3292	5	42.88
754	1838	4	38.01
968	627	5	41.47
28368	926	3	47.36
823	672	7	61.51
2709	14	58	290.8
101	609	13	7.07
102	1784	17	50.48
2	1536	13	48.96
113	9168	3	19.51
352	118	10	30.77
281	114	5	5.68
101	2315	6	7.55
7276	119	4	29.47
700	106	8	16.26
34549	530	4	68.09
51860	35	3	36.04
1736	109	3	7.16
179	251	3	6.7
339	2562	22	275.32
12	21328	3	9.02
490	120	5	13.64
16	4781	3	15.76
2827	3294	3	38.14
851	1253	3	24.95
754	101	16	17.37
103	7157	3	11.54
13045	325	3	34.36
12	8024	7	17.08
188	3318	7	62.52
11818	14	10	38.93
12	1454	14	9.51
183	546	26	208.1
39780	14	3	12.18
2	8	71	41.74
183	777	7	41.94
11689	10	3	41.22
2591	115	7	41.11
121	7150	3	20.51
12	7359	4	4.87
4776	12	14	39.83
11422	178	3	28.75
2916	141	7	53.47
102	21919	5	31.85
27730	655	4	62.04
15484	912	3	41.14
281	143	3	5.17
12	299	34	3.9
573	635	3	19.12
12	5014	5	4.78
5970	834	4	48.47
7274	4355	4	63.56
635	4699	6	71.9
21867	17	5	54.64
53252	14	3	16.55
7673	102	4	11.92
875	990	3	23.64
358	7293	8	101.18
4297	105	3	9.75
3338	196	3	21.97
1489	1557	3	29.58
920	283	3	17.16
16209	12	3	6.66
3912	14469	6	111.12
435	102	52	132.99
1054	13462	4	57.87
4618	106	4	16.75
1105	16	70	631.29
760	12395	9	143.64
113	271	49	251.97
23191	12	4	14.98
102	13903	3	10.93
17175	180	3	32.49
1637	17	11	69.21
204	1955	5	37.25
114	304	6	9.31
102	13750	3	10.93
28	21214	8	122.11
198	6259	3	25.95
6192	17233	3	54.38
3323	12	13	24.66
254	102	23	10.34
238	15353	11	170.17
16237	109	10	110.38
105	671	5	5.16
10773	102	3	9.52
317	1164	10	88.16
2810	103	10	44.72
196	2020	3	19.09
51755	14	3	16.55
1052	1609	3	27.63
410	387	3	14.9
9	16	42	57.1
3844	12	6	5.08
236	258	5	19.97
2884	177	3	20.16
2941	10333	3	45.73
980	110	4	8.52
1480	3848	3	35.09
58	4332	3	13.87
277	10663	6	73.63
15706	12	3	6.66
26176	14	4	14.69
922	881	3	23.3
676	2290	4	39
320	1573	3	21.04
28007	159	4	51.65
46248	14	3	16.55
105	3678	3	8.95
4401	104	3	9.52
1110	107	4	6.66
2	1279	4	5.26
12	754	22	10.48
12	6425	5	6.93
547	101	15	8.71
16786	35	10	120.15
32459	162	3	35.82
661	6897	3	34.22
9033	180	6	65
12	569	75	150.05
247	635	20	171.74
2979	111	10	63.66
119	6793	3	19.73
902	120	6	24.65
2978	497	49	793.14
7878	21	3	18.62
9127	12	4	6.56
118	970	3	7.58
240	2407	6	52.19
4957	12	5	4.78
12	19288	3	8.09
25528	14	3	8.62
305	546	4	22.09
143	1997	6	39.23
101	7441	7	26.05
818	22425	3	43.87
513	233	9	57.7
12	5333	7	11.28
12	1894	23	44.74
4971	11961	3	49.84
2838	221	4	31.8
1054	4305	7	91.04
103	288	14	15.45
102	2265	5	6.17
103	2389	3	5.55
1236	211	3	16.71
420	590	4	25.05
25295	14	3	8.62
351	1368	11	106.13
3101	12	12	19.69
12451	15910	3	58.41
305	777	3	16.83
719	1382	5	46.44
12	34179	4	24.25
15330	5820	5	94.2
129	258	6	14.15
7377	1199	3	37.79
22127	160	4	47.13
610	102	11	6.2
675	2156	9	101.75
920	1878	3	27.84
22854	12	3	9.02
857	309	3	17.29
207	9760	3	29.47
24335	7812	3	59.13
108	5035	4	19.03
569	384	4	24.29
202	2444	3	20.53
51598	14	3	16.55
12	15733	3	6.66
112	4241	4	20.89
1074	107	6	13.87
1039	150	3	11.92
12	10181	4	7.44
26715	115	5	55.5
10467	14	8	22.99
368	154	27	181.13
2272	114	13	87.04
616	13	3	11.69
37874	12	3	13.78
2727	149	4	25.95
897	46908	3	53.96
6668	3479	3	43.89
129	1065	4	16.18
2686	472	3	26.5
286	2142	4	32.19
1217	1780	5	53.9
223	21	318	2833.69
9621	7409	5	91.34
131	110	22	23.06
24267	3501	3	53.92
107	577	5	5.59
1276	393	3	21.11
1246	431	3	21.3
118	27814	4	41.87
596	14	242	1172.63
12	9023	9	29.26
8360	128	3	22.96
1860	120	6	33.2
1863	777	3	27.01
3813	111	5	26.81
7456	101	4	10.22
57	1271	16	88.05
1119	101	10	8.98
765	733	3	21.4
22342	14	5	19.46
26128	23502	4	93.4
196	4352	3	23.63
2671	564	3	27.31
455	5950	8	100.77
440	14939	3	37.21
3043	101	5	6.98
4063	14	28	102.81
10456	141	6	60.98
106	12208	4	25.1
6078	107	6	34.46
10544	104	3	14.93
760	7599	3	35.62
990	12	19	11.05
12399	12	3	5.13
102	4681	4	8.17
29258	102	3	17.44
8820	162	3	26
19590	104	3	19.68
2	2310	3	5.45
104	329	17	31.34
188	1996	4	26.93
1713	103	3	3.92
3941	297	7	73.87
9818	122	7	68.32
4578	134	5	38.56
587	1781	6	58.85
14700	17634	3	60.33
149	3093	5	35.99
150	8048	4	34.95
20916	1594	6	106.04
1568	772	3	25.87
115	2015	3	11.09
178	3294	4	30.35
12	7217	5	8
12	2244	10	8.34
102	1252	7	5.89
102	3700	8	23.13
3232	15384	4	67.98
102	2107	8	15.21
1655	4295	3	36.36
10032	102	3	8.76
102	7682	6	22.99
119	927	3	8.08
2133	18119	3	47.87
31194	136	3	34.04
1771	123	6	33.85
29240	14	4	17.19
694	29335	3	45.82
49995	14	3	16.55
161	103	18	6.29
108	1727	4	10.88
1520	185	3	16.82
35	11641	14	168.22
363	13159	7	96.78
29791	102	3	17.44
323	5814	7	80.83
989	46871	3	54.51
101	8358	5	16.46
29819	14	4	17.19
2408	428	4	36.15
595	552	3	18.46
111	1380	11	54.48
135	172	46	248.31
169	18827	6	74.62
802	114	10	40.31
108	3367	3	10.26
1182	575	6	53.31
107	519	7	10.19
57	2002	4	14.56
341	3521	21	276.67
1488	259	3	19.38
799	4650	4	46.04
410	153	20	125.65
1308	111	3	7.13
139	19673	4	43.5
501	7541	4	46.82
19628	578	3	41.04
833	3121	4	42.92
13875	12	3	5.58
2923	1229	4	45.49
500	254	10	67.63
8488	14	19	96.99
30737	14	3	10.08
3749	101	6	12.33
102	12766	3	10.41
5001	556	3	31.02
27837	9	5	58.97
7251	494	4	46.32
259	158	4	9.47
57	3095	3	11.75
5274	162	3	22.68
165	284	4	10.77
106	1541	5	12.72
9587	101	9	45.78
102	22918	4	22.67
455	765	3	18.89
3374	102	5	9.29
27515	117	4	41.33
308	3775	8	86.41
50476	21	3	35.75
23567	14	5	19.46
307	40330	4	64.22
102	5520	9	35.73
512	300	21	183.63
101	3075	10	26.41
2320	101	8	13.85
142	13946	7	79.65
24185	35146	3	71.86
53570	244	3	46.5
125	447	10	42.38
634	121	3	6.76
16294	14	9	43.27
12	2454	13	17.89
101	7072	3	5.81
2	5487	3	10.06
3402	107	6	27.09
7464	320	3	30.82
361	2947	4	36.55
2439	101	5	5.34
16885	117	9	103.68
1600	128	4	19.45
104	539	6	5.51
120	124	12	13.3
828	109	4	6.51
104	2136	3	5.82
12	4099	7	8.32
1620	4959	8	116.77
3611	157	3	20.02
2078	1929	4	46.49
123	4474	3	18.28
7217	12	5	8
101	5981	3	5.01
1026	667	18	201.4
544	121	5	14.46
185	736	5	26.15
12	1364	21	25.23
103	2233	14	65.88
12	3356	12	21.39
754	6745	3	34.75
587	3439	3	29.13
357	411	3	14.39
12508	12	3	5.13
130	164	12	28.18
4725	102	3	4.64
39817	12	3	13.78
17787	14	9	49.64
101	11930	3	8.91
298	4251	3	26.72
58	6846	3	16.59
677	2749	3	28.49
23635	14	4	12.9
2279	4023	4	53.18
1857	12	9	4.05
652	719	6	49.2
168	118	15	30.42
775	2780	3	29.42
163	24137	5	65.55
1896	188	3	18.18
193	204	21	118.79
2418	7415	3	42.19
128	3935	6	45
2843	374	4	36.54
7	2726	4	12.31
9173	14	10	31.48
1212	5477	3	35.98
25648	244	4	54.38
142	5802	8	75.53
216	9574	9	113.47
617	6482	4	46.95
1252	4358	7	94.06
1514	399	27	325.64
822	9221	5	67.89
141	7597	7	68.34
142	4035	7	58.17
102	16349	3	12.13
704	6004	3	33.57
1118	312	3	18.77
35	16352	5	46.23
4220	14	27	100.19
1942	21	3	10.15
39077	14	4	22.06
106	5272	5	24.73
714	37111	3	48.21
128	101	77	23.47
5540	177	5	45.48
22367	190	3	34.72
236	305	3	10.23
1318	613	3	23.6
12190	14	13	64.63
140	2	21	5.47
266	1611	31	363.33
200	1259	6	41.01
368	6261	3	30.4
6463	101	4	9.28
4490	109	4	18.85
1548	3734	4	49.39
12	9862	4	6.98
4413	12	10	19.58
190	521	5	23.13
590	37781	4	68.96
133	3679	6	45.47
134	245	16	68.9
375	1732	5	42.9
6273	134	3	21.89
674	18745	4	57.45
174	230	4	9.98
2542	1082	12	157.93
232	17	5	6.53
2454	113	4	17.45
4941	12	6	7.45
12461	101	3	9.37
5912	106	3	12.3
11355	635	5	67.83
101	7107	4	9.89
5017	3465	3	41.81
760	4237	3	31.84
995	135	3	10.94
2675	106	7	29.7
4909	196	14	162.91
311	127	5	11.92
5931	109	6	36.84
127	377	17	86
102	49745	3	24.09
3156	417	4	38.15
53417	14	3	16.55
12	6614	4	4.1
350	122	4	8.13
961	294	6	43.76
6113	18994	3	54.15
1360	152	11	79.41
833	16445	3	41.34
17184	946	3	42.81
1035	145	6	31.31
21841	102	3	14.68
1802	859	3	27.19
20096	14	5	17.39
275	3956	7	72.3
211	526	6	32.13
5444	109	3	13.62
556	107	18	58.01
457	434	3	15.85
1065	2666	3	30.76
104	741	6	8.1
1270	421	3	21.37
1371	5529	6	82.83
420	271	8	49.41
102	6816	3	6.55
544	110	5	7.96
3660	13282	6	108.78
104	574	8	11.63
102	978	10	9.91
7440	101	3	6.04
101	2089	5	4.27
22307	14	4	12.9
149	4313	19	209.17
5694	345	10	124.82
628	1767	11	123.06
255	13539	8	109.73
128	3676	4	26.03
108	1418	4	9.46
161	936	4	18.7
109	6003	8	54.96
1973	102	9	17.62
1364	696	3	24.43
2210	161	6	43.4
135	208	4	5.86
26644	184	3	35.88
300	3551	4	36.58
1798	107	5	14.72
11360	102	4	15.13
12	8912	4	6.17
4010	106	7	35.58
305	42572	3	48.15
9478	644	3	35.96
173	134	9	20.73
20933	14	5	17.39
1127	23068	5	83.67
226	413	5	24.2
1154	733	6	55.58
161	129	5	4.57
46052	14	3	16.55
12	29085	3	11.65
455	12258	7	99.52
565	19372	4	57.5
103	9201	4	20.21
12	12041	3	4.72
8	3992	3	14.17
1318	178	11	85.97
12	13526	3	5.58
167	225	8	27.76
139	269	7	21.27
1732	127	3	13.27
31055	14	5	27.58
526	2422	3	26.34
9538	153	3	26.22
23279	724	4	60.8
106	1843	3	5.94
1657	833	3	26.57
162	1153	3	13.42
27745	12	3	10.16
1196	10634	3	40.16
1045	17	4	13.47
28	4401	39	597.02
3446	800	3	30.79
3535	3251	4	54.86
972	5025	4	47.98
243	571	6	35.35
3285	191	5	41.24
313	804	10	81.09
250	14	435	1658.2
104	304	14	20.03
1091	206	3	15.79
102	4855	3	4.78
32704	117	5	61.21
104	1015	4	4.64
12	1138	18	12.09
158	309	3	6.63
18962	1662	3	46.27
4844	547	3	30.76
22176	14	5	19.46
1135	2383	5	56.1
7363	101	9	38.76
940	102	18	33.79
2080	263	3	21.55
12	20270	4	13.55
14789	136	3	27.89
12	4542	6	6.64
35	38325	3	31.54
2	6026	4	16.52
12	6408	4	4.1
11758	2908	14	288.47
1840	549	10	108.42
9629	12407	13	310.26
53796	1003	3	54.58
187	2891	3	20.67
104	1657	10	36.65
2133	118	11	73.27
16	1413	6	25.27
19676	14	5	17.39
625	2653	4	39.59
1411	365	3	21.29
13468	2286	8	144.6
968	107	11	35.75
360	3801	3	27.07
3620	111	3	12.73
666	155	5	21.97
2	302	15	19.78
101	1973	12	25.91
2131	3031	5	65.5
1273	14	103	435.94
1465	107	6	17.33
1565	1224	4	40.27
42583	670	3	52.32
313	23838	5	72.01
1891	1081	6	66.23
4579	12	10	20.11
1265	107	20	100.01
727	18387	4	58.07
180	1175	3	14.84
5625	106	3	12.09
157	311	3	6.62
12	1504	12	6.36
764	250	3	15.3
102	2502	6	10.01
7029	2383	4	58.31
1596	3401	18	282.01
512	155	26	187.79
632	1843	4	36.76
1173	122	37	317.67
123	2040	6	35.65
3608	4556	4	57.89
2226	161	4	25.72
12	2812	7	4.6
9769	106	8	60.08
823	766	7	63.5
6557	162	3	23.99
2528	1249	7	86.13
12921	165	3	28.7
4637	4919	11	194.78
3693	1510	4	48.99
119	832	24	158.25
13438	28252	5	119.72
1138	733	3	23.47
28731	12	4	19.34
52945	21	3	35.75
9547	320	15	229.74
103	1297	9	24.45
127	2943	3	16.42
4245	1871	4	51.96
231	387	16	113.77
777	107	7	14.59
19871	14	6	24.36
562	3773	7	81.06
978	1402	4	37.62
106	500	13	30.4
9748	109	3	17.38
9292	104	4	21.38
1972	2	4	8.09
7594	162	3	25.05
48150	17098	3	72.46
15797	5966	7	142.01
19692	14	8	44.13
112	18709	4	34.35
32571	14	4	17.19
12	10758	3	4.36
741	102	13	13.1
102	16206	4	18.88
22489	14	5	19.46
40216	14	4	22.06
13094	102	9	56.38
3265	352	8	86.11
679	1	3	8.18
677	901	3	21.77
108	7096	6	38.26
5966	119	3	19.01
129	423	13	61.78
108	401	94	599.49
1625	3298	10	142.06
322	135	26	152.78
107	3966	3	10.31
735	247	7	46.74
886	241	3	15.86
1458	101	8	7.89
439	14	137	312.57
17495	24233	3	64.9
11260	150	3	26.53
743	1767	5	49.14
8	10	5	17.01
649	211	10	67.84
102	15047	5	25.22
17311	12	3	7.32
401	181	4	14.74
433	1706	5	43.96
102	6119	4	10.03
103	8232	5	26.57
5591	834	3	34.06
23841	12	3	9.02
102	1109	8	6.67
12	382	168	500.36
45315	14	3	16.55
1099	101	8	4.73
25659	643	3	43.86
20795	14	6	24.36
3309	112	3	12.47
852	448	17	169.83
17186	544	5	72.97
717	137	3	9.32
4237	1239	3	34.56
552	412	4	24.38
389	2797	3	25.8
8061	102	3	7.52
998	173	3	13.6
103	3977	4	13.05
101	1073	10	8.45
42046	12	3	18.18
2353	1007	3	29.74
727	962	5	42.71
12	3515	7	6.61
5044	608	5	58.14
4534	917	3	33.25
1025	704	7	65.03
5464	196	3	25.06
907	7130	4	50.39
115	748	9	35.74
241	400	11	71.31
10936	451	8	113.44
209	8086	3	28.13
101	21437	4	21.21
2017	1158	4	41.77
2628	12	8	5.81
36050	12	3	13.78
181	1262	22	203.53
5353	177	8	80.6
118	1435	3	9.69
3339	275	3	24.54
103	6519	4	17.08
420	674	7	53.19
1565	8030	4	56.01
10765	213	7	85.57
183	928	3	13.87
102	840	26	61.1
3765	371	3	27.25
124	2053	9	62.18
1145	1281	6	62.05
496	1626	19	223.53
9	571	4	6.81
113	1311	8	35.98
411	3035	3	26.57
33951	224	3	41.34
22374	14	7	38.61
226	11	30	318.38
1308	217	3	17.36
704	241	4	21.76
32238	14	4	17.19
887	2525	3	29.51
17442	12	4	12.38
1019	2441	46	765.66
9835	264	4	44.25
113	2055	3	10.4
12	13426	3	5.58
51932	14	3	16.55
564	14	216	888.09
2	13620	3	15.99
11519	101	3	8.91
108	3969	3	11.14
291	122	7	18.71
109	1984	19	120.46
47404	12	3	18.18
6967	14	12	34.49
7991	101	3	6.54
2069	101	5	4.18
1118	7002	3	37.06
6992	102	4	11.23
109	23510	4	34.61
528	1550	16	182.32
113	4590	7	47.46
402	4139	4	40.08
646	14	33	15.53
331	1	7	21.82
236	2032	10	93.82
12	10215	5	11.52
127	16251	5	52.46
744	1487	4	36.14
102	12658	3	10.41
1147	13493	3	41.81
17893	635	4	57.16
1816	106	3	5.83
5242	3980	5	77.37
1816	2580	4	47.65
323	277	4	17.4
128	503	58	470.92
2064	4565	10	154.71
108	941	14	55.28
1768	9435	3	41.82
2583	2512	4	50.25
13789	1004	6	92.63
167	119	8	9.59
840	12	31	32.6
12	14272	4	9.76
8669	101	9	43.09
2	8991	3	13.01
370	1497	6	51.84
1424	406	5	41.62
1516	114	3	8.76
9	1931	3	9.81
590	5794	3	32.43
4929	165	6	53.82
172	422	4	14.45
37118	14	4	22.06
23615	14	5	19.46
3287	761	14	188.81
134	717	4	14.43
605	806	5	39.51
769	7610	3	35.65
9865	107	3	15.97
4976	120	3	18.31
1363	103	8	20.82
3600	3077	3	39.08
256	522	10	68.54
4219	101	4	6.21
133	226	11	37.23
33977	12	3	13.78
1043	119	6	25.15
12	10475	4	7.44
229	169	4	9.37
512	430	6	40.96
928	2476	3	29.68
12	6263	7	13.51
898	1043	3	24.09
185	8174	8	91.03
4663	14	22	75.07
12	3073	10	12.91
123	4042	10	84.59
188	672	3	12.19
2	1187	4	4.73
27749	13290	5	114.31
4575	761	3	32.33
118	323	5	8.38
29117	754	3	46.36
10247	101	4	13.17
33278	12	4	24.25
4206	13	3	22.84
653	126	5	17.87
524	4615	4	42.65
107	12743	5	35.54
5225	101	3	4.34
1542	404	8	75.63
4176	102	4	7.26
312	106	20	47.23
7510	315	3	30.73
512	629	5	35.68
1685	5868	3	38.5
12	4839	8	13.54
103	2798	3	6.35
12	3721	7	7.06
125	1638	3	12.84
6893	672	3	34.24
102	817	23	47.82
12	5299	6	8.06
894	103	5	5.56
116	164	10	11.76
7782	12	7	16.39
149	7142	4	33.78
395	251	3	11.96
134	11638	3	26.15
3618	120	4	24.12
51769	136	3	40.76
8706	102	4	13.12
117	3757	3	14.86
45965	115	3	36.54
2010	273	3	21.57
900	1700	3	27.19
101	3358	4	4.78
12	1247	18	14.85
26965	14	5	22.3
12	13321	3	5.58
841	119	3	7.6
9081	101	7	30.04
9	1472	4	13.12
1515	106	3	4.9
912	113	3	5.95
15933	7837	5	99.1
105	550	5	3.98
162	104	17	7.56
853	4795	3	33.18
318	306	21	166.04
255	352	4	17.55
10382	113	5	39.6
565	2631	4	38.68
5240	4891	7	117.07
106	4729	3	11.01
12908	109	3	19.15
15410	101	3	10.44
7	889	18	68.62
119	12666	10	112.64
29192	14	3	10.08
801	113	3	5.39
842	6402	4	49.19
2062	279	5	41.82
467	3942	9	107.34
10016	102	3	8.76
11045	12	5	12.2
22616	117	7	85.69
12	14778	3	6.09
111	1263	3	6.92
8487	101	3	6.82
463	1643	4	33.5
168	246	8	29.77
625	30813	3	45.28
111	708	4	7.37
2935	268	5	44.86
16038	1547	3	45.04
41615	21669	3	75.12
3059	101	4	4.21
57	339	7	11.56
12854	12	4	9.09
4821	101	4	7.12
2649	2255	4	49.8
286	111	12	27.76
260	156	11	46.6
27468	14	5	22.3
257	806	3	15.76
707	8031	5	64.75
1248	7316	3	38.14
17588	101	3	11.78
168	1069	4	20.23
230	7317	13	168.81
109	22286	5	46.83
12	12202	4	8.48
14858	14	11	60.67
1401	119	4	16.06
12	18945	3	7.32
13859	12	8	33.61
3427	198	4	32.03
2499	157	3	17.87
149	4200	3	20.28
5929	4385	4	61.54
8096	12	4	5.48
1325	736	4	35.17
752	1792	4	37.74
8	10133	16	189.8
101	7521	5	15.46
103	695	16	42.75
2741	14	49	211.37
12	1814	13	11.67
11592	12	5	12.95
27161	17018	4	89.5
121	361	3	4.3
12	3927	8	10.64
281	1656	7	60.27
483	2166	3	25.39
510	106	7	9.33
103	1250	4	5.07
1542	109	15	79.01
37999	14	3	12.18
24958	12	3	10.16
103	16802	6	45.21
3279	101	9	23.25
269	3940	3	25.49
115	3333	5	28.39
118	561	8	27.16
12	23826	3	9.02
186	183	6	16.92
7406	104	6	34.23
4335	14	18	48.2
121	1265	4	15.93
103	3702	3	7.77
663	7008	3	34.22
603	7853	3	34.63
927	131	10	56.8
2523	14	19	31.73
2585	178	11	101.44
12086	12	3	4.72
17173	153	3	30.59
3714	193	9	88.43
28560	12	4	19.34
109	19715	3	22.57
444	38465	3	45.63
1040	148	10	63.15
3833	427	4	39.86
7251	160	7	70.97
5123	10069	5	87.35
3583	12103	3	47.82
12431	44950	3	70.63
166	240	3	5.54
4973	12	6	7.45
4117	106	3	10.25
1020	143	6	31.01
639	6788	5	61.95
3919	313	17	216.05
536	659	7	55.83
297	19977	5	69.44
941	421	4	28.41
1452	16	3	8.78
13816	14	8	29.37
168	340	6	23.26
14202	2936	3	47.68
112	2359	5	22.57
173	3556	5	40.5
2127	679	3	27.01
44848	715	3	52.71
652	3571	3	29.95
102	13842	3	10.93
2612	12	21	50.55
40883	24186	3	71.86
439	1746	4	33.59
801	162	3	11.55
290	225	3	9.57
1310	440	4	31.33
408	7085	3	31.72
35	16322	10	120.15
13453	49484	3	71.18
12	15001	3	6.09
442	22350	3	40.55
142	4069	4	28.48
10336	8	16	189.8
2604	105	3	7.05
2805	112	3	11.52
103	3784	3	7.9
2161	578	14	168.89
5420	104	7	37.67
1945	2574	3	34.34
1022	699	4	32.46
1564	101	7	6.3
2046	1192	3	29.91
313	7474	20	308.78
1917	155	3	16.24
103	7726	4	18.48
101	6423	3	5.39
1822	12921	3	44.26
1075	27177	3	46.63
181	171	21	100.34
7105	604	5	61.89
4479	106	3	10.7
8286	207	3	28.41
53903	14	3	16.55
40115	14	3	12.18
588	107	8	15.02
119	568	3	5.79
10148	12	8	27.1
103	6044	3	10.61
620	8839	3	35.42
2	7249	3	11.84
12	6786	5	7.27
10760	200	4	42.46
41732	352	3	48.99
12	192	120	98.4
3185	12	10	13.53
101	5331	3	4.34
576	1868	10	109.74
2108	474	17	205.25
3611	249	7	69.38
896	710	4	31.65
5081	5340	3	44.66
12	1768	14	13.44
46414	14	3	16.55
182	1191	3	15.15
24497	7496	3	58.83
2666	1307	7	87.48
269	2569	3	22.95
11686	101	4	14.32
1358	1647	3	29.53
102	17737	4	19.94
717	2003	3	26.92
424	200	8	43.35
1477	2964	6	75.9
12	3199	8	7.97
102	2391	6	9.57
247	1651	11	101.58
1467	116	4	14.68
14172	14	5	12.2
4289	12	14	35.64
113	393	6	11.56
3717	114	24	222.89
379	528	4	23.48
786	13054	4	54.98
197	626	7	40.47
9268	105	3	14.57
106	2747	3	8.01
320	2158	10	101.84
9080	2457	4	61.11
1277	102	14	27.64
109	3589	3	11.15
3902	358	4	38.81
104	14000	11	103.88
265	101	27	12.63
267	880	25	246.19
17477	13465	5	107.35
111	1601	4	13.07
15254	2998	6	107.74
35	27558	6	72.08
945	2494	3	29.74
15166	12	4	10.52
49117	12	3	18.18
2475	185	3	19.7
1620	12824	3	43.5
2823	12	7	4.6
4899	389	3	29.13
109	735	4	5.81
18634	14	7	29.34
289	3933	6	60.9
258	413	10	64.97
57	7177	3	16.91
12	26872	4	16.81
6129	106	6	33.76
5455	114	21	211.7
165	125	6	6.95
1065	10559	3	39.43
15796	762	3	40.93
101	9877	3	7.75
2986	1408	4	46.78
8314	26852	3	59.45
198	1742	3	18.17
112	951	35	233.52
1028	227	3	16.23
573	1651	6	57.74
577	9	8	23.52
157	502	3	8.89
2	824	5	5.05
790	799	7	63.42
101	3296	4	4.66
3796	12	7	7.29
123	2599	11	84.72
726	477	22	228
489	122	12	54.99
8317	106	6	38.33
784	568	5	38.72
9792	12	5	10.9
12	16737	7	30.51
336	232	5	22.67
12676	14	12	59.27
491	154	8	37.9
4033	12	6	5.48
422	374	7	46.22
12	3763	7	7.29
2838	146	4	25.81
34853	6381	3	61.58
12	5249	5	5.24
599	9	4	7.1
186	713	3	12.52
1332	791	14	161.79
12	4881	8	13.54
143	2381	3	16.52
851	235	3	15.45
51825	14	3	16.55
375	15864	7	102.95
2503	742	3	28.47
35958	106	3	26.82
119	6724	3	19.73
238	102	46	58.61
13	17205	3	32.65
480	3550	3	28.19
12	4619	8	12.73
102	5344	4	9.03
12	630	38	37.33
1240	101	8	6.12
310	140	3	5.53
25899	12	3	10.16
381	264	3	12.1
123	4386	3	18.12
354	3031	43	649.15
2554	101	18	62.63
7111	12056	3	52.04
185	109	16	21.99
102	770	25	53.79
1811	112	3	9.09
21190	193	5	63.76
972	130	4	15.67
817	113	5	13.55
1262	223	4	25.33
1866	834	5	50.82
109	15403	4	29.78
213	105	63	218.42
115	517	11	40.43
431	25858	4	59.05
10119	102	3	8.76
971	2912	3	30.94
582	522	4	26.34
487	1398	3	22.62
458	342	5	29.5
262	13020	8	108.17
3218	102	6	12.46
102	7120	3	6.77
101	983	8	3.87
12	611	21	4.87
1178	1594	3	28.24
42807	19056	3	74.09
127	329	3	4.79
22923	14	7	38.61
102	7613	3	7.26
12	4576	9	16.27
351	2808	3	25.29
15577	54049	3	71.79
5223	9	4	23.22
115	1167	4	12.64
15447	14	9	39.47
149	7528	3	24.03
16858	14	3	5.25
5178	1221	5	64.96
124	366	5	12.94
102	3552	5	9.64
29695	14	3	10.08
1512	249	4	27.86
1516	4009	4	49.75
156	9675	8	89.16
12	12864	3	5.13
231	153	49	337.92
647	800	5	40.04
112	1814	3	9.09
30276	14	4	17.19
1461	121	6	30.29
323	5674	3	28.86
8080	12	4	5.48
41441	7	3	30.88
2745	102	7	14.71
6095	4283	3	44.3
194	251	5	16.89
8566	471	7	92.92
1688	109	13	67.2
36644	14	3	12.18
8108	109	6	41.22
6302	1471	3	38.1
110	18940	5	44.3
101	10662	3	8.11
2027	12	11	9.06
400	118	5	10.2
34069	29060	3	73.45
106	16634	3	19.16
16060	521	10	170.09
18431	14	4	10.35
915	35	183	2207.45
107	1349	3	4.69
19725	114	3	25.23
1185	105	5	9.29
412	5054	7	81.78
3026	3980	3	39.63
923	128	4	15.11
9007	14	5	7.51
1877	111	3	9.06
505	2205	3	25.6
105	5840	3	11.64
5519	101	3	4.49
106	1617	3	5.26
612	331	3	15.97
118	15514	6	59.12
19023	180	5	62.66
110	2639	4	15.8
7591	12	4	5.17
58	6460	4	24.21
12	14161	4	9.76
7757	106	7	45.69
101	2135	5	4.45
6382	113	3	17.18
12	156	195	191.42
1500	114	3	8.71
1151	24961	3	46.99
756	4124	3	31.63
391	3040	3	26.33
35	53669	3	36.04
29628	14	3	10.08
103	17050	3	17.19
6793	12	4	4.34
103	5200	14	92.06
2642	5394	8	126.75
17579	43540	3	73.22
3932	14	34	144.6
764	1625	3	26.04
2805	148	3	17.69
1202	20271	3	45.06
3733	276	6	59.46
7	31969	4	36.18
3667	314	3	26.08
15476	21	3	22.9
2001	30702	5	98.23
2	6646	3	11.33
6615	147	6	54.52
21255	719	3	43.2
121	3106	11	86.83
103	447	29	88.51
395	570	3	16.63
713	28489	4	65.29
37588	22	4	85.49
307	109	7	7.83
13218	12	5	13.78
624	156	10	56.72
21497	44863	3	75.12
3406	102	5	9.29
335	12	34	6.5
118	3639	3	14.99
1927	5021	4	53.62
7270	106	6	36.4
18085	16887	4	84.78
48144	14	3	16.55
280	850	7	50.68
35267	14	3	12.18
24162	7	3	22.6
12	1799	11	7.18
12110	6102	6	112.82
417	2251	7	70.32
5651	14	29	151.32
356	185	53	465.65
12388	13438	10	233.32
8	1154	7	27.39
13852	115	3	23.08
404	745	7	54.34
2442	102	6	9.86
12	11443	3	4.36
110	344	79	486.25
134	5792	3	21.44
49829	14	3	16.55
657	8958	3	35.7
3444	101	8	19.46
410	530	8	59.3
886	279	12	101.04
129	4829	3	19.49
15053	14	8	31.63
22090	106	4	32.21
14052	12	3	5.58
15073	102	4	17.96
4679	14	19	57.23
946	1546	7	74.82
198	5450	4	35.87
1097	31665	5	91.78
111	444	5	7.62
3435	4710	6	92.16
233	552	3	13.14
8	3816	10	71.63
5195	102	6	17.88
17406	1324	3	44.91
2957	13	6	50.15
101	10420	3	8.11
238	32214	5	77.31
514	9832	3	35.04
3125	1000	8	100.39
105	4745	3	10.36
12	26144	3	10.16
5167	14	27	118.42
342	409	3	14.16
803	103	8	13.55
109	4129	10	65.08
289	683	24	227.9
6228	1110	3	36.27
129	2126	3	14.65
192	1294	3	16.14
106	781	8	17.71
4693	102	10	38.72
109	3322	3	10.68
473	4328	4	41.59
107	164	38	75.31
540	808	3	19.93
165	6009	3	23.7
8331	14	18	86.54
6431	131	10	99.12
111	1341	4	11.76
169	1288	3	14.68
1194	111	3	6.54
38834	14	4	22.06
36503	14	4	22.06
102	30962	3	17.44
45286	14	3	16.55
2005	102	7	10.97
11563	14	14	77.22
444	152	3	7.86
135	335	7	23.92
121	13967	4	36.12
102	10103	6	26.52
462	945	3	20.01
17244	35	9	108.13
19453	1111	6	101.41
137	240	7	19.3
142	1911	9	65.66
10879	28563	3	62.93
1051	148	23	185.61
442	120	10	38.55
18570	14	9	49.64
254	787	4	23.06
285	1415	9	79.61
192	3186	4	31.01
291	17	11	34.06
1725	746	3	26.27
4499	12	7	9.51
102	26538	3	15.89
1816	16	3	10.07
142	17501	4	42.46
4519	104	3	9.82
9052	12	6	14.64
112	900	16	78.86
1226	14	137	744.11
53108	14	3	16.55
1828	117	6	29.6
12	13398	3	5.58
3623	177	5	41.04
222	712	5	28.36
39435	14	4	22.06
9005	12	8	23.72
101	17383	3	11.78
8181	21393	7	159.82
12890	14	13	71.7
12	3704	7	7.06
104	178	14	6.29
15952	12	3	6.66
7606	101	3	6.29
513	187	3	10.78
101	5849	4	8.47
515	102	292	2211.56
3576	2852	4	54.13
17359	12	5	18.34
12	3487	13	26.19
102	523	97	405.45
103	145	171	616.45
2673	1915	9	124.71
5568	185	4	35.14
6371	14	15	47.21
12	16788	3	6.66
427	154	14	78.77
26416	14	4	14.69
18900	2	3	17.98
145	372	20	116.37
101	18032	3	11.78
5860	12	6	9.08
538	8505	4	48.19
338	211	3	9.89
12	6280	8	17.56
142	9342	12	141.61
415	157	34	253.56
103	1816	4	7.5
186	405	3	9.76
153	387	8	34.97
101	238	44	41.24
6072	12	7	13.02
1294	945	8	84.89
4676	4556	3	43.2
333	1290	24	265.8
102	18559	4	19.94
107	8792	5	31.02
521	247	3	13.14
1943	367	5	43.91
39109	14	4	22.06
17443	1101	3	43.61
2481	3738	4	53.3
2079	31443	3	52.36
1395	2167	3	31.36
1235	41640	3	55.86
57	322	12	29.48
18577	117	3	25.29
2326	9062	13	239.94
2	9280	3	13.35
112	2298	3	10.47
9	317	6	8.94
8	1184	7	27.76
15288	12	3	6.09
263	564	15	118.47
7263	14	15	54.06
7934	117	19	219.46
35	47400	3	36.04
678	725	3	20.6
1314	7636	3	38.75
7714	107	4	21.55
110	621	6	12.73
45642	14	3	16.55
818	10676	3	37.99
11914	746	3	38.46
587	10423	3	36.25
765	928	6	53.87
29312	1564	3	50.59
1908	14	44	127.74
1464	241	20	204.19
13752	14	10	44.61
1347	1865	4	42.7
45139	14	3	16.55
648	2288	3	27.31
231	704	6	36.9
112	3440	3	12.71
709	269	3	15.37
648	451	14	127.47
163	21283	3	33.01
12	8341	5	9.3
368	1986	6	55.3
18743	14	6	22.03
645	217	4	20.12
2964	2904	3	37.78
17710	12	4	12.38
15822	1101	3	42.85
119	12647	5	46.03
5659	249	3	27.17
362	1074	8	67.85
118	779	9	37.91
128	27043	3	31.51
1560	1368	5	53.99
188	9	18	39.56
12	947	17	6.91
103	2122	10	38.97
248	357	12	78.06
383	1984	3	23.59
40684	14	3	12.18
9011	114	10	93.08
1532	1690	4	42.74
482	21	6	13.43
11450	5266	6	111.03
208	964	3	15.16
821	35239	3	48.97
3487	2685	18	305.35
143	4344	3	20.07
14489	1010	7	113.19
15670	180	3	31.73
102	40270	3	19.63
1356	101	9	9.65
12	18926	4	12.38
10212	12	4	7.44
2115	120	7	42.98
149	6919	3	23.48
158	423	3	8.19
6893	9	3	17.41
3610	7599	3	44.84
8178	330	4	44.74
6681	102	5	15.87
12	5755	5	6.02
54178	14	3	16.55
12	1829	9	3.94
3765	111	3	12.99
604	122	4	11.49
6254	14	5	4.59
460	135	18	104.46
11960	101	3	8.91
149	2728	11	94.83
624	127	11	55.71
10598	21	5	39.77
33376	9165	3	63.96
12223	316	5	62.25
524	169	3	9.79
228	8488	13	174.32
14438	12388	3	57.74
12262	444	4	50.81
3215	102	7	16.52
117	194	6	5.51
5172	945	3	34.13
12	6509	4	4.1
12979	12	3	5.13
533	31244	3	44.35
12	966	20	12.33
11151	12	4	7.94
3187	14	50	253.14
43769	34963	3	80.18
126	104	24	7.44
2076	7106	6	91.42
102	4070	6	15.05
1206	1260	10	115.02
102	1393	7	6.97
6448	12	4	4.1
102	8123	7	30
26831	14	6	33.09
4960	245	11	127.97
1200	1159	10	112.66
47418	14	3	16.55
115	292	6	10.05
4364	1171	6	77.42
9919	1	3	24.01
2405	134	3	16.14
6891	180	10	113.96
101	1990	9	15.02
12	1866	15	17.51
2290	8	8	44.99
102	2668	5	7.34
103	3040	9	39.59
22278	4893	4	76.16
1439	204	3	17.33
35561	14	3	12.18
181	38066	3	39.45
12	49572	3	18.18
3701	102	10	33.46
2	2765	5	15.32
101	3600	5	8.28
104	3137	3	7.7
2116	1277	3	30.67
12	18885	3	7.32
133	1985	9	64.48
35	14900	11	132.16
222	114	6	5.82
4202	14642	7	134.2
20315	501	3	40.16
17947	14	9	49.64
14114	113	3	22.2
112	3148	9	56.65
101	15996	4	17.44
200	1951	17	169.61
529	1817	6	57.81
20830	12	3	8.09
2948	31071	3	54.44
101	9389	3	7.42
12	9776	4	6.98
611	103	7	7.72
193	331	8	39.06
2648	14	55	256.48
289	3757	3	25.78
102	32667	3	17.44
299	21808	4	54.5
108	1270	3	5.05
197	139	87	630.04
1183	553	7	63.86
956	114	4	10.42
4468	102	4	7.79
10441	647	3	36.76
1559	105	5	11.87
987	24263	3	46.19
363	28342	5	81.92
12	12493	3	5.13
114	103	46	8.69
4550	178	3	22.96
12	9059	7	19.46
7453	12	5	8
10143	7	3	15.59
6160	120	4	28.45
18434	14	6	22.03
11977	12	3	4.72
259	1879	5	39.88
2840	16144	4	67.89
1479	279	6	48.19
3011	101	4	4.1
16794	14	6	20.16
47231	14	3	16.55
1781	106	22	128.11
4953	6716	3	46.04
2	726	5	4.24
2588	116	3	12.65
516	508	4	25.15
102	4690	7	21.81
2110	265	3	21.71
8279	101	3	6.82
101	8120	3	6.54
958	12	25	22.64
102	4554	6	16.52
579	111	9	26.76
930	109	5	10.9
6134	14	25	119.22
4209	365	3	27.89
5325	163	10	102.24
1112	204	3	15.74
695	221	3	13.85
1954	106	4	10.36
29494	14	3	10.08
213	156	3	4.41
34872	12	3	13.78
1807	1710	6	71.54
6554	221	7	76.51
149	6191	15	170.65
197	12751	3	30.71
4949	116	3	16.53
121	5567	9	78.31
102	6104	4	10.03
1436	106	4	8.1
12	2372	13	17.25
246	194	6	22.11
3610	4237	4	57.24
102	1126	23	60.24
2552	5516	5	73.22
7822	6874	3	49.11
3134	593	8	92.88
657	1444	4	34.95
37240	102	3	19.63
1294	106	3	4.18
16574	6075	4	74.17
453	12	37	19.92
9820	14	14	61.77
16	5577	5	33.22
10973	264	3	32.08
133	262	3	4.22
105	308	10	10.35
5583	101	9	33.2
136	3134	4	25.95
655	30074	3	45.52
112	3212	4	18.61
2	10153	3	14.1
462	106	14	33.14
12	8602	4	6.17
35	25074	6	72.08
101	9197	3	7.42
38586	21	4	47.67
14496	4794	4	71.3
195	35642	4	59.58
775	1110	8	79.28
5310	101	4	7.75
473	719	6	45.75
1427	12	50	149
143	12838	6	64.37
1617	32060	3	50.82
2547	157	3	17.96
11374	12	3	4.36
2781	107	4	13.4
1151	111	5	15.06
1187	124	4	16.54
57	581	17	70.4
108	953	6	14.2
105	1445	8	24.73
12	11611	3	4.72
2091	1750	3	32.48
2214	127	12	93.75
1764	105	4	8.75
4293	1072	4	47.24
7865	12	5	8.84
10712	177	3	28.27
3845	101	4	5.59
580	12978	3	37.58
38712	14	3	12.18
769	745	7	62.35
57	2967	3	11.53
826	32143	4	66.34
1941	188	3	18.32
2898	145	6	44.13
24450	1336	3	48.05
4159	128	4	26.98
21090	14	7	32.71
898	4239	5	59.86
102	7600	4	11.92
511	268	4	20.39
2552	3204	5	67.49
5562	265	7	76.81
24590	12	5	25
12	2298	12	13.8
102	51621	3	24.09
1035	725	4	32.89
39125	14	4	22.06
4546	199	7	68.68
17726	12	4	12.38
8	12314	4	31.44
12	5206	12	31.56
21008	14	7	32.71
1142	157	3	13.1
102	787	11	9.36
101	4131	4	6.05
124	3717	12	105.3
125	1374	20	156.21
7756	102	3	7.26
281	1109	3	18.12
1172	4156	10	139.57
215	340	3	10.13
1912	102	8	13.7
387	1857	4	33.4
773	10331	3	37.76
6164	106	16	128.87
598	5367	8	102.25
17741	12	3	7.32
489	17	3	4.95
2945	104	5	17.13
3227	119	4	22.63
12	30880	3	11.65
57	812	4	8.01
6157	12	6	9.45
10226	17298	3	57.78
114	1331	3	8.11
165	17945	3	31.28
26167	982	4	65.01
1453	1818	3	30.4
300	690	3	16.06
810	110	3	4.08
289	36440	3	43.3
168	582	4	16.03
859	14	74	165.17
536	901	4	29.65
572	157	5	20.82
40841	14	3	12.18
8695	106	3	14.91
1428	549	12	127.95
107	7048	15	126.69
3413	12	6	4.19
344	102	41	71.99
46700	14	3	16.55
3352	105	3	8.49
132	2332	3	15.76
20347	14	8	44.13
844	247	5	31.25
6270	14	26	134.99
3392	12	7	6.19
329	102	19	10.25
5216	105	3	10.87
4197	106	3	10.4
137	319	3	5.48
8	6944	4	25.92
644	1	4	12.72
835	3579	3	31.28
133	324	24	135.73
57	1145	7	25.06
10196	12	3	4.03
161	2405	5	35.14
1340	101	7	4.91
18405	1613	3	46.09
1050	813	47	652.63
540	224	3	12.6
20917	14	7	32.71
150	4827	4	30.55
490	245	6	33.68
8056	21947	3	57.89
51260	131	3	40.11
1742	14	75	315.62
752	1531	30	405.95
12	5772	7	12.55
102	5045	7	22.63
446	125	3	6.06
420	162	14	80.58
121	3089	3	15.41
455	21271	4	57.52
103	462	11	15.47
122	240	5	8.51
2	2474	4	9.67
20678	14	6	24.36
19177	122	7	85.3
3036	104	4	12.27
991	101	34	96.27
1316	9508	4	56.06
108	25876	4	35.77
2561	8218	13	237.86
1441	906	6	60.78
18933	102	4	19.94
110	11284	6	47.84
10462	2011	3	43.42
17	170	7	7.11
9092	105	5	29.91
5223	672	5	59.52
1297	224	3	17.46
12377	7534	4	73.69
504	12993	3	36.72
734	11932	6	86.69
1098	325	43	513.85
246	341	4	16.91
11820	122	5	47
248	621	9	62.15
43501	4219	3	63.37
189	579	4	17.58
12	173	83	17.91
1175	110	4	9.58
14348	14	7	22.96
29572	35	5	60.07
23207	353	3	39.43
546	179	3	10.81
101	6459	6	18.74
12	2865	12	18.15
35840	131	4	53.48
1211	14	84	282.27
186	101	32	5.77
12	900	20	10.82
362	299	3	12.75
45972	14	3	16.55
2254	12	10	8.53
185	34251	3	39.71
1807	782	3	26.81
987	657	3	22.16
1521	101	7	6.03
738	533	6	47.13
192	3504	3	22.09
107	892	7	16.01
1154	928	4	35.49
25913	14	6	33.09
9895	404	10	142.98
1551	883	3	26.44
3268	105	3	8.27
8	2248	4	16.79
12	14684	3	6.09
1241	10604	9	146.2
12	10962	4	7.94
1070	235	14	121.71
40024	14	3	12.18
777	6750	5	63.75
25934	14	5	22.3
107	181	11	5.37
317	3028	7	70.85
32135	294	3	41.25
7	4393	19	141.81
766	4768	3	32.71
833	1048	42	573.29
7	3274	6	25.11
181	15593	4	44.19
9584	12	8	25.87
110	357	7	10.94
129	699	12	65.5
1083	150	9	55.84
8493	106	3	14.58
167	420	3	8.61
8	1169	4	11.48
12	11455	3	4.72
948	3158	7	85.41
5700	111	3	15.43
498	377	6	39.36
8	5411	3	16.01
649	926	3	21.7
3234	1764	6	79.09
1020	102	7	3.98
702	471	6	45.45
15623	14	11	60.67
7151	12	4	4.6
9778	14	5	8.55
32205	111	3	28.06
160	130	5	4.58
27659	14	4	14.69
105	826	6	9.64
397	339	5	28.29
6432	6432	4	65.95
529	161	9	47.19
107	17921	5	40.46
27570	423	4	58.97
1131	2213	3	30.09
4043	102	16	73.64
185	10210	4	40.97
1928	177	3	17.78
493	156	3	8.78
2604	116	4	19.14
19248	1820	4	66.69
35398	14	3	12.18
1019	3818	3	32.76
831	4386	4	45.64
260	105	67	273.29
533	4267	19	269.18
190	447	3	10.21
106	1225	3	3.87
4051	154	9	82.71
26722	14	4	14.69
345	141	4	10.21
170	226	3	5.48
465	104	45	192.68
56	9111	3	56.24
12	11423	3	4.36
479	8894	3	34.03
203	2724	9	84.07
674	4747	10	132.25
2269	101	6	7.42
132	3954	6	46.25
3293	14	51	281.32
13840	123	6	61.73
8831	14	13	48.79
149	1053	23	186.85
1025	153	6	32.83
577	672	7	57.13
4605	107	3	11.19
312	2007	5	42.63
301	36548	3	43.61
12	3212	8	7.97
9226	14	17	86.18
1469	6010	6	84.93
5776	692	5	60.97
102	303	45	77.02
12	1602	11	5.66
184	1098	4	21.92
247	7339	4	40.91
12	8169	6	13.32
15152	14	7	24.71
150	402	3	7.28
35	50296	3	36.04
1196	352	10	91.2
12	16512	3	6.66
12	36182	3	13.78
16	2285	4	17.54
43982	28	3	45.77
18652	12	5	18.34
117	118	13	4.63
17569	3164	3	50.16
206	128	5	7.88
740	12992	5	70.93
116	3526	3	14.44
150	5278	6	52.22
36865	14	4	22.06
14990	7364	3	53.97
310	361	3	12.88
124	2800	7	49.08
827	3460	4	43.69
599	672	4	28.35
248	2256	3	21.68
12	853	17	5.15
102	5631	5	14.03
13	5579	3	24.63
655	22443	6	98.83
3002	107	4	13.94
622	22967	3	42.43
5111	2204	4	55
281	236	4	15.11
7371	806	4	49.94
458	1492	5	43.05
364	237	53	506.94
6043	4038	5	79.08
112	26906	3	26.71
16816	16816	5	108.29
1137	212	6	40.75
1167	111	3	6.36
2797	107	3	8.43
12	19643	4	13.55
1768	109	3	7.21
38749	14	3	12.18
110	6825	4	23.47
3829	25254	3	54.46
153	44874	3	42.04
810	121	3	7.88
2823	58	4	17.48
4768	116	4	24.18
16342	14	10	55.16
1610	4408	13	201.89
909	1373	22	283.87
12	10266	3	4.03
23423	14	4	12.9
300	352	11	74.61
4704	120	25	276.81
1065	25892	4	65.55
35219	14	4	22.06
2176	101	5	4.54
112	966	16	80.85
376	315	3	13.16
380	1830	3	23.06
106	3289	6	26.16
119	8434	7	62.81
107	655	9	20.15
105	259	17	26.27
773	18516	3	41.74
321	1646	4	30.86
5209	1240	15	235.44
4493	1495	4	50.52
400	121	3	4.74
842	321	4	25.5
102	14298	6	31.77
12	15288	4	10.52
113	380	10	27.51
121	15590	5	49.07
293	124	3	4.13
1194	371	6	48.94
138	645	4	14.04
620	109	5	7.88
4140	14	37	178.4
16959	14	8	34.38
258	3766	4	35.61
605	753	7	59.44
6417	28938	3	59.35
253	113	6	6.98
15079	6080	3	52.72
16939	102	3	12.13
344	130	10	38.98
538	2395	10	113.3
406	199	3	10.3
7	13084	3	16.95
180	2470	3	19.43
36798	14	3	12.18
3137	187	3	21.1
1605	249	22	235.57
31967	14762	4	91.18
23894	14	3	7.51
2400	122	57	681.23
12	416	33	11.16
101	284	22	7.78
12	2261	8	4.46
299	12311	7	94.2
12	4900	6	7.17
101	5031	6	15.5
102	5329	3	5.24
18938	14162	3	59.72
1054	1428	3	26.91
5906	101	3	4.83
124	689	15	86.45
3280	8	4	19.65
12	3148	9	10.35
101	2752	7	12.51
8411	14	12	40.32
3139	102	9	25.26
52469	12	3	18.18
183	22911	3	34.6
1673	105	3	4.85
115	1115	4	12.35
18450	14	4	10.35
870	153	4	17.51
2347	1000	4	41.98
1774	497	72	1128.22
150	57	10	4.76
719	1546	7	71.28
16	183	15	30.87
2878	26817	3	52.75
103	6784	3	11.29
12	7899	4	5.48
2	4538	3	9.04
1931	13766	3	45.15
12	1298	26	38.14
4368	102	4	7.61
124	1280	3	11.25
12	3421	10	14.89
187	1386	3	16.3
2	478	11	16.23
104	103	235	229.37
102	742	25	52.12
2802	117	3	13.15
418	396	3	15.04
478	790	11	99.79
38028	14	3	12.18
2590	107	4	12.79
10183	101	3	8.11
102	18337	4	19.94
212	525	3	12.14
1600	4803	3	37.02
1575	105	4	7.93
101	20649	4	19.72
156	3900	5	39.31
600	12	23	6.9
103	1205	6	11.03
1021	147	3	11.59
680	10283	7	100.51
15177	18836	3	60.33
818	3942	3	31.68
5659	157	3	22.8
37525	14	3	12.18
5087	393	3	29.54
9433	14	15	66.91
6953	12	5	7.62
13278	375	5	65.94
12	4207	6	5.92
12	6712	5	7.27
280	5301	3	27.63
961	264	7	51.18
41154	1057	3	54.84
143	20505	3	30.57
1178	1196	18	226.83
10063	1163	4	55.27
188	989	7	45.1
3760	562	3	29.34
578	12	29	14.96
2621	1407	6	73.68
142	14731	5	53.38
185	795	6	34.37
582	104	5	3.93
652	28315	4	64.68
3272	562	5	52.74
243	2504	13	135.8
101	19453	4	19.72
3942	127	6	44.92
276	6186	9	107.85
3653	13	3	21.98
6523	12	5	6.93
102	21902	5	31.85
1266	1230	4	38.62
541	470	3	17.09
101	5234	3	4.34
14365	180	3	31.06
13295	34616	4	95.32
3714	1042	10	134.82
1306	716	5	45.7
286	310	18	133.03
105	3508	3	8.72
164	172	39	222.99
19271	2457	4	69.09
28	54675	3	45.77
6922	42335	3	66.59
9385	2140	3	43.11
108	4811	3	12.35
48958	14	3	16.55
733	5069	3	32.74
110	2948	3	10.85
128	877	17	111.55
57	971	3	5.42
702	358	3	17.13
726	9040	4	51.33
9	968	4	10.02
2177	14	69	334.82
1131	3690	3	33.01
399	123	4	8.96
639	23018	3	42.59
113	254	78	465.82
6908	149	10	105.88
1665	12	11	6.18
170	1811	3	16.74
15864	7	3	18.75
5962	101	3	5.01
4943	14	22	78.77
7020	572	3	33.46
6772	4959	3	46.04
162	331	8	33.79
1661	979	20	265.16
7990	12	5	8.84
672	793	4	30.31
706	767	7	61.53
1625	105	5	12.21
108	1213	9	31.99
101	28314	3	16.33
109	5828	3	14.03
240	11116	3	31.44
112	1988	3	9.6
111	1216	3	6.65
142	1502	3	13.7
3909	1925	8	115.57
4999	107	4	17.9
532	695	25	268.33
33069	320	4	64.45
279	792	3	16.25
12	3866	10	16.82
26706	14	3	8.62
4162	2037	3	37.48
6621	575	3	33.24
9852	14	14	61.77
2916	364	3	25.66
336	147	18	97.99
3149	41956	3	61.5
13860	131	4	38.22
110	14903	3	21.15
490	4657	4	42.44
580	39312	3	47.12
271	480	4	20.13
1264	193	7	49.51
11298	12	4	7.94
9668	16	3	20.3
4548	217	3	24.85
6044	1	4	30.19
16184	102	4	18.88
158	216	3	4.54
27173	14	5	22.3
314	175	3	7.8
215	194	4	10.57
58	8852	4	26.94
5588	102	3	5.57
3132	3428	3	38.94
101	855	15	17.03
16581	14	8	34.38
4912	1611	3	37.26
35839	14	3	12.18
102	3767	4	6.62
2804	101	6	9.32
1231	23262	3	46.25
101	6554	3	5.39
415	249	3	12.13
12	6438	4	4.1
3665	6189	6	96.81
547	111	7	16.78
815	141	10	57.61
146	199	4	5.83
118	119	51	138.76
11290	26790	3	61.35
102	21199	3	13.69
9502	4041	3	46.84
430	31413	5	83.38
35446	14	4	22.06
24714	19178	5	120.03
1258	285	4	27.76
750	750	4	30.99
628	394	4	25.11
452	380	3	15.16
12	7151	5	7.62
926	12	52	110.32
102	6029	5	14.72
758	7169	13	199.3
101	209	30	8.47
730	753	4	30.7
101	2565	5	5.68
43220	12	3	18.18
17653	14	8	37.98
1936	753	4	38.47
14953	543	3	38.29
197	544	11	70.55
106	201	13	10.74
1756	12	31	73.57
149	13440	3	28.04
12723	177	3	29.66
5781	101	6	17.4
2391	327	6	56
4495	122	4	26.71
106	4325	4	16.33
17798	14	4	10.35
15702	566	4	55.16
6433	596	7	90.64
102	11713	3	9.95
12	10394	3	4.03
9317	101	4	12.18
941	49633	3	54.23
5278	101	3	4.34
169	2449	5	36.09
614	112	4	6.82
111	298	11	24.82
35	26573	4	40.42
610	114	10	35.68
30026	14	3	10.08
253	1395	3	18.77
259	106	77	352.12
6841	1030	4	50.96
439	745	3	18.52
348	897	4	26.75
12	25312	3	10.16
1399	3341	3	33.81
7659	104	3	12.93
110	4985	11	81.97
12010	273	3	32.78
1120	404	4	29.37
950	4604	3	33.45
2095	209	5	38.38
10051	316	8	105.33
49147	14	3	16.55
8	8215	16	169.8
4617	102	9	32.25
777	1893	3	27.08
10298	101	3	8.11
648	1414	5	45.72
9	397	4	4.87
111	1025	3	5.77
2569	12	9	7.81
1900	33765	4	78.15
504	101	17	10.9
8973	12	5	9.79
14629	23823	3	62.23
216	29092	3	38.9
12211	1379	3	42.02
43659	14	3	16.55
7	797	4	4.08
5210	1840	3	38.27
108	8047	15	137.68
30822	14	5	27.58
5098	16618	3	52.35
53076	14	3	16.55
15929	2493	3	47.96
1195	14	92	329.83
13923	102	3	10.93
7621	14	8	17.12
1160	3069	14	196.97
25429	14	4	14.69
2727	12	7	4.3
169	1070	11	78.09
174	1209	3	14.74
3048	105	5	18.12
120	11248	4	33.98
102	8537	3	7.8
133	1576	3	13.38
1694	14	89	427.47
110	243	58	272.16
441	1339	3	21.91
1457	163	4	22.15
21213	10449	5	105.56
39489	14	3	12.18
12427	549	3	37.24
23491	131	5	58.48
1526	247	4	27.87
1045	170	4	20.13
14407	12	3	6.09
983	7	17	66.27
2140	8138	5	75.96
1551	1206	3	28.24
20726	14	8	44.13
156	13186	3	28.2
712	3390	6	68.76
163	41410	3	42.57
20912	2	3	18.84
156	1034	3	12.56
123	238	4	5.37
102	2309	8	16.35
40559	14	4	22.06
518	685	3	18.81
115	6270	4	26.17
17467	44283	3	73.22
305	733	3	16.45
324	15345	3	35.49
206	1994	6	47.43
10625	107	4	24.35
2185	1077	3	29.77
2948	1233	7	87.99
127	1568	4	19.18
12	1914	11	8.16
1620	564	7	68.93
101	1782	10	16.57
9161	114	3	19.65
6283	157	3	23.46
580	2304	4	37.97
101	7485	6	20.88
18102	11377	3	58.21
58	8550	3	18
513	253	4	19.8
124	523	12	57.65
125	145	7	7.08
102	1345	11	18.17
101	171	43	11.53
12	557	40	34.72
101	2538	8	15.07
103	3329	3	7.21
823	9	5	13.24
392	21598	4	56.59
3546	12	10	15.25
483	102	25	35.69
3926	10989	4	66.59
48995	9671	3	68.83
1138	928	5	46.52
1228	576	8	76.82
533	16110	3	38.86
51985	14	3	16.55
1412	302	111	1753.94
119	6596	4	28.41
25982	14	5	22.3
20129	102	3	13.69
273	723	3	15.57
53836	14	3	16.55
1882	8	7	34.58
652	11460	3	37.7
207	17932	7	96.21
104	1390	5	10.27
712	1127	6	54.94
4352	111	3	13.84
667	14430	9	146.76
812	566	3	20.25
24531	42291	3	76.36
879	840	3	22.76
1184	16	4	12.23
4436	130	3	19.02
341	1765	13	135.95
410	704	4	26.15
4434	161	9	86.12
342	1204	7	58.34
704	436	26	273.06
20555	14	6	24.36
12	11531	4	8.48
10075	112	11	106.36
4739	12	10	20.65
747	173	3	12.16
1389	482	3	22.62
808	687	9	83.92
404	6047	3	30.69
7	20540	4	30.13
4150	544	6	68.29
1469	30003	3	50.2
411	1476	3	22.14
11943	14	13	64.63
2420	5923	3	40.71
15252	104	4	25.94
133	2303	3	15.71
226	142	3	3.95
772	1906	3	27.12
110	3640	12	82.79
107	1008	4	6.1
508	3870	3	28.91
7690	14	20	97.17
136	1092	10	61.96
8	351	5	7.17
112	3643	4	19.57
101	13016	3	9.37
6427	5793	6	103.38
309	107	12	18.99
102	4036	12	47.22
101	628	14	9.27
38917	35	4	48.05
12	6667	7	14.56
101	6295	4	8.99
6242	102	3	6.13
2286	149	8	60.64
107	9273	3	15.6
5861	111	5	31.45
119	2301	4	20.01
1567	50633	3	57.32
17867	496	3	39.23
5260	147	3	21.43
3344	12	7	5.99
281	102	26	19.31
101	443	18	10.49
12	319	128	257.3
1142	1930	4	41.37
12	4133	7	8.32
187	1290	3	15.83
104	505	8	9.95
2128	131	4	22.11
101	2020	5	4.02
123	807	4	13.4
1409	1501	3	29.05
1557	13780	3	43.77
7231	102	3	7.01
3942	105	5	20.57
16706	12	4	11.38
307	2661	6	56.76
212	16	19	54.72
11782	101	3	8.91
1925	101	6	5.95
522	3299	4	39.93
555	543	3	17.91
7755	2	3	12.11
251	232	3	8.8
103	538	15	32
104	4495	7	34.58
12	5959	6	9.45
284	7570	5	55.88
893	881	3	23.17
113	301	26	108.17
12	10585	5	11.52
2124	2815	4	49.8
436	575	14	123.51
913	1157	4	35.32
3289	972	3	31.63
256	104	12	10.8
2418	4390	3	38.85
23524	14	6	27.48
32006	12	3	11.65
441	969	3	19.92
197	6948	3	26.68
26690	14	5	22.3
107	2498	3	7.82
431	3376	9	103.06
14112	106	4	26.55
198	3111	3	21.64
114	2503	3	11.62
216	14084	3	32.15
499	130	11	51.52
9527	12467	3	54.41
1326	43182	3	56.37
977	845	3	23.42
17307	4002	3	51.61
1765	106	3	5.67
42720	44720	3	84.68
887	764	5	42.53
571	115	3	4.64
17831	101	4	18.49
473	1367	5	42.63
5458	21	3	16.19
1524	811	7	72.6
110	583	26	124.63
10133	9	16	188.75
1525	4373	4	50.45
16429	122	3	26.94
130	199	104	758.89
27691	14	6	33.09
47556	14	3	16.55
470	536	3	17.05
892	4091	3	32.33
3846	14	16	34.24
2820	101	5	6.42
6816	109	3	14.94
168	941	3	12.83
231	3603	3	23.91
101	11958	5	20.44
16800	2861	10	204.85
1300	2685	3	32.21
14615	24636	4	88.54
4307	1366	5	64.42
127	2069	3	14.4
1979	12	12	10.96
314	4820	4	39.46
333	231	4	16.22
23744	14	5	19.46
2184	206	4	29.22
2250	122	4	21.37
118	2046	4	17.95
12	23268	3	9.02
4032	101	4	5.89
870	530	11	103.3
115	201	8	11.02
5114	14	24	94.89
4245	6970	3	45.28
102	2800	9	23.42
29995	14	3	10.08
102	1516	7	7.77
662	128	7	29.98
12269	180	5	55.93
12	22311	3	9.02
102	23105	4	22.67
5631	101	3	4.66
38159	14	4	22.06
239	103	26	45.2
751	419	3	18.39
102	18910	3	12.86
751	652	5	39.7
12	1058	14	4.28
432	9489	3	33.8
4239	14	18	47.12
51405	35	3	36.04
1439	3294	4	47.7
58	7108	4	24.9
101	12196	3	8.91
5921	14	13	33.91
680	144	3	9.42
112	2754	3	11.43
9417	14	10	31.48
2544	364	20	247.46
29644	14	4	17.19
1245	114	3	7.7
585	11372	5	67.06
6937	12	6	11.16
2649	101	6	8.83
1888	12457	4	62.01
41039	14	4	22.06
2883	3248	3	38.13
21170	2213	4	68.39
235	199	4	11.62
123	13175	3	25.16
12	9391	6	14.64
468	113	4	5.94
5609	16	3	16.7
112	1671	10	52.23
17017	14	4	9.39
217	16402	4	47.41
369	716	10	82.29
2607	7	8	34.78
24687	15975	5	116.75
3627	107	3	9.8
319	216	4	15.15
47968	14	3	16.55
6543	141	6	54.08
5487	102	3	5.4
2666	8463	3	43.65
540	191	3	11.17
2615	101	5	5.79
411	1969	5	45.08
135	20306	3	30.12
1850	126	3	13.59
133	109	60	154.01
10912	1093	3	40.02
3655	102	9	28.15
247	8824	3	30.05
8	188	15	29.11
102	14239	6	31.77
4440	14	25	90.78
12	4529	8	12.73
102	5270	3	5.24
900	126	6	26.87
356	1151	23	248.91
125	6553	7	62.27
297	13684	3	34.51
10057	179	4	39.98
124	742	3	8.36
4452	102	10	37.53
849	128	4	14.55
117	2172	3	11.77
1136	109	3	4.85
12	17546	3	7.32
8726	10398	4	73.05
12680	131	3	26.09
12	2200	8	4.2
37346	2550	3	55.77
2834	127	4	23.94
2	3783	10	50.68
6762	128	3	21.53
102	1280	9	11.15
2	5237	3	9.87
1088	1121	6	59.58
20976	113	3	25.09
21350	28009	3	68.39
1653	1436	3	29.78
2590	5030	4	55.92
5937	101	3	4.83
1142	249	10	82.27
102	689	14	14.28
101	1864	6	5.65
36583	14	3	12.18
1025	530	3	21.13
103	4251	3	8.55
102	4622	3	4.51
14815	14	6	18.59
149	3145	5	35.99
13343	3897	3	49.28
3567	9267	4	64
1888	321	4	31.98
455	1661	11	115.44
117	6207	3	17.99
2086	12	31	86.84
1570	1993	4	44.31
1889	2302	4	47.17
102	39579	4	32.13
38579	14	3	12.18
11683	12	9	36.8
1097	7350	12	188.99
102	4870	3	4.78
103	6981	5	24.56
4207	4774	7	113.59
215	118	9	17.02
1147	1205	7	73.58
123	284	5	10.25
153	1951	9	68.87
12	4738	6	6.9
1797	8698	16	296.07
127	2797	3	16.11
12	510	40	30.24
101	125	81	26.24
357	1596	3	21.85
1892	14	62	238.59
1605	157	3	15.24
4328	115	11	87.73
1199	2068	3	30.03
17	513	3	5.11
119	120	19	27.1
181	2928	38	485.49
10519	20888	4	81.52
41817	42345	3	84.68
146	134	41	181.47
257	13686	3	33.41
25592	14	4	14.69
2377	54497	3	59.91
31442	14	4	17.19
102	51985	3	24.09
277	1122	6	44.36
102	2120	18	62.49
101	945	9	5.1
154	17	7	5.6
543	1742	4	35.03
101	6488	3	5.39
655	36670	4	69.68
25057	14	5	22.3
104	1011	6	10.81
101	5757	3	4.83
826	7017	5	64.65
270	918	3	16.76
242	142	3	4.27
39157	14	3	12.18
2404	12	10	9.35
460	531	24	237.08
148	225	3	4.08
116	311	6	10.91
479	2505	4	37.19
358	18334	3	37.59
1114	6649	4	51.57
316	189	4	13.38
101	1831	6	5.46
203	671	6	34.17
714	854	16	171.25
3360	12	6	4.03
1366	474	30	371.68
34286	14	4	22.06
708	1660	3	25.67
2581	4276	3	39.06
328	18323	3	37
108	2448	11	59.66
106	1526	3	4.94
107	1150	19	88.2
640	127	3	7.93
13388	8	4	32.2
108	17794	4	31.07
6238	14	24	113.94
6304	178	3	24.94
843	1212	3	24.66
354	14580	8	117.93
368	972	7	56.48
10918	102	4	15.13
217	8321	5	53.6
911	102	10	8.95
2411	254	4	31.97
25886	117	5	55.8
26301	14	5	22.3
15791	12	3	6.66
7767	101	4	10.56
1276	597	4	33.31
20586	101	4	19.72
4629	42247	3	64.02
105	163	15	5.82
3061	402	4	37.63
206	9012	4	40.84
405	699	4	25.99
32480	14	5	27.58
6189	12	14	48.76
28158	14515	3	65.06
7719	255	3	29.34
12927	16	9	92.22
8	2894	3	12.36
2855	103	3	6.52
806	14	154	626.31
12	12654	4	9.09
309	3215	21	266.83
103	802	5	4.83
101	2101	8	12.59
9068	12	6	14.64
101	3706	4	5.3
2	2535	3	5.89
4604	442	3	29.3
6585	101	5	13.76
16	797	3	5.74
147	137	16	43.28
5532	2981	4	57.94
241	222	5	18.39
847	835	3	22.57
15429	12	3	6.09
415	1930	5	44.99
964	1245	4	36.46
104	769	6	8.49
13	108	12	9.61
102	2630	22	95.87
1497	6390	14	231.74
4664	111	3	14.32
826	5468	9	123.41
1023	101	9	5.86
102	5537	4	9.27
123	1912	3	13.32
39972	14	4	22.06
12	1078	17	9.1
2226	287	3	22.65
1115	3925	4	46.95
102	3923	5	10.63
286	9838	3	31.85
25394	14	5	22.3
2348	113	3	11.15
1322	9	4	12.38
117	340	4	5.33
18618	14	4	10.35
1196	1206	3	26.59
103	16949	6	45.21
14423	12	5	15.74
1536	49581	3	57.2
5841	186	3	24.95
20194	134	5	57.21
12	240	81	58.83
2644	553	3	27.2
25413	14	5	22.3
12	6931	5	7.62
5048	12	5	4.78
232	122	5	8.26
20695	101	4	19.72
8	599	5	11.04
114	235	5	4.21
681	107	6	9.65
5953	180	8	83.74
1390	198	3	16.84
115	16434	3	24.35
7532	6925	3	49.07
2330	586	15	185.92
832	429	5	36.73
3442	212	3	22.99
126	26248	3	31.35
15465	12	5	15.74
705	14	232	1280.16
2879	402	3	26.11
220	8333	3	28.83
12	10630	3	4.03
123	9347	6	55.47
102	13962	3	10.93
9	1583	5	19.23
35	48866	3	36.04
135	610	3	8.5
1514	3684	3	34.92
3464	1014	4	45.15
135	3456	4	26.66
20117	14	7	32.71
240	46534	3	46.44
109	6828	3	14.94
35	11049	5	41.02
8728	8095	5	91.07
10445	367	3	33.76
6243	9314	3	49.62
4413	149	4	29.86
191	102	118	272.44
1215	840	4	35.23
109	2775	4	15.21
26880	12	3	10.16
32929	268	4	57.95
837	864	5	43.01
979	4768	4	47.78
4701	118	3	16.61
6748	4150	3	44.87
499	102	69	230.26
102	10725	3	9.13
11079	14	11	43.8
15346	19861	3	61.2
7360	101	4	10.22
1812	8784	3	41.66
3497	104	5	18.82
397	758	6	44.77
110	1506	5	16.52
8	17843	6	59.72
643	500	6	45
1822	990	5	52.19
765	648	4	30.03
1172	26230	3	47.07
3477	12	26	93.57
25668	14	6	33.09
2291	24865	3	51.42
475	348	3	15
712	22208	5	79.47
108	1603	4	10.37
106	304	9	9.36
13125	14	8	27.46
9216	136	3	24.58
3235	1007	3	31.65
26163	14	3	8.62
402	235	74	777.44
942	574	3	21.19
774	14	183	852.09
2150	2846	3	35.61
363	24668	4	57.89
112	117	289	1455.05
8	1413	5	18.5
3569	2887	5	70.1
3603	113	3	13.57
32512	14	4	17.19
26666	14	6	33.09
1052	6198	6	81.11
3831	12	11	20.46
2875	146	7	53.55
5236	983	3	34.6
3354	1776	14	213.61
21611	3734	4	74.04
8759	106	4	22.35
3067	8400	3	44.48
300	372	9	58.27
9051	537	3	34.92
170	512	8	40.92
168	776	6	31.85
943	102	25	61.91
4368	111	4	20.79
183	155	15	58.6
102	593	26	46.94
12	6034	7	13.02
20944	14	3	6.62
4811	105	3	10.52
2474	27568	3	51.77
119	3298	3	15.35
143	1297	6	34.02
150	116	8	4.94
6494	116	6	45.38
45552	14	3	16.55
149	7182	9	93.84
1539	1	3	12.62
222	8564	3	28.89
972	101	13	14.41
3009	104	6	22.93
179	7657	7	74.91
14307	16	3	22.63
213	120	6	9.51
1976	102	9	17.62
1041	13985	3	41.27
102	4455	22	125.56
114	11715	3	21.3
12	2045	13	14.17
102	730	9	4.57
2104	200	5	37.75
135	10932	3	25.71
726	7839	4	49.95
12	436	31	9.68
127	2747	4	23.67
103	3205	3	7
2295	109	3	8.72
102	38655	3	19.63
5632	186	3	24.74
362	4488	3	28.15
12	32947	3	11.65
117	663	3	5.41
150	1849	7	47.87
117	400	4	6.24
6556	217	5	50.65
391	148	5	16.42
39189	14	3	12.18
6652	101	3	5.6
186	351	3	9.04
4336	315	7	75.94
188	615	5	24.61
101	1023	25	57
217	3375	7	66.08
102	3855	5	10.42
356	1347	4	30.18
101	6722	4	9.58
46057	14	3	16.55
12	4616	8	12.73
2	6100	11	70.35
882	1824	3	27.48
977	429	8	68.8
404	2139	10	106.58
9147	5561	5	87.36
1546	704	5	47.2
137	5336	4	30.34
114	1595	4	14.25
141	374	9	37.87
1326	9086	16	289.84
3987	1505	14	213.37
21168	8	7	77
6962	107	4	20.8
192	699	4	19.11
107	1598	3	5.51
3708	105	3	8.95
5036	4731	4	60.86
46344	14	3	16.55
193	232	5	16.21
2066	190	3	18.79
1429	740	5	46.97
649	107	16	52.64
14463	2906	4	67.21
19999	14	3	6.62
710	604	4	28.84
327	1964	3	22.53
3658	12	6	4.7
734	49301	3	52.87
765	206	3	13.99
6836	117	4	27.07
12	30060	3	11.65
22320	14	4	12.9
320	314	3	12.19
107	187	12	7.67
673	7395	8	110.04
539	110	4	4.94
197	6596	5	49.15
767	16	17	87.06
17006	12	8	38.68
256	307	5	22.8
4311	3491	4	57.27
141	36725	3	36.56
53948	14	3	16.55
1629	21500	5	87.74
101	10380	5	18.9
204	1251	14	121.11
10169	12	9	33.32
807	1	4	14.2
222	17296	5	63.95
12	6544	5	6.93
1571	23882	3	47.76
103	3789	15	89.69
4400	12	10	19.08
12	873	33	39.57
971	1415	5	49.41
20535	101	4	19.72
39387	14	3	12.18
101	20186	3	12.61
1167	102	9	9.59
362	1001	4	27.79
358	1524	50	671.77
1893	160	7	50.48
6075	2677	4	57.84
488	143	3	7.79
101	2175	5	4.54
28068	12	4	19.34
281	217	4	14.23
734	30843	3	46.14
313	3163	11	122.88
12	195	70	16.62
188	176	5	11.69
101	566	61	182.48
4108	11846	3	48.66
101	7165	3	5.81
14214	4185	3	49.72
351	346	7	42.95
39687	117	4	48.96
101	3884	5	8.85
17475	12	3	7.32
313	908	3	17.69
6282	213	7	75.41
21159	211	3	34.81
102	1036	12	16.17
2	260	62	218.54
104	376	9	9.63
4443	282	6	62.11
4952	12	5	4.78
963	1752	4	39.23
353	820	3	17.86
335	129	4	8.65
20853	14	5	17.39
333	4349	4	39.06
4609	115	6	40.42
14103	3406	3	48.48
8030	14	16	65.86
182	7624	4	37.96
25298	14	4	14.69
6017	106	3	12.51
519	462	3	16.77
1704	171	4	24.16
1196	372	6	48.97
23838	12	4	14.98
42744	111	3	34.78
1055	101	11	10.57
12	8189	5	9.3
101	4767	4	7.12
484	112	8	20.24
12	6746	5	7.27
13552	12	3	5.58
824	103	29	120.04
38821	107	4	42.22
185	3667	18	204
143	128	53	245.8
118	808	3	6.65
17	158	9	10.81
238	700	3	14.5
3913	2	3	8.19
1868	12	11	7.82
206	112	6	4.13
1832	109	5	17.14
36532	14	4	22.06
1895	104	3	5.15
102	1635	9	14.79
2	1372	4	5.75
27274	101	3	14.79
1594	156	3	15.16
2671	20681	8	162.15
1883	12	41	131.6
9397	101	3	7.42
731	1162	3	23.53
214	172	10	39.73
102	310	28	27.46
183	430	4	15.42
404	12715	3	35.71
317	24905	5	75.11
36011	14	4	22.06
1886	417	9	91.68
8883	102	9	46.36
34364	21355	3	70.62
4934	502	3	30.48
15267	14	3	4.7
7298	12	4	4.87
8895	14	13	48.79
425	1359	10	97.6
969	328	12	106.94
1379	12	28	48.02
19318	12	3	8.09
1415	109	4	10.13
1952	703	11	127.88
972	371	4	27.79
11007	627	9	136.12
102	20442	3	13.69
102	4179	3	4.01
12	5495	6	8.38
778	9351	5	67.5
12110	6101	3	51.06
9939	316	4	45.84
1084	3348	9	118.19
1747	698	3	25.9
1712	199	3	18.07
188	1748	3	17.66
102	51131	3	24.09
401	104	8	7.86
313	10764	3	33.22
137	1179	3	11.9
12	16436	3	6.66
111	622	4	6.64
2242	638	3	27.07
1254	146	7	41.47
16307	14	9	43.27
102	30487	3	17.44
11222	109	3	18.2
1120	223	3	16.44
20621	328	4	53.52
4006	8505	4	64.17
181	13894	3	30.46
982	212	8	56.99
4835	58	4	21.71
6726	12	9	23.47
368	753	4	25.96
1417	3685	3	34.55
9	1367	3	7.92
113	133	81	317.43
35823	14	3	12.18
168	3297	4	29.38
24309	8	3	27.28
5251	43493	3	64.76
103	9430	4	20.21
1577	126	7	41.12
155	12244	13	175.72
195	119	5	4.86
708	673	12	115.57
1552	5199	8	116.52
1521	114	3	8.81
12491	104	3	16.29
407	234	3	11.71
109	7314	7	49.13
885	3780	4	44.86
3572	200	4	32.53
10380	12	3	4.03
6158	107	3	12.85
890	104	6	9.64
9481	3857	3	46.55
408	4681	3	29.16
106	539	5	4.59
105	819	4	3.91
1550	4784	3	36.79
200	588	39	362.07
12	12563	4	9.09
4912	332	6	65.58
7373	12	10	30.41
12	2002	14	16.36
2324	661	7	76.24
1535	12	18	20.43
17056	7	3	18.75
24884	12	3	10.16
14941	14	8	31.63
10119	101	3	7.75
650	48070	3	52.22
2969	122	15	130.79
932	126	3	9.63
5	226	4	26.87
12	6065	10	25.9
102	552	23	33.74
102	2157	33	161.51
18089	14	3	5.88
414	780	4	26.96
9168	4697	4	66.42
4633	16	3	15.59
2014	105	3	5.77
124	700	13	71.49
655	17985	7	112.49
15272	21	4	33.29
181	4895	5	44.59
625	182	8	46.68
143	695	3	9.5
340	207	4	15.31
19614	106	3	20.77
274	123	18	77.63
1382	6807	3	38.28
12128	287	3	33.16
2082	141	6	39.67
8890	117	6	49.81
7225	665	3	34.49
101	337	17	4.69
11245	496	3	35.68
512	683	3	18.75
119	22252	4	41.11
27505	14	5	22.3
9656	758	3	37.27
372	113	9	22.77
743	4831	4	45.75
29273	14	5	27.58
19243	35	8	96.11
3769	14	38	171.62
16528	14	3	5.25
108	3170	17	118.27
7625	131	10	103.44
5677	117	3	17.34
917	226	5	31.09
344	111	6	8.85
1013	109	4	7.7
1016	750	4	33.05
6059	1432	4	52.77
985	12	25	23.92
107	598	5	5.78
4731	635	8	101.04
114	4582	3	15.14
330	497	4	21.93
229	124	5	8.62
198	249	62	525.83
1192	409	3	20.76
34105	12	3	13.78
1088	12869	3	40.95
979	946	6	56.68
5312	2420	6	89.38
6400	12	4	4.1
2540	6024	4	57.46
40464	12	3	13.78
111	169	14	18.08
649	708	3	20.28
18403	101	3	11.78
243	10478	4	44.02
924	2236	3	29
7	5314	7	38.73
129	144	6	5.12
6388	104	3	11.91
57	2909	4	17.5
129	917	6	27.42
2147	16801	4	65.69
133	1472	5	26.7
16499	696	4	56.62
165	2826	4	27.81
535	765	3	19.69
6511	141	7	65.58
204	104	22	29.84
114	5214	3	15.84
36990	14	3	12.18
942	2136	3	28.89
12931	12	3	5.13
102	8705	9	46.36
758	392	4	26.49
103	3220	8	33.84
121	3969	3	16.89
633	107	7	12.38
2	1902	4	7.93
102	1114	22	55.47
1594	677	3	25.18
209	232	6	22.89
145	690	4	14.85
5392	17604	4	74.39
102	18504	5	27.94
22848	12	3	9.02
1428	14624	5	79.46
10462	14	7	17.86
12	24076	3	10.16
1923	626	5	48.6
4133	109	8	48.1
33719	101	3	18.52
511	338	3	15.06
46443	14	3	16.55
491	16564	3	38.43
12	4632	9	16.74
1375	5201	25	439.79
124	654	3	7.74
3733	553	3	29.27
103	1859	31	187.85
12	684	29	20.07
40072	14	3	12.18
8950	106	6	39.06
22345	14	6	27.48
866	122	5	19.38
12	3514	7	6.61
10153	12	5	11.52
3581	19399	3	51.78
21815	28008	3	68.39
5506	12	5	5.49
555	110	5	8.13
905	4495	3	33.01
13170	13170	3	56.59
12	16982	3	6.66
1954	17	3	12.15
576	34514	4	68.82
1601	101	6	4.38
103	2822	9	38.27
7650	11309	3	52.14
32193	14	3	10.08
5874	4292	6	97.65
4389	109	3	12.25
29552	114	3	29.07
2178	104	6	19.34
649	2262	3	27.22
713	3092	5	54.58
8162	200	5	52.33
10763	12243	10	222.33
1608	107	7	23.59
14019	102	3	10.93
6505	101	4	9.28
1	2	30	12.43
131	1670	3	13.4
2174	12	8	4.07
5847	1551	3	37.97
8270	212	4	40.7
8300	111	3	17.97
437	2283	5	47.09
16747	131	3	27.91
12853	4288	5	88.56
108	2583	3	8.78
129	2553	3	15.64
129	189	7	13.03
12036	14	7	20.12
6330	263	8	92.8
3873	123	3	17.39
133	39963	4	53.99
2275	5289	4	55.48
52438	14	3	16.55
12	8590	4	6.17
2956	221	5	42.43
592	1490	72	1114.04
7995	14	12	38.69
174	365	3	8.62
138	385	4	10.77
20758	14	8	44.13
114	3044	4	19.31
501	694	3	18.71
2069	102	5	5.48
25282	14	6	33.09
17960	12	5	18.34
108	3972	3	11.14
1310	127	3	11.71
23822	12	5	22.13
1154	648	7	65.64
8	33316	4	47.44
52653	14	3	16.55
14503	12	3	6.09
11918	127	3	25.26
138	682	7	32.64
102	10076	5	20
1419	127	6	32.43
13502	14	12	66.19
114	4876	3	15.48
532	990	8	71.88
2	6870	4	17.46
155	218	3	4.46
249	102	26	14.38
3675	29234	4	78.42
54031	14	3	16.55
208	3936	3	23.6
408	11863	3	35.25
4265	57	3	13.52
115	304	12	35.62
213	440	8	45.42
5320	12	5	5.24
6338	102	6	20.35
102	19713	3	13.69
2973	40006	3	56.78
118	5349	3	17.33
11736	13103	3	56.08
102	50328	3	24.09
1747	407	5	43.73
24865	27975	3	69.63
246	1299	9	74.56
125	7792	3	22.17
5017	2138	3	39.03
1091	733	5	43.91
12	5718	8	15.87
6412	16	25	292.32
12	954	18	8.45
12	2811	13	21.13
1455	15198	3	43.94
1041	15267	3	41.87
303	235	6	28.32
44737	17616	3	73.22
15711	12	3	6.66
871	3340	3	30.96
21973	107	7	73.89
487	3010	3	27.26
389	699	10	82.97
425	679	5	34.8
5506	1293	4	51.1
455	410	7	48.25
454	1062	12	116.22
927	18165	3	42.67
103	16826	3	17.19
5080	103	3	9.65
6105	104	4	17.62
12	5068	11	26.15
188	5120	6	57.24
3607	111	3	12.73
101	485	16	8.67
14696	106	3	18.5
1069	421	3	20.25
104	11715	3	15.8
10017	501	9	128.9
11361	14	12	51.57
365	1581	3	21.93
110	22645	3	24.45
12	12505	3	5.13
856	142	4	16.21
956	101	20	35.41
1972	14	66	276.24
1936	972	4	40.27
1786	4712	5	67.94
987	356	3	18.96
12	28493	4	19.34
10988	492	3	35.66
17801	104	3	18.82
1118	867	3	24.25
196	513	4	17.23
105	590	5	4.46
18671	1668	3	46.27
12276	241	3	32.44
13579	14	4	7.83
1587	9	4	13.75
1495	127	14	101.59
982	1826	3	28.12
101	12974	4	14.98
35	48737	3	36.04
153	14765	3	29.16
1615	21	5	20.09
112	7887	3	17.89
13599	102	3	10.93
12	8384	4	5.81
198	1930	4	27.42
162	1837	5	32.33
159	1181	5	27.55
7182	6660	4	67.36
1010	24569	6	109.34
892	1818	5	51.11
12	27333	3	10.16
2518	312	3	23.84
855	3661	19	279.21
255	8003	3	29.64
4254	12	6	5.92
3319	106	4	14.21
2329	1381	3	31.72
1008	1732	6	64.27
4586	109	4	19.07
101	9401	3	7.42
15224	12	3	6.09
2	14820	3	16.58
652	835	7	61.55
21982	131	3	30.56
19124	104	3	19.68
49054	14	3	16.55
105	555	5	4
106	524	64	357.55
32991	138	3	34.13
2550	14	9	4.53
11769	111	3	20.29
10793	15847	5	103.06
433	214	6	30.57
6267	35	27	324.52
222	33469	3	41.28
615	146	6	25.82
102	15087	3	11.49
1962	2457	12	172.86
2864	8821	7	117.99
432	2920	3	26.53
4821	102	7	22.21
674	573	4	28.09
163	388	14	79.17
30734	14	5	27.58
348	486	6	38.4
347	118	4	5.84
411	126	3	5.8
8	20917	5	48.73
5039	14	22	78.77
13389	12	3	5.58
162	1858	4	24.15
36718	14	3	12.18
110	609	13	45.58
285	2940	5	45.64
192	653	5	25.54
733	320	32	333.94
101	12079	3	8.91
103	11272	9	67.81
104	8543	3	13.52
19965	106	5	41.62
2	6692	3	11.33
16879	14	7	26.79
101	7855	5	15.95
12809	12	3	5.13
3729	107	8	42.71
101	1160	8	5.18
284	2066	6	52.78
1001	12	41	74.39
519	380	3	15.81
357	594	3	16.26
53819	12	3	18.18
443	9914	4	48.31
176	688	3	11.77
11744	265	5	60.25
115	329	4	4.84
12412	12	4	9.09
121	360	5	11.37
277	119	10	28.49
763	717	5	40.55
7218	4637	13	250.22
47497	14	3	16.55
12	5544	6	8.38
2	5049	7	34.31
661	375	10	81.16
101	532	17	12.02
3156	758	3	30.07
189	480	3	10.58
6488	7117	3	48
1021	287	5	34.77
36974	14	3	12.18
102	5842	3	5.75
301	301	3	11.86
34140	12	3	13.78
10086	14	12	46.25
57	11550	3	20.12
3555	14	35	138.69
14970	184	5	58.52
108	11649	4	26.73
1065	1538	3	27.42
276	342	27	225.18
690	1063	18	203.82
6579	105	3	12.29
16390	14	5	14.37
186	188	5	12.59
188	979	4	21.25
29219	14	4	17.19
219	447	4	17.54
2908	4415	14	238.46
14746	14	11	60.67
5761	2	3	10.45
1899	12	12	10.16
7087	7087	10	192.97
259	337	3	11.37
17766	14	7	29.34
857	103	27	109.48
30404	14	4	17.19
15981	957	4	58.96
142	36942	4	54.82
439	368	14	112.47
3897	2	5	18.34
1852	12	9	4.05
142	18360	3	29.67
941	146	12	77.34
12518	196	6	71.56
5162	14	6	5.34
17685	14	7	29.34
174	1294	3	15.22
49650	14	3	16.55
2885	14	57	304.45
1419	105	8	24.47
945	334	3	18.29
113	6288	3	16.94
15104	14	9	39.47
372	186	11	61.71
1073	1741	18	238.61
589	1172	10	99.55
19221	12	4	13.55
27124	101	3	14.79
114	2322	3	11.2
798	34806	4	71.15
2479	5601	3	40.67
232	525	32	290.46
107	4834	3	11.52
57	5360	3	14.87
1399	109	3	5.99
12	26653	3	10.16
319	103	8	4.05
134	724	20	136.46
12472	8996	6	119.39
32932	12	3	11.65
2391	102	11	29.61
267	146	17	81.83
295	57	5	4.75
14234	12	5	14.7
39132	109	3	28.62
104	1556	3	4.16
4121	127	3	18.42
16076	14	3	5.25
145	352	46	342.42
2349	101	7	10.7
1832	419	6	55.62
425	932	8	67.97
10211	4412	6	106.72
2021	1321	4	43.18
5984	127	3	20.78
1711	114	3	9.45
117	625	3	5.17
5655	476	4	43.85
103	3259	5	16.63
4176	101	4	6.05
102	1149	7	4.91
8945	1329	3	39.8
7097	295	3	29.92
12	3724	9	13.08
101	1743	6	5.02
861	21212	4	60.54
149	3022	5	35.61
5796	178	3	24.49
3210	154	13	123.49
22036	12	5	22.13
21536	10177	3	59.67
35	19945	3	25.48
12	3475	8	9.2
1809	103	4	7.5
2836	101	5	6.42
12	1244	26	36.1
2229	4329	3	38.42
12495	12	9	38.9
1775	1910	3	31.95
1888	6204	3	39.67
1738	115	3	10.26
656	153	27	209.01
3108	122	7	49.81
8185	363	7	88.83
109	31383	4	39.15
101	3076	4	4.21
9194	14	12	44.06
5230	5611	3	45.26
842	8588	5	67.51
12370	114	13	155.13
124	310	3	4.33
2	1807	6	15.63
102	1527	7	7.86
12	2449	10	9.57
725	1196	5	44.78
14250	12	3	5.58
1358	105	3	3.9
654	123	7	28.43
32120	136	3	34.04
1866	4312	5	67.65
427	1190	4	30.21
336	409	3	14.05
118	1341	17	111.78
29300	7553	4	84.73
33419	12	3	13.78
103	6357	13	89.8
101	5304	4	7.75
9104	122	4	33.15
7753	12	5	8.41
11724	109	3	18.65
12	1365	19	19.83
104	781	5	5.76
1550	10227	7	111.94
14332	13486	7	153.12
12	3353	6	4.03
6199	101	5	13.39
208	23274	3	35.77
544	126	4	11.32
35	52544	3	36.04
2159	502	12	136.79
5505	134	4	30.45
22606	14	6	27.48
7	1636	4	8.57
37771	14	3	12.18
9386	102	3	8.42
14921	213	3	32.65
1828	475	13	144.79
1794	767	18	228.98
3330	3806	4	55.57
112	778	15	68.16
201	5868	9	99.08
6768	8922	3	49.76
497	199	4	17.08
589	156	3	9.71
881	3775	3	31.8
978	141	6	30.43
41304	14	3	16.55
37626	14	3	12.18
205	202	3	6.44
50676	14	3	16.55
478	10785	4	50.08
3093	1001	3	31.42
3029	299	3	24.78
129	788	3	9
105	1330	4	6.88
27627	14	4	14.69
9682	14	12	46.25
3898	102	7	19.01
129	3009	5	32.91
4559	2101	3	38.35
1135	9978	3	39.38
37089	14	4	22.06
159	422	18	112.57
160	306	3	6.79
9173	2	3	13.35
3389	14	36	141.11
4077	9	15	122.35
252	11892	3	32.18
433	147	26	172.54
332	12	241	857.78
263	2005	3	21.33
203	5574	4	36.33
4167	157	6	50.45
369	2585	4	35.66
3432	14	19	43.29
102	9748	3	8.76
8880	101	3	7.11
1495	265	3	19.53
423	128	3	6.03
3043	102	5	8.47
15004	4588	8	158.59
14879	14	10	48.59
1290	166	4	21.47
826	4882	6	75.02
49420	14	3	16.55
12	7853	4	5.48
2	603	13	27.33
102	371	17	9.58
44805	35	3	36.04
278	118	37	189.21
104	328	16	27.76
257	30112	3	40.17
102	700	56	199.31
1026	106	4	5.83
135	9722	5	47.26
336	204	3	9.61
313	33803	3	43.72
119	139	105	561.55
3787	682	3	30.42
1446	4187	4	49.59
257	16343	3	34.69
21430	12	3	9.02
134	8730	4	34.71
20436	106	3	20.77
18057	14	8	37.98
101	2639	9	19.37
102	1255	7	5.89
3250	101	9	22.91
124	552	7	26.97
964	126	23	168.55
417	1807	4	33.63
9012	14	4	4.47
19435	12	4	13.55
12	793	34	38.05
5183	1688	3	37.69
6650	1101	9	132.89
36144	14	3	12.18
102	16998	4	18.88
303	396	7	42.79
2806	43236	3	60.85
497	2049	72	1176.87
4928	597	5	57.95
4858	36445	3	59.7
6368	12	4	3.87
263	1566	3	19.8
401	5345	3	29.79
3656	799	3	31.18
13744	1320	6	96.16
7	2995	10	50.93
16434	102	7	44.11
1118	772	9	91.44
11016	12	4	7.94
27811	263	3	38.76
344	306	4	19.01
45671	35	3	36.04
258	514	4	20.06
57	460	10	27.29
165	1038	3	13.07
107	5414	4	18.66
119	11362	4	33.3
19908	12	3	8.09
12	15957	4	11.38
1126	701	3	23.16
238	31267	5	77.31
468	133	5	16.35
185	10851	8	97.21
1449	123	5	24.39
12	10092	4	6.98
12	12081	4	8.48
7106	12	8	19.52
1009	105	5	8.06
200	5738	3	25.62
15458	14	10	48.59
12364	12	7	25.08
3030	7	8	37.28
22920	14	5	19.46
376	111	4	3.98
736	1093	3	23.29
19180	3477	3	51.65
16560	14	3	5.25
412	5124	3	29.74
254	1333	4	27.15
23148	21	4	38.13
12042	134	3	26.15
10319	102	3	9.13
1973	101	8	11.62
3835	109	3	11.54
127	8387	5	43.86
558	16	3	4.12
1553	38476	3	52.76
54256	16	3	36.08
198	157	21	100.26
111	1682	5	18.84
2181	489	3	25.41
12	12972	3	5.13
11804	190	4	42.31
14680	106	4	27.4
947	107	6	12.68
2989	3788	3	39.24
531	533	3	17.57
1625	635	8	82.95
105	5175	3	10.87
181	11192	6	67.73
455	12259	5	66.55
3292	104	3	8.01
2270	103	3	5.34
133	1851	3	14.39
109	398	5	4.98
57	630	8	22.74
508	224	3	12.26
109	4850	5	26.72
476	1565	4	33.3
921	1065	5	45.75
101	15643	8	48.51
1159	3210	3	32.3
58	2370	8	43.44
5537	29365	4	81.76
5540	619	4	45.5
1009	127	5	21.8
1100	9	7	26.33
2	8843	3	13.01
4108	133	3	19.12
12	11779	3	4.72
716	122	3	7.83
22195	14	6	27.48
2384	525	3	26.25
13168	14	12	59.27
23212	12	3	9.02
1118	1221	8	86.25
12	31789	3	11.65
110	297	10	18.65
53305	14	3	16.55
2251	1093	3	30.02
6509	12135	3	51.53
480	341	7	46.57
7572	2420	4	59.19
102	6244	8	32.13
1272	102	14	27.64
121	2508	6	36.85
155	351	3	7.24
156	220	5	11.86
103	2499	3	5.77
763	245	3	15.18
1236	107	4	7.48
149	17622	4	43.01
101	1509	10	13.82
12	1133	26	31.25
121	4262	3	17.33
101	5716	3	4.66
925	1204	24	307.04
659	58	7	19.03
14072	892	3	40.44
207	165	8	25.96
2189	111	3	10.02
4807	104	4	15.8
1807	978	3	28.02
15482	3104	3	48.61
3792	106	11	65.11
45219	14	3	16.55
101	956	9	5.22
102	5290	9	35.1
102	7642	3	7.26
11377	14	4	6.11
14642	12	5	15.74
16044	42556	3	72.46
42206	12	3	18.18
7881	2295	4	59.26
528	12320	8	118.91
103	1415	5	9.16
52768	14	3	16.55
8922	212	3	28.96
118	856	3	6.92
119	116	12	4.98
11813	14	9	32.05
106	3687	3	9.59
3412	1520	3	34.58
1942	58	3	9.28
3983	113	4	21.13
6476	102	5	15.47
5458	12	5	5.49
18647	198	3	33.31
10126	10771	3	54.22
12	11477	5	12.95
4011	111	5	27.52
22393	14	7	38.61
6463	102	3	6.33
35	47275	3	36.04
536	482	4	25.21
12303	7553	3	53.11
1553	101	12	20.78
40397	14	4	22.06
6451	14	16	54.92
222	276	3	9.01
108	2201	3	7.99
5990	185	3	25.17
34555	14	4	22.06
1072	14	22	11.47
20031	14	7	32.71
8	405	6	11.65
4191	3447	3	40.64
6780	1526	3	38.81
232	16	6	6.9
1250	116	6	24.95
173	696	9	54.51
10649	14	13	56.66
5992	12	5	6.31
46427	14	3	16.55
4168	753	3	31.63
947	661	3	21.94
17953	106	7	63.54
1390	162	3	14.69
107	253	8	5.26
605	972	3	21.67
106	377	10	15.11
161	3064	8	67.94
443	206	3	11.1
26663	26664	4	95.32
1805	643	3	25.7
12	17840	3	7.32
4904	12	7	10.17
1138	648	6	54.19
1033	179	15	119.44
1064	849	3	23.88
25330	14	3	8.62
2	1760	10	35.18
58	13649	3	21.36
1649	3504	8	110.94
1332	911	9	97.72
4497	26632	6	128.24
18961	14	6	22.03
102	5727	11	49.61
3132	104	3	7.7
3034	169	42	543.71
4122	106	9	51.11
509	4676	3	30.18
127	376	3	5.5
2	3191	4	11.51
817	1181	3	24.27
391	7130	4	44.51
1572	110	4	11.89
425	1136	3	20.58
2158	12	12	12.53
383	346	4	20.71
895	165	3	12.31
6488	1306	4	52.68
185	760	57	596.06
12	1404	11	4.03
189	1253	4	23.19
10188	1792	3	42.66
104	579	34	140.04
102	975	30	86.93
8819	306	3	31.58
40680	2883	3	56.57
16	2957	5	26.68
2420	8503	3	43.09
6406	142	3	22.56
1772	16446	3	45.82
1183	375	11	103.44
132	237	462	5568.81
3063	107	5	19.78
6880	106	3	13.2
58	3173	15	111.13
398	586	3	16.82
1011	3685	3	32.44
12	10858	3	4.36
8099	12	5	8.84
20410	131	4	42.4
2026	104	4	9.33
8491	14	6	10.49
321	5250	6	65.86
257	6079	21	297.47
407	128	3	5.88
227	780	39	399.56
195	248	3	7.38
2142	372	3	23.97
134	334	4	9.5
469	103	85	456.83
19875	131	3	29.53
8073	249	12	158.12
30467	160	3	35.78
49925	14	3	16.55
8660	9	5	37.15
7	1717	3	5.22
1184	109	10	38.82
162	1679	6	39.87
14351	12	4	9.76
15649	120	4	36.94
58	6732	4	24.55
1039	378	3	19.54
1255	6250	4	51.98
1519	12	11	4.96
11258	3988	3	47.9
681	1589	14	162.98
4352	102	6	15.9
294	1510	4	29.61
2336	395	3	24.83
4765	154	3	21.49
30261	14	5	27.58
3266	101	4	4.54
205	103	46	109.14
2231	12893	4	63.43
12	11543	5	12.95
961	13779	3	40.8
11041	106	5	33.19
110	525	14	47.1
2237	102	16	53.35
128	177	140	1053.84
7166	7134	4	67.72
5354	14	27	121.85
305	300	9	54.89
243	226	3	8.47
8349	1314	3	39.37
364	3954	4	38.93
1623	3059	3	34.27
12	5595	6	8.72
5083	1235	3	35.76
2908	1443	21	326.26
101	7924	3	6.54
102	2531	7	13.73
10090	102	3	8.76
102	50422	3	24.09
1684	279	3	20.67
935	121	4	13.57
337	7427	3	30.91
2631	143	3	17.05
1445	126	5	25.19
22936	14	3	7.51
6075	14	5	4.32
1644	924	7	75.38
5897	107	3	12.64
1803	1141	6	66.18
181	2398	11	100.42
15442	14	10	48.59
8050	177	3	26.49
450	166	5	19.58
218	130	6	12.03
698	194	4	19.29
104	1167	6	12.11
664	12	19	3.89
5931	171	3	23.83
280	1286	11	99.13
12841	12	11	55.71
700	109	4	5.54
2043	103	5	12.46
1471	3014	4	47.13
3622	4684	4	58.13
411	9914	6	77.64
1098	5136	5	63.71
21754	12	4	14.98
31592	1088	4	68.34
108	999	10	33.95
109	627	8	19.1
323	106	16	32.18
49848	14	3	16.55
102	10514	13	89.08
1033	31627	3	47.99
7715	109	3	15.74
104	9177	3	14.18
9630	1235	5	72.58
9082	1612	8	129.14
102	12840	9	56.38
10234	101	3	8.11
112	2696	6	30.93
19253	12	6	27.57
1453	4091	3	35.22
29947	14	3	10.08
102	11259	4	15.13
12	10141	5	11.52
366	106	52	234.95
1453	1714	5	55.32
1306	2585	3	31.92
181	14292	3	30.46
110	2701	4	16.05
2332	14	40	127.42
133	4042	6	46.63
38079	14	4	22.06
7	506	30	113.9
57	1247	3	6.69
108	1641	4	10.51
1820	12	15	16.98
226	358	11	67.55
674	5707	3	32.85
4495	16	29	307.4
11768	12	7	23.72
111	1644	4	13.21
2758	428	3	26.1
17717	14	5	15.74
5981	27517	4	80
9381	101	3	7.42
8360	14	4	4.14
7769	12	4	5.17
1220	209	3	16.57
3024	2405	5	66.64
49313	14	3	16.55
5337	593	13	181.55
108	1457	3	5.69
14766	102	4	17.96
1063	625	3	22.26
19166	53777	3	74.09
7198	12	6	11.65
267	27868	3	40.47
3241	2219	5	66.5
692	3026	3	29.28
12	17476	3	7.32
928	886	4	33.57
726	5973	4	47.44
123	8093	3	22
1593	126	5	26.18
12	2130	16	23.96
153	588	52	466.01
103	1633	4	6.81
278	1591	4	29.33
14731	101	3	10.44
823	979	6	55.14
6764	12	5	7.27
24778	131	5	61.45
1565	128	4	19.23
511	119	3	5.26
12	4471	5	3.98
7461	153	5	46.52
207	111	6	3.87
119	913	10	49.6
22622	14	5	19.46
5257	3975	3	43
10366	175	7	79.79
3935	14	36	161.29
2915	101	10	25.71
621	121	3	6.66
13796	131	5	50.57
22110	12	6	30.73
123	226	11	32.77
12	1179	50	125.69
183	300	19	119.44
101	1563	8	8.74
353	104	13	20.06
3007	325	10	108.95
5625	562	5	58.62
163	27898	4	51.76
6585	642	3	33.59
102	6286	4	10.31
16108	14	8	34.38
101	5497	5	12.05
181	21101	3	33.37
2	355	14	20.22
576	5393	4	44.98
18312	16102	4	84.78
970	989	12	131.67
4643	101	7	19.42
394	470	3	15.61
14275	106	3	17.91
820	655	4	30.41
1328	572	9	90.15
656	387	3	17.28
209	892	15	122.65
21354	184	5	65.3
1406	220	8	63.45
4502	149	10	95.32
2135	106	8	32.87
12	751	22	10.48
795	127	9	45.85
3669	375	3	27.17
189	178	8	25.86
20037	14	3	6.62
12	2173	12	12.78
284	1006	5	34.57
12	4812	6	7.17
512	794	3	19.55
3885	806	8	100.82
238	1051	47	534.73
23410	12	5	22.13
117	3601	3	14.6
101	19167	3	12.61
145	1206	5	25.72
12	17186	3	7.32
148	283	3	5.43
125	1859	3	13.57
629	102	26	49.19
3285	119	4	22.79
121	2397	23	207.04
753	17999	3	41.63
250	205	5	17.76
12	5336	7	11.28
516	467	4	24.66
4877	193	4	34.63
7980	101	4	10.93
26320	14	5	22.3
458	490	6	41.23
756	643	4	29.85
19173	44903	3	74.09
612	880	22	245.79
166	359	21	133.48
28555	12	3	11.65
16961	106	3	19.16
31421	14	5	27.58
12	10178	4	7.44
431	4796	5	54.69
263	116	5	6.16
1160	2367	24	356.4
203	462	5	23.51
1634	102	13	29.82
2663	12	7	4.02
14844	12	3	6.09
1044	1358	13	155.53
12	11796	4	8.48
110	2491	8	42.03
17928	12	3	7.32
3120	12	8	7.74
39403	14	3	12.18
2170	109	4	13.39
10166	186	3	28.78
1312	224	4	25.71
8204	122	3	22.28
5545	18120	3	53.51
28	19005	9	137.39
1127	1433	4	38.76
15006	12	3	6.09
944	2070	3	28.66
881	120	3	8.27
4804	1694	3	37.32
137	195	4	5.29
1429	3987	4	49.12
108	1670	4	10.65
7380	145	4	33.7
106	15844	3	19.16
2317	378	3	24.47
456	1503	5	43.08
21969	102	5	31.85
246	1120	7	51.93
1147	1415	17	217.79
9614	425	4	48.08
21965	14	3	7.51
4125	394	3	28.19
3646	1286	3	33.83
576	3391	3	28.92
8178	101	9	41.89
3610	1293	4	47.59
576	1687	5	46.47
8950	737	3	36.32
103	4457	3	8.84
102	6563	3	6.33
10323	14	6	13.23
102	2837	46	307.77
104	500	12	22.63
32581	14	4	17.19
1520	15881	5	81.48
6823	14	24	124.11
149	2814	12	106.65
697	18566	8	134.03
15743	12	3	6.66
1970	13744	3	45.22
119	429	10	36.58
16	10	17	102.08
103	18615	3	17.94
13184	14	10	41.51
102	5808	4	9.77
279	1384	3	19.52
54082	14	3	16.55
218	102	100	240.84
12777	21	10	105.17
641	32710	3	45.45
32039	14	4	17.19
102	5479	8	29.69
388	145	23	142.71
3689	961	3	32.13
117	266	6	9.33
237	14	586	2803.53
11329	102	4	15.13
7	9203	4	22.27
7002	117	21	239.09
1661	9	3	8.97
105	4853	3	10.52
3028	3472	3	38.82
127	12835	7	74.91
1218	37496	3	51.23
4107	1467	5	64.49
530	2288	7	73.32
1550	2290	3	32.33
431	3283	4	38.67
496	341	7	46.74
2089	732	4	38.8
101	11209	3	8.49
530	451	22	212.55
15836	112	3	22.83
1637	16	3	9.49
9050	3818	6	103.07
332	179	3	8.41
1288	102	10	14.17
26724	106	3	23.02
9802	106	5	31.71
22951	131	6	74.48
338	15302	4	50.54
346	704	3	16.95
836	549	44	548.98
25640	14	4	14.69
17614	12	3	7.32
190	784	8	50.48
39742	14	4	22.06
20992	14	8	44.13
525	120	3	5.81
52784	14	3	16.55
12413	28069	3	63.9
3844	103	3	8.02
1795	14	91	482.95
31603	14	4	17.19
231	1219	6	43.07
11393	14	13	60.19
17853	12	3	7.32
6966	37999	3	62.09
12	12237	6	18.04
323	707	3	16.47
166	120	8	10.47
924	101	9	4.86
706	7431	3	34.85
2547	866	3	29.35
11760	14	6	15.02
2415	287	7	66.11
17051	35	10	120.15
111	129	16	11.92
18740	14	8	37.98
5083	9572	4	67.68
111	936	3	5.36
12	11629	3	4.72
13743	102	3	10.93
885	101	12	10.3
290	579	3	14.94
45641	14	3	16.55
12	12749	3	5.13
1104	6570	5	66.39
37906	35	4	48.05
2607	221	11	109.18
713	5254	5	60.16
12	10485	4	7.44
298	1268	3	19.46
35	29275	3	29.32
12	15223	3	6.09
1364	476	3	22.43
3060	111	4	18.01
1800	9370	4	58.54
140	21170	7	89.63
1660	157	3	15.42
4101	9605	9	167.59
17273	12	4	12.38
3424	12	7	6.4
5696	105	5	24.29
427	181	3	9.72
304	110	220	1829.05
387	2545	11	122.49
994	200	7	46.65
790	3573	5	57.02
140	15784	3	28.79
12	3087	18	43.23
15821	2118	4	65.59
419	5849	4	43.26
101	2458	7	11.21
312	102	23	16.53
3381	12	14	29.13
5656	12	8	15.87
115	22754	3	27
127	4285	3	18.57
2586	223	5	41.2
17	354	5	10.24
20251	14	4	11.5
16	5760	3	16.91
119	4969	3	17.81
6076	115	3	17.58
26388	9	3	27.08
712	29703	4	65.25
4709	106	12	79.67
271	610	4	21.8
206	1316	9	71.18
18808	184	5	61.31
7549	3450	3	44.58
12	2122	12	12.3
102	807	40	124.95
277	377	5	25.55
728	526	3	19.22
1845	101	6	5.56
381	289	5	26.27
202	8382	3	28.16
121	5120	3	18.51
1140	4349	4	47.93
22060	14	7	38.61
959	761	3	22.81
12	5993	6	9.45
104	916	5	6.8
183	9	30	92.86
3862	105	5	20.34
1610	9127	4	57.7
587	1470	23	283.42
2154	7697	4	58.29
9730	105	5	30.57
847	978	3	23.42
4205	1888	3	37.2
150	163	5	6.57
133	2255	3	15.63
253	626	13	100.01
2333	1753	7	89.87
195	189	4	9.06
255	2331	23	270.57
633	28083	3	45.37
1608	18646	3	46.03
2905	10258	3	45.73
104	13495	3	16.82
1687	10170	4	59.1
9541	279	3	31.66
101	8941	3	7.11
23962	1494	3	47.48
7588	14	14	49.43
113	900	29	184.96
3270	103	3	7.11
918	162	5	25.35
13684	122	3	25.66
7	895	7	14.5
28167	1535	5	95.43
12116	14	10	38.93
7051	101	3	5.81
346	725	3	17.1
134	8237	10	107.91
3476	1736	3	35.54
163	2360	5	35.04
7287	21	13	123.52
10830	5201	5	88.85
703	101	10	3.9
1721	14	75	312.74
1932	1015	3	28.6
979	451	12	114.56
5031	12	6	7.45
140	240	3	4.14
773	2422	9	106.44
744	1930	4	38.36
1988	25857	3	50.47
23222	547	3	41.66
1132	32451	3	48.5
168	2664	3	18.98
102	9172	7	32.56
26317	26317	3	68.04
380	2039	3	23.69
289	6033	3	28.75
3304	133	8	63.79
749	1955	3	27.13
358	206	3	10.09
4958	136	9	83.08
22582	117	5	52.84
1001	107	5	9.45
2023	7	3	6.07
35	4940	34	408.72
1092	150	4	18.46
214	132	6	12.78
101	3650	4	5.16
12	3279	14	28.58
2	2719	4	10.34
26432	14	5	22.3
317	42450	3	48.29
102	4945	13	59.94
2488	3446	6	84.2
1057	1484	3	27.17
32362	14	5	27.58
10517	102	4	14.57
6798	1955	7	107.71
35	20519	8	96.11
763	710	4	30.56
696	107	23	94.42
2	333	15	21.72
123	599	6	21.75
422	154	14	78.61
149	4198	8	70.78
11545	101	3	8.91
8552	1277	3	39.18
305	9	7	11.89
4672	1613	3	36.9
360	7426	4	44.22
1228	7	10	32.83
22265	14	7	38.61
896	1316	3	25.64
102	8073	3	7.52
18056	106	4	29.43
102	3371	4	5.92
32260	14	4	17.19
101	2248	5	4.82
104	2006	3	5.44
665	1899	4	37.23
823	733	5	41.35
279	1749	3	20.86
6447	562	3	32.78
1652	325	3	21.45
8	14560	4	33.05
12	4397	6	6.15
959	1461	4	37.72
103	7678	6	33.07
12	6491	6	10.26
117	181	12	21.63
127	19963	3	29.21
254	15127	3	33.96
53969	2648	3	60.55
12891	14	10	41.51
35	1055	85	800.67
243	188	10	45.25
269	105	82	374.01
4670	143	3	20.56
1983	5825	5	71.45
216	185	3	6.1
123	642	5	16.99
103	664	6	5.87
10834	12	7	22.49
1498	313	12	116.9
10284	14	13	56.66
102	2504	6	10.01
103	399	214	1577.6
102	267	22	10.25
104	631	5	4.41
587	1222	11	113.16
115	4230	7	48.32
7612	444	4	46
28083	41523	3	77.95
116	636	3	5.24
12	16532	3	6.66
176	722	207	2916.36
102	17850	5	27.94
35389	14	3	12.18
2123	26506	3	50.93
7164	12	5	7.62
29487	14	5	27.58
146	488	3	7.84
850	141	14	91.23
12	20398	4	13.55
798	15863	6	93.32
134	12515	3	26.65
1502	126	3	12.32
11350	186	5	54.61
247	259	4	14.7
104	3437	4	13.15
10796	12	4	7.94
2771	101	5	6.29
58	14093	4	31.18
3418	7849	3	44.88
126	115	41	108.66
39359	210	4	60.51
101	821	12	9.22
101	2215	5	4.73
102	3394	11	37.08
794	147	4	15.93
1716	313	29	349.43
29510	14	3	10.08
1041	11257	7	107.23
12	113	250	19.23
102	1422	15	34.34
548	860	5	38.97
156	5306	6	53.64
101	7188	3	6.04
7700	368	3	31.71
3012	101	4	4.1
967	104	5	7.2
102	23266	3	14.68
1985	103	5	12.13
107	118	25	4.83
108	1291	4	8.78
1800	9853	4	59.06
566	834	3	20.4
3952	559	3	29.58
1128	115	6	23.2
12	14747	3	6.09
12	9040	4	6.56
13635	12	4	9.76
48306	14	3	16.55
9	3310	24	212.8
12	27837	5	30.31
162	126	6	6.73
106	829	7	14.46
2001	50840	3	58.87
638	4461	4	43.99
108	4859	3	12.35
24865	616	3	43.62
1394	141	7	42.7
39752	4898	3	59.7
4282	102	4	7.43
106	1134	4	6.4
143	15611	3	28.27
141	6997	3	23.02
6118	245	3	27.49
35962	14	4	22.06
3502	101	6	11.63
103	11310	3	14.47
110	19861	3	23.43
261	481	25	217.01
11326	193	6	69.04
113	3212	4	19.43
4586	102	3	4.51
21504	12	3	9.02
6504	265	4	40.48
18127	14	9	49.64
1720	503	5	45.28
12473	12	6	19.12
6621	3669	5	79.37
426	497	6	40.55
820	1143	7	68.28
240	115	6	7.86
719	180	32	285.25
10657	12	3	4.03
29324	14	4	17.19
15537	14	8	31.63
47434	14	3	16.55
363	24598	3	40.82
12	380	37	13.86
125	282	4	7.17
102	1990	6	7.8
1564	2256	3	32.3
16944	14	10	55.16
115	23608	3	27
101	4253	9	27.64
10486	12	3	4.03
8445	101	3	6.82
17909	2778	3	49.4
175	792	3	12.48
17912	6306	7	145.28
35059	14	3	12.18
16	5085	5	32.2
7131	111	4	24.86
3152	110	3	11.16
104	869	5	6.39
1114	106	7	17.78
633	1497	3	24.5
123	188	6	8.53
7666	275	3	29.82
1345	10519	16	302.68
8273	3399	9	159.59
894	124	3	9.28
102	4527	6	16.52
1497	146	3	13.79
103	2831	4	10.65
47955	14	3	16.55
9094	4493	3	47.47
336	321	4	19.09
534	193	9	53.42
44064	12	3	18.18
1151	109	3	4.91
36905	21	3	31.26
58	4538	5	28.89
773	7153	12	180.06
35	25700	6	72.08
123	8278	3	22.31
19545	5548	5	98.04
973	1452	4	37.83
744	5638	7	91.21
12	14241	3	5.58
9116	107	4	23.3
5032	5545	14	263.27
111	103	109	104.83
14661	16	3	23.23
3192	1309	3	33.23
29861	14	5	27.58
129	5182	8	69.89
106	1071	4	6.07
133	257	3	4.12
765	672	4	30.16
23875	14	7	38.61
4976	14	14	33.77
2069	109	25	177.08
13446	12	5	14.7
559	7005	3	33.25
6091	22966	3	56.05
8635	14	15	63.7
8	284	5	5.52
1638	12	13	9.78
1658	16595	3	45.45
3084	1626	4	48.11
12	10442	5	11.52
462	114	5	9.33
1482	113	35	276.75
1041	182	4	21.44
595	419	4	25.07
299	5958	4	41.1
1374	16257	3	44.35
2409	157	4	25.91
7966	2989	3	44.06
40272	35	4	48.05
41417	10193	3	69.23
2276	21	3	11.09
106	248	8	4.54
6869	177	4	36.31
14836	14	8	31.63
766	9544	3	37.33
1111	5975	10	147.79
577	928	3	21.17
102	6459	4	10.6
104	2633	3	6.78
101	1623	6	4.46
12	1347	18	17.09
1140	145	14	99.53
1177	471	4	30.8
687	291	134	1848.53
1196	107	3	4.01
39450	14	3	12.18
2251	185	9	78.25
12093	102	3	9.95
12089	5030	3	49.84
13854	14	11	53.92
118	230	7	11.46
4873	12	6	7.17
1409	490	5	43.01
14102	122	4	36.93
390	740	33	361.9
1475	154	16	132.31
2359	111	5	22.19
599	928	5	40.74
39937	14	4	22.06
219	6844	3	27.33
2416	45177	3	60
101	5045	4	7.32
2295	130	3	15.16
141	13686	4	39.49
597	2868	3	28.19
102	1189	18	40.88
126	612	8	34.9
10575	101	4	13.17
2590	5538	4	56.71
1647	18213	4	64.57
20918	14	5	17.39
1737	14	82	374.42
107	454	5	4.03
13871	101	3	9.88
159	252	5	13.7
1690	184	7	52.69
114	7024	3	17.81
19932	14	6	24.36
464	1	4	10.58
327	7267	3	30.64
652	1481	3	24.59
20724	101	3	12.61
26448	14	5	22.3
300	2075	15	163.49
677	3517	4	42.36
5015	26087	3	56.07
375	5249	5	54.51
1219	255	5	35.14
7689	17	3	20.35
53343	14	3	16.55
15781	14597	5	107
106	3335	4	14.21
165	102	57	40.7
1185	2	4	4.68
1396	3036	4	46.86
12875	14	10	41.51
7	7673	4	20.52
1189	101	14	21.25
26960	12	3	10.16
746	1	3	8.71
35	45240	3	36.04
2990	915	3	30.68
15684	946	3	42.05
40029	14	3	12.18
3666	10651	3	47.05
266	5387	9	104.36
975	4130	3	32.98
5346	12	5	5.24
612	5040	17	247.86
323	4975	3	28.07
22249	14	4	12.9
702	1065	8	77.03
10578	286	4	45.6
14786	12	3	6.09
9185	408	3	33.58
274	365	3	12.14
52400	14	3	16.55
3198	9817	3	45.78
8286	175	3	26.69
126	914	3	9.53
2224	209	3	20.3
102	1460	6	5.04
23656	12	4	14.98
543	7936	7	92.78
2938	12	30	105.66
5495	164	4	33.11
2557	111	4	16.57
12	903	31	35.91
2	1363	4	5.7
277	1596	3	20.21
18869	171	7	91.01
7105	635	4	47.9
103	20998	4	28.04
35	53667	3	36.04
11776	14	7	20.12
121	18722	3	27.09
3338	328	3	25.66
227	13011	3	32.03
206	116	7	9.03
25567	14	4	14.69
1200	592	3	22.7
307	101	27	18.34
46122	14	3	16.55
2164	216	21	230.4
13	305	4	13.03
103	441	32	103.02
101	1184	8	5.45
251	137	4	7.4
158	668	3	10.36
101	1925	18	52.62
103	626	19	53.68
2	222	11	4.43
417	528	4	24.1
12	7476	6	12.17
14274	14	11	53.92
24190	12	3	10.16
181	1614	3	16.95
6758	6225	4	65.97
1476	181	5	32.35
107	9707	3	15.97
360	190	11	61.28
57	215	6	4.01
373	107	17	42.59
313	13285	7	96.27
169	671	3	11.04
1546	393	4	31.95
7341	11181	3	51.85
401	110	5	6.04
20352	14	8	44.13
1388	101	8	7.41
7752	7	3	13.58
138	4036	10	90.21
345	102	15	5.29
4436	223	3	24.87
798	3043	3	30.07
57	1100	3	5.94
108	449	77	472.69
1228	10789	3	40.8
3290	6304	7	114.02
161	585	3	9.98
3943	12	8	10.64
329	384	3	13.56
35	48818	3	36.04
40697	14	3	12.18
57	1731	3	8.43
253	2347	4	31.59
110	2127	6	26.16
9997	4795	4	67.17
108	1336	26	155.19
343	252	3	11.23
6158	12	9	21.27
2750	143	3	17.34
129	386	5	14.04
108	2269	4	12.99
1362	1362	9	105.79
9456	14	9	25.87
38525	148	3	36.9
162	22906	7	99.3
16960	14	10	55.16
7017	12	4	4.6
3598	992	3	32.2
29340	14	3	10.08
328	130	91	756.79
139	414	3	6.9
1036	13494	3	41.27
411	2838	6	60.93
11699	196	3	30.2
129	681	7	30.46
3198	2656	9	134.29
57	2480	4	16.22
1410	15235	3	43.78
46561	115	3	36.54
3198	1405	5	61.42
3192	102	9	25.59
6774	4096	10	178.42
27055	14	5	22.3
51123	14	3	16.55
135	480	3	7.36
113	966	6	19.99
101	12902	3	9.37
22296	12	5	22.13
185	15899	4	45.5
47920	14	3	16.55
199	147	4	5.91
156	11886	3	27.7
7	109	67	23.88
37326	14	3	12.18
7479	103	4	18.48
15854	8224	3	55.55
3209	3293	3	38.8
2982	3306	5	69.61
4479	102	4	7.79
668	1784	22	283.2
12201	12	3	4.72
2805	117	3	13.15
15026	8025	3	54.56
102	4170	7	19.98
1778	855	3	27.13
282	724	3	15.84
482	172	4	15.31
3655	14572	3	49.61
103	7899	3	12.35
32974	12	3	11.65
3732	4923	6	94.01
8	10345	8	72.74
48894	14	3	16.55
2869	127	6	41.13
1945	4330	3	37.5
3649	101	6	11.86
3046	1086	3	31.71
852	126	3	9.15
21244	180	5	64.87
1292	588	3	23.24
782	275	7	49.25
3941	4835	5	76.4
115	248	19	64.02
25322	12	3	10.16
102	6710	4	10.91
477	695	6	45.44
102	1043	35	116.23
104	383	31	99.8
630	57	4	6.55
315	126	22	113.69
23138	2612	3	50.9
1622	12	32	73.36
157	242	4	8.84
2711	1478	3	32.92
1271	119	5	21.31
383	534	5	31.74
14847	22657	4	86.62
140	8439	4	34.67
102	5031	3	4.93
11714	12	3	4.72
658	968	4	31.68
23891	14	5	19.46
109	9254	3	17.01
1478	111	4	12.38
1380	509	3	22.76
16036	56	3	60.24
408	109	8	14
2565	14332	10	191.55
7	2369	30	213.76
3288	14	29	93.11
1154	672	6	54.55
193	1143	8	56.68
57	1131	6	19.57
4890	8	9	66.98
6661	12	7	14.56
16163	14	9	43.27
112	5709	4	23.27
4261	101	4	6.21
5280	14	17	51.5
2509	101	6	8.23
529	2299	3	26.12
121	9694	3	22.72
562	1853	17	204.71
13238	180	7	86.26
197	447	29	234.14
1218	709	4	33.99
607	494	3	17.97
1399	2532	3	32.22
5075	692	23	364.43
444	12	37	18.91
257	287	3	10.35
856	5214	3	33.58
105	1417	3	4.06
534	115	7	20.19
5068	7	3	10.95
4022	14	28	102.81
14122	406	3	36.27
9315	14	15	66.91
8290	101	5	16.46
2603	116	4	19.14
1430	17617	9	170.8
8	1684	3	9.2
111	202	7	5.51
16634	14	8	34.38
16985	117	8	87.94
12450	6958	3	52.55
5787	978	3	35.15
1247	8198	9	140.74
800	175	3	12.53
3133	25450	3	53.19
164	3009	3	19.37
18510	1047	5	79.03
164	788	27	224.05
454	1888	4	34.53
12573	106	4	25.79
424	419	3	15.34
12	16727	5	16.94
120	4461	9	74.02
599	8205	3	34.9
10320	5187	4	68.23
215	290	5	20.19
3159	1324	4	46.84
12	1326	12	4.87
101	1442	7	5.52
1404	4952	4	50.97
13672	105	5	34.8
126	1315	5	24.29
300	13096	3	34.02
313	3090	3	25.08
2098	27463	4	71.3
101	5631	3	4.66
12	5251	9	18.81
102	6440	5	15.47
1976	109	22	146.18
125	7261	3	21.88
116	118	18	12.88
213	128	14	48.53
26780	26780	3	68.04
148	201	5	9.61
654	3861	8	97.78
8191	194	13	167.64
424	652	11	93.59
5056	5297	3	44.47
274	103	14	14.14
23542	101	5	30.01
486	624	3	18.07
3111	21	4	19.41
2295	102	11	29.01
21488	12	3	9.02
4570	102	9	32.25
16178	101	4	17.44
4208	5849	3	44.08
15155	14	8	31.63
1085	35	157	1892.67
388	530	6	40.51
1343	26847	4	67.62
5295	101	5	11.74
17572	122	8	98.1
14153	12	3	5.58
101	1016	12	12.41
283	2151	3	22.35
19381	12	3	8.09
181	2294	3	19.1
118	2496	12	85.78
9287	107	5	31.64
2764	2799	5	67.18
11408	136	3	25.78
101	7894	4	10.93
12	5914	6	9.08
12	53863	3	18.18
21636	12	6	30.73
2980	101	5	6.84
305	989	4	26.41
102	19645	3	13.69
178	806	4	19.18
47984	117	3	36.72
554	113	5	10.43
460	292	3	13.74
790	2637	5	53.78
929	185	5	28.22
101	7741	4	10.56
12	7361	4	4.87
6997	404	3	31.67
102	1600	31	124.94
12	301	46	17.49
16420	1565	4	63
600	119	3	6.05
2203	31343	3	52.76
1175	214	3	16.42
432	11866	3	35.47
3316	102	27	147.22
12	2406	9	7.06
275	884	10	79.77
5450	294	5	52.6
1138	672	6	54.38
1229	724	8	79.93
1098	212	3	16.03
26709	14	5	22.3
47805	14	3	16.55
29053	14	5	27.58
2941	1948	3	35.15
101	4607	7	19.04
4576	39638	3	59.35
218	109	19	38.91
4277	101	4	6.21
101	3123	9	22.25
278	10281	4	45.26
12	8444	4	5.81
1351	141	3	13.11
683	128	3	8.23
199	214	4	10.72
8	397	7	15.25
3027	2620	7	99.61
528	34396	4	68.06
161	444	14	81.57
50184	14	3	16.55
1758	417	5	44
30027	14	4	17.19
7194	16044	3	54.65
4774	10044	4	67.17
12075	221	3	31.21
861	10631	4	53.64
1288	109	9	34.89
2849	1200	3	31.99
12	10828	6	17.07
113	4256	4	21.72
595	262	5	28.89
463	103	8	7.51
811	891	3	22.65
168	164	8	20.29
35222	213	3	41.04
205	123	5	6.92
9	114	22	9.64
9316	101	3	7.42
101	9469	3	7.42
193	126	43	228.12
149	13357	4	40.1
36417	14	3	12.18
379	1536	3	21.97
2893	10817	3	46.05
30497	14	4	17.19
1720	619	6	59.06
57	960	7	22.93
2989	107	6	25.71
102	9138	6	25.71
191	17867	3	32.88
6280	32896	4	82.94
44613	12	3	18.18
9879	7593	3	51.31
1534	5965	5	69.07
547	109	21	82.87
101	6551	4	9.28
10631	239	6	71.73
623	1597	3	24.8
1739	328	3	21.81
16	1666	3	9.6
6472	1278	5	68.1
8306	20947	6	127.6
719	2679	5	53.06
8861	2331	4	60.26
12474	408	3	35.76
10975	12	3	4.36
4102	1164	7	91.96
1136	183	3	14.89
4267	3133	9	142.94
23359	14	7	38.61
926	119	3	8.05
26856	14	4	14.69
12	2164	12	12.78
123	1393	5	24.06
101	188	36	10.15
104	1702	3	4.62
2133	184	3	18.94
9428	102	4	13.57
467	12738	3	36.39
2108	103	13	57.68
2	7108	8	47.95
1124	8830	3	38.61
104	2490	3	6.54
183	989	3	14.2
102	645	42	118.92
12	22725	4	14.98
27377	14	5	22.3
487	3934	3	28.89
101	20744	4	19.72
520	608	3	18.28
5928	102	3	5.75
1679	106	6	18.24
1382	5686	4	51.97
850	1174	6	57.29
179	3647	3	21.62
852	1143	7	68.78
970	300	9	73.77
1409	2116	3	31.25
37520	14	3	12.18
143	18508	3	29.7
1747	265	3	20.46
6565	11352	3	51.07
102	414	14	6.33
12	1205	14	6.2
47466	14	3	16.55
1091	979	5	46.64
5527	696	5	60.24
21834	12	3	9.02
1886	313	4	31.81
353	121	3	4.21
105	34837	3	26.12
1799	1222	3	29.28
259	114	15	42.08
145	14306	4	39.66
610	106	61	354.79
4944	14	24	92.5
473	1196	3	21.5
23907	14	3	7.51
57	373	6	9.32
2121	105	8	30.9
4964	102	3	4.93
1238	14066	3	42.36
2675	16185	3	48.34
112	254	28	103.43
2	12781	4	23.22
129	16682	5	52.63
1699	1944	3	31.83
138	742	5	20.85
18002	14	3	5.88
136	2199	7	48.76
12208	4806	4	68.97
108	5925	4	20.35
15014	14	7	24.71
5204	715	3	32.61
132	2194	3	15.43
832	128	3	9.21
160	525	38	310.89
105	971	4	4.87
190	1474	6	41.7
1660	249	4	28.63
133	183	7	14.05
14292	12	4	9.76
12	28096	5	30.31
407	402	7	46.69
103	14079	3	15.94
58	3783	5	26.85
1576	12	13	8.95
11642	117	13	151.97
25078	14	3	8.62
710	3298	4	42.19
2443	105	5	16.06
12	9326	4	6.56
2642	10708	4	62.81
323	101	18	4.9
3386	103	3	7.32
9170	12	5	10.32
57	356	6	8.88
553	10912	4	51.02
133	1557	3	13.32
471	436	21	195.45
6671	101	3	5.6
110	4277	6	34.39
22562	184	4	49.38
102	26618	4	24.56
23180	1722	3	48.35
106	1562	3	5.08
102	11266	4	15.13
467	3005	3	27.06
498	268	5	27.46
603	13313	3	38.35
595	810	4	29.68
1666	1003	3	27.65
4734	12	6	6.9
639	5364	15	217.26
853	101	11	7.64
765	766	4	31.29
105	120	44	38
105	942	4	4.66
501	4796	3	30.28
102	27710	3	15.89
12	14539	3	6.09
27152	328	4	56.97
199	825	3	13.83
7259	685	3	34.67
435	707	3	18.15
404	1590	6	53.59
1389	247	12	108.68
142	5980	4	31.9
247	604	6	36.19
662	429	5	34.65
931	3497	3	31.73
351	258	4	17.62
10388	14	11	41.45
898	102	10	8.8
103	8060	3	12.35
793	5192	3	33.19
6377	200	8	87.65
1172	20299	4	62.79
6756	14	22	103.4
7778	101	7	26.75
1832	840	4	38.67
1922	101	7	8.43
2915	106	3	8.39
363	1062	3	19.42
32501	14	4	17.19
35	5208	33	396.69
238	238	18	114.32
522	6431	8	103.93
12	4462	5	3.98
15567	12	4	10.52
388	387	8	54.68
10254	466	4	49.26
184	3525	3	21.81
188	733	4	19.14
103	1640	6	14.42
124	807	5	19.36
353	110	17	52.76
6706	102	7	27.23
11242	14	6	14.08
3502	11095	10	189.95
12	3535	7	6.61
103	2420	3	5.62
1715	116	3	10.28
102	443	29	44.49
1447	1352	4	40.54
57	8621	3	18.12
440	8321	3	33.19
211	304	4	14.6
41754	12	3	18.18
148	309	4	9.81
3180	997	4	44.4
3456	12	6	4.19
12	22764	3	9.02
308	6516	4	41.91
31749	4058	4	79.18
2	348	13	17.03
102	628	13	10.44
12	1927	14	15.57
1681	1421	3	29.79
480	428	7	49.35
183	6719	3	25.84
565	33511	3	46.93
371	17	3	3.87
276	28141	4	58.17
298	4153	7	74.63
13006	8	3	21.59
3063	12	10	12.91
11530	14	4	6.62
45261	14	3	16.55
196	412	5	22.05
766	451	19	191.45
1276	127	3	11.53
105	359	79	405.15
476	3044	3	27.28
113	2469	24	197.27
1172	12819	3	41.34
11643	14	14	77.22
12	15124	3	6.09
6369	1042	6	81.04
137	462	3	7.23
12	10650	3	4.03
136	1392	16	123.53
101	11891	3	8.91
8292	50532	3	67.77
130	137	21	58.59
1940	127	3	13.97
102	26312	5	34.79
101	42759	3	22.98
108	4761	3	12.18
829	5913	8	108.78
8972	12	4	6.17
676	649	4	29.01
6361	101	4	8.99
4211	28924	4	79.59
10447	4824	5	87.44
164	189	6	14.35
286	2413	3	23.05
110	518	22	92.76
1212	107	4	7.29
2925	119	5	29.63
233	621	3	13.82
6908	1495	5	70.59
1885	8	3	9.86
101	5216	3	4.19
27587	1293	4	67.3
2	140	30	19.03
52065	14	3	16.55
390	3987	3	27.85
8955	146	3	24.67
25977	14	4	14.69
2280	214	5	39.56
115	135	19	30.81
6373	471	3	31.91
675	9244	3	36.13
46818	14	3	16.55
2164	149	3	16.39
13	13	12	48.8
102	171	36	9.88
277	1015	3	17.44
415	1958	3	23.93
664	107	24	98.57
277	1441	4	28.4
1235	1369	3	27.77
103	7617	4	18.48
2015	101	6	6.26
1360	58	3	7.37
12	20432	3	8.09
22745	12	3	9.02
207	384	3	10.55
46331	14	3	16.55
656	145	23	163.73
410	10206	3	34.39
9604	6015	3	49.77
128	10002	3	24.02
586	2441	5	50.48
40566	14	3	12.18
6527	327	3	29.85
267	41163	3	47.2
21943	14	6	27.48
53327	14	3	16.55
1447	165	4	22.35
1736	101	6	5.02
185	34451	3	39.71
9575	12	8	25.87
1982	715	5	50
575	372	9	68.8
8184	6942	5	88.96
103	1191	10	27.21
600	135	7	30.82
603	3729	3	29.82
27075	3767	4	75.97
12	9617	5	10.9
1391	1144	8	88.89
2409	1930	3	33.98
9958	14	12	46.25
616	386	4	24.86
140	105	26	18.63
141	753	8	41.6
1765	114	3	9.63
747	113	8	27.67
16507	1503	4	62.63
536	850	5	38.74
10230	623	8	116.67
676	703	4	29.54
57	185	7	4.04
7	4171	3	9.86
4794	1324	3	35.9
108	2192	3	7.99
132	3289	3	17.75
128	969	7	34.75
609	282	4	22.27
129	4809	5	37.85
2873	6353	4	58.84
407	1756	4	33.15
508	2254	3	25.8
113	1671	8	39.81
114	1408	4	13.31
6463	109	5	29.9
12	9848	6	15.38
1831	4343	7	99.66
3626	107	3	9.8
12	15062	4	10.52
135	660	3	8.84
674	18747	4	57.45
114	2659	3	11.98
295	508	3	14.32
1238	15344	5	78.02
12	8459	4	5.81
606	2197	3	26.7
165	1910	3	16.76
31971	1249	3	49.22
4977	101	3	4.04
854	312	3	17.3
1079	12	17	9.1
7664	114	3	18.36
343	156	3	7.15
3835	395	3	27.77
380	4465	3	28.42
1246	114	4	12.36
228	113	14	33.5
2265	58	3	10.2
47369	14	3	16.55
641	105	5	4.99
187	8548	4	38.95
28985	9	3	28.66
3145	101	4	4.31
12	10941	4	7.94
1666	472	5	44.54
137	691	5	20.07
647	874	3	21.36
645	109	5	8.17
7	20475	4	30.13
113	2754	16	120.22
101	4870	4	7.12
12	2487	9	7.43
390	126	3	5.6
999	146	4	17.43
178	1190	11	83.09
1321	809	3	25.05
14820	14	9	39.47
2	16498	4	25.76
486	242	3	12.72
182	4820	3	23.66
102	52241	3	24.09
5262	17	3	18
15909	35067	4	97.14
1059	103	5	6.64
388	153	34	248.13
1945	264	9	83.76
17968	14	8	37.98
1270	435	3	21.49
827	6357	3	34.69
5592	3827	5	77.83
12	8121	5	8.84
452	1602	5	43.75
206	1627	43	511.31
181	4090	5	42.64
16916	659	3	40.06
24787	12	3	10.16
8953	102	3	8.1
490	182	7	35.87
2593	14	36	113.02
392	8167	3	32.7
102	18175	8	58.01
386	3950	3	27.8
103	2945	4	10.91
1143	104	4	5.29
12	1707	19	26.6
2341	697	3	27.71
1345	1908	3	30.33
7012	264	8	95.09
253	2395	4	31.71
106	119	46	44.47
405	386	8	55.1
9291	107	5	31.64
917	188	3	13.85
37635	107	3	27.18
3924	178	4	31.76
107	831	4	5.04
530	946	12	116.9
27228	14	5	22.3
114	4545	4	22.54
12	12979	3	5.13
137	113	11	7.12
102	11308	3	9.52
811	369	10	84.54
34498	119	3	33.5
7	1872	11	47.57
1245	106	15	63.67
162	1143	6	34.97
835	363	3	18.15
1342	182	9	67.94
35	13073	3	22.04
2298	101	6	7.55
108	2651	3	8.95
20415	20416	3	63.51
2932	993	3	31.01
8970	715	7	98.1
35	10464	15	172.76
31999	12	3	11.65
433	5265	7	83.2
141	2736	30	326.63
6057	53945	3	65.61
112	301	12	30.09
1484	106	11	43.76
12	9412	4	6.56
14185	12	3	5.58
101	3962	4	5.73
12	3830	6	5.08
447	103	7	5.01
1466	104	5	10.64
42182	43530	3	84.68
43949	12	3	18.18
1189	8403	3	38.65
477	1010	37	451.19
1090	591	35	441.09
424	847	3	18.99
8794	14	14	55.98
32911	175	5	72.64
690	7660	4	49.19
107	12043	3	17.23
2285	5888	3	40.45
5630	101	6	16.98
12358	12	3	5.13
850	1946	12	145.66
18175	14	4	10.35
3281	19452	5	92.72
351	1480	4	30.79
1057	3426	4	45.44
896	334	3	18.03
29994	14	5	27.58
1560	389	3	22.28
187	1792	4	25.98
631	118	6	18.47
158	323	3	6.78
48388	21	3	35.75
12264	180	4	42.55
12	3629	7	6.83
7161	103	3	11.54
576	2968	6	65.15
102	5281	5	13.4
12	823	24	15.97
3792	101	4	5.44
425	4248	3	28.67
102	16968	6	34.88
12192	115	11	119.47
2596	6560	8	129.52
17	499	3	4.99
501	11193	3	35.74
19827	136	3	30.19
30532	14	4	17.19
5329	134	3	20.83
282	334	20	154.66
12	4692	5	4.36
631	137	3	8.75
1685	102	7	8.99
387	7356	3	31.76
17576	12	3	7.32
8920	7397	8	154.53
12	7862	4	5.48
35	22401	7	84.1
38475	12	3	13.78
118	1790	4	16.79
39508	14	3	12.18
423	120	3	4.94
17875	12	4	12.38
424	810	4	27.31
1003	2170	17	229.97
8707	432	3	33.44
306	58	11	25.33
1132	338	13	122.86
102	6278	4	10.31
865	674	3	21.47
1026	101	9	5.93
8467	12	8	22.76
101	5537	11	44.81
102	4671	6	16.84
6519	459	3	31.77
629	170	4	16.6
12	3799	6	4.89
316	208	3	9.43
351	305	6	33.56
484	569	3	17.59
103	1377	13	46.07
1543	14	69	242.57
390	7091	4	44.51
1227	107	7	19.95
10087	106	3	15.61
101	20355	4	19.72
308	1746	3	21.52
207	190	3	5.88
1200	102	19	45.31
187	195	3	5.3
12	802	32	33.27
101	918	13	13.22
251	1935	9	82.5
12	2899	8	7.1
2077	367	12	129.44
101	4396	4	6.38
2522	109	3	9.21
1760	914	5	51
138	523	6	23.36
1551	849	3	26.26
3231	109	3	10.57
192	1438	3	16.72
106	2775	8	36.93
134	2253	52	618.94
36095	106	3	26.82
10128	180	3	28.51
106	135	32	34.88
40061	14	4	22.06
16003	12	8	38.68
2556	13274	3	46.77
744	157	11	68.22
6912	1114	3	37.06
135	178	6	10.15
32346	14	5	27.58
401	582	3	16.79
193	19852	3	34.02
31279	245	3	39.8
4229	114	9	64.89
136	3898	4	27.64
1962	4841	7	102.33
205	420	4	16.61
3777	12	6	4.89
12	15948	3	6.66
6609	1	3	21.28
4312	409	4	40.65
27497	12	5	25
702	13	4	18.68
109	2337	3	8.8
26375	14	5	22.3
11561	101	4	14.32
15897	12	4	11.38
2725	57	3	11.04
2019	31608	3	52.21
2	8550	3	12.69
51483	14	3	16.55
39301	14	4	22.06
6252	101	7	23.59
1302	107	4	7.89
599	777	3	20.43
3666	1236	4	47.34
1383	102	11	18.78
145	225	3	3.92
12	17802	3	7.32
12	33260	3	13.78
7711	14	21	107.83
9021	295	3	31.42
102	3248	6	12.67
599	546	3	18.45
12	220	69	26.88
1142	1958	3	29.32
2427	105	5	15.92
3447	106	8	40.32
46090	14	3	16.55
1844	14	40	103.54
12	4105	8	11.29
103	2926	39	310.22
103	805	25	94.93
3668	1141	3	33.09
104	541	8	10.75
12	5683	6	8.72
893	7	5	7.55
175	116	8	8.56
12	17404	3	7.32
1736	1744	7	85.46
12	19126	3	8.09
12536	101	3	9.37
555	820	4	29.16
304	5433	4	40.34
935	176	9	59.61
4606	369	5	52.82
271	335	9	54.08
12	18767	4	12.38
577	546	5	35.56
35	37590	4	48.05
33034	16	5	60.13
24960	122	5	59.82
12	1374	11	3.84
104	774	5	5.76
157	213	3	4.42
946	1481	4	37.81
42427	149	3	41.52
15	1105	68	1067.56
22044	14	6	27.48
44897	40894	3	80.18
233	357	4	16.88
102	12530	5	23.13
344	1217	4	28.93
1789	137	4	21.51
770	761	4	31.25
1693	263	3	20.26
1303	14304	3	42.73
140	127	10	15.34
18739	184	3	32.75
5726	12	6	8.72
12734	14	6	16.07
1934	2	3	4.57
914	102	17	29.42
368	374	5	28.47
10404	14	15	75.39
2413	378	3	24.73
12	14860	3	6.09
777	2472	3	28.66
40371	14	3	12.18
332	107	20	51.75
8069	2792	3	43.63
101	8801	3	7.11
496	428	16	140.31
830	690	7	62.05
607	160	8	42.18
707	211	3	13.61
572	1958	4	36.5
17225	12	5	18.34
570	1186	5	42.52
133	4661	7	59.1
22256	294	3	38.42
57	3161	3	11.86
192	11	6	39.96
258	3362	4	34.73
875	8468	3	36.87
141	7603	4	33.93
47164	14	3	16.55
4997	128	3	19.61
647	154	9	49.29
296	102	28	26.25
4224	106	4	16.13
2990	210	8	75.18
432	1020	10	91.4
15038	196	4	45.24
7045	679	3	34.34
29205	3369	5	103.51
5438	109	4	20.52
141	972	4	17.11
258	423	4	18.86
226	1128	4	24.56
57	477	12	37.58
1019	6936	15	242.63
108	50366	3	32.54
109	574	4	4.52
17889	7612	6	123.8
838	127	3	9.21
111	2558	3	10.84
25854	14	3	8.62
33266	3723	3	58
15865	12	5	16.94
113	4863	3	15.34
2127	101	10	19.84
46822	327	3	48.44
110	1503	4	11.55
194	232	5	16.26
7829	6954	4	68.52
40582	14	4	22.06
850	8531	3	36.74
10645	2168	6	97.89
9655	12	10	38.27
3767	896	4	44.99
463	500	3	16.58
1340	21839	3	46.86
11521	7	4	24.54
3118	106	7	31.91
111	1595	4	13
203	1191	8	58.8
265	16	11	26
19143	7185	3	56.28
101	6886	3	5.6
790	5394	4	47.23
351	129	6	17.83
12	2268	9	6.37
278	1632	3	20.43
7982	14	18	82.45
17971	12	3	7.32
2464	958	4	42.01
3111	12	8	7.74
689	173	3	11.68
23835	12	4	14.98
408	11021	12	184.47
635	2	12	24.52
101	1036	9	6.06
103	1775	20	98.73
1021	791	3	23.31
101	4218	4	6.21
8156	56	3	55.23
102	2175	8	15.58
104	2827	8	34.38
1176	140	3	12.01
158	142	5	5.73
183	176	10	35.78
115	849	3	6.38
3341	265	4	34.78
360	438	4	21.86
553	101	16	10.84
10042	177	4	39.73
33007	14	3	10.08
628	1986	4	37.26
1563	102	6	5.63
2590	12	10	10.25
382	351	3	13.91
2	469	9	10.22
648	3038	3	28.96
12638	14	4	7.19
138	2837	6	43.05
12	14710	4	10.52
4312	17406	3	52.07
12	10996	3	4.36
2028	1832	4	45.83
53608	14	3	16.55
5849	352	3	29.72
160	122	19	54.9
134	2832	4	25.1
3802	109	6	31.2
15700	12	3	6.66
4793	103	5	20.58
289	367	19	149.75
110	7647	4	24.57
8302	578	3	34.72
892	171	8	49.11
149	9632	3	25.7
4494	128	3	18.92
161	548	3	9.57
3390	608	4	41.34
227	654	14	107.87
830	551	4	29.25
102	29600	5	40.16
8835	6319	4	68.39
138	200	5	8.73
199	1	6	10.42
101	12018	3	8.91
32030	14	4	17.19
4520	1098	27	456.51
2927	334	3	25.16
2507	475	43	642.47
878	338	3	17.95
528	2290	3	26.12
26164	14	6	33.09
111	423	5	7.38
613	16	6	16.27
3508	109	8	45.37
105	5446	4	17.3
173	38350	3	39.01
835	2714	6	67.85
21262	436	3	40.52
108	2281	3	8.14
3321	104	4	12.84
292	3329	6	58.79
3472	12	9	11.77
41650	28	3	45.77
2752	159	5	36.32
2602	262	5	43.2
1038	157	4	19.06
4137	961	3	32.84
429	14	244	911.17
102	1023	7	3.98
284	3461	3	25.12
2645	1681	3	33.61
1761	14006	3	44.55
183	615	6	31.52
42079	115	3	36.54
123	669	6	22.73
35	20465	8	96.11
127	3589	7	53.39
19279	2248	4	68.5
7096	134	4	32.65
2308	8752	3	43.16
144	51852	3	41.18
440	12719	6	82.3
3008	249	8	78.59
460	189	3	10.35
5979	6773	3	47.26
116	663	5	13.4
12	8178	8	22.76
12	5810	5	6.02
529	12123	3	36.49
3002	12	7	5.08
102	1649	5	3.85
629	1136	4	32.53
4524	8303	3	46.95
102	4158	4	7.26
3139	404	4	37.85
2825	109	4	15.34
6821	101	7	24.76
27038	114	4	40.09
969	7338	3	36.59
1137	867	5	45.74
7462	200	3	27.37
206	120	10	23.74
1230	122	13	84.05
12127	157	4	39.61
13592	14	9	36.54
2521	5124	3	40.17
188	155	16	64.91
127	735	4	13.53
2198	133	3	15.47
12782	3595	3	48.32
102	3301	4	5.79
157	251	3	5.33
12	1572	12	7.03
103	453	87	465.77
1027	103	11	28.96
123	4815	3	18.79
4980	150	3	21.29
12202	19337	3	59.54
554	231	3	13.07
102	22040	4	22.67
23955	14	4	12.9
1415	111	5	17.25
20154	1594	3	46.85
6274	210	4	37.88
308	2940	5	46.43
12	17317	3	7.32
686	103	11	21.77
2735	14	48	203.27
103	6309	3	10.83
112	8791	3	18.53
1560	994	3	27.21
1529	1113	6	63.86
1686	12	21	32.7
663	1270	3	23.7
1597	4919	3	37.14
101	1905	8	11.32
9577	101	3	7.75
693	847	58	792.12
277	201	3	8.29
725	719	14	141.97
3378	116	3	14.2
4539	14	11	19.05
484	57	6	11.47
2711	283	6	55.95
5093	9122	4	67.16
11210	427	3	34.97
12	2529	8	5.48
103	3460	5	17.21
794	204	7	44.27
1268	352	13	127.73
18082	14	9	49.64
4096	250	7	71.09
103	23464	3	19.8
1203	12	14	6.2
1836	4157	7	98.89
2254	107	6	22.54
17	888	3	7.7
4329	14	18	48.2
12060	12	3	4.72
119	4481	14	127.43
485	572	5	34.44
4515	107	4	17.21
19061	43408	3	74.09
8	14661	3	22.73
218	223	3	7.51
127	4749	3	19.22
8	2241	4	16.69
5546	14	20	71.43
17888	407	7	106.66
672	380	6	42.63
28622	17	3	31.08
22852	4684	3	54.46
6544	12	5	6.93
25857	12	3	10.16
128	1625	16	123.76
13330	12	3	5.58
57	1719	4	13.38
108	3468	5	22.34
831	111	10	37.78
2959	116	3	13.53
1012	104	6	10.81
561	239	4	20.06
1391	1315	4	40.01
5067	2863	3	40.77
58	6692	7	51.67
328	111	14	39.46
236	124	7	16.41
841	1615	5	49.38
3295	911	3	31.22
101	16039	5	24.65
8109	106	3	14.28
2651	791	3	29.18
323	494	3	14.54
192	681	3	12.54
137	1907	3	14.88
1189	378	3	20.32
58	5049	5	29.79
113	5544	3	16.09
7081	12	4	4.6
497	246	3	12.83
500	650	3	18.38
941	625	17	183.55
49160	14	3	16.55
219	139	22	104.1
2359	102	6	9.43
188	629	13	89.44
183	1748	3	17.58
1241	2244	4	43.46
118	17805	6	62.81
10766	3897	3	47.76
25081	12	3	10.16
3399	101	6	11.19
119	52980	3	37.99
101	19747	3	12.61
6095	10622	4	69.64
2797	372	4	36.36
4234	102	14	61.6
5186	690	4	45.68
1382	12	11	3.93
6522	1828	4	55.46
104	3950	3	8.96
104	1825	4	8.59
247	2993	8	78.46
668	1321	21	254.35
101	5065	4	7.32
414	2157	3	24.53
12	4925	5	4.78
12	7049	5	7.62
316	248	4	16.38
102	3017	8	20.07
543	902	3	20.57
513	118	21	107.44
417	242	3	11.98
1312	14015	4	59.79
270	337	3	11.61
4747	14	31	142.64
17781	14	8	37.98
583	912	5	40.26
1511	113	3	8.64
425	3183	3	26.93
1912	109	4	12.37
404	9248	4	47.28
3978	102	9	29.4
8354	101	3	6.82
8198	149	6	58.65
2057	265	3	21.48
1284	600	3	23.3
838	105	6	9.79
3605	157	5	38.65
10028	490	5	63.85
8336	883	4	51.79
342	53796	3	48.81
109	539	7	13.29
1149	126	3	10.69
106	1643	8	28.42
5073	3727	3	42.53
886	575	12	117.52
668	15280	4	55.36
5759	107	3	12.64
648	946	5	41.61
12	14451	4	10.52
647	806	7	60.94
293	12	100	143.35
296	747	3	16.5
1010	3424	3	32.05
372	105	8	7.87
48182	14	3	16.55
1255	7297	5	69.24
11253	12	3	4.36
4793	365	3	28.72
108	1553	4	10.1
473	642	4	26.46
173	23667	3	33.95
37060	14	4	22.06
21466	19496	3	64.53
4906	12317	3	50.34
673	3534	3	29.92
560	221	3	12.69
2026	489	3	24.95
114	622	10	35.98
8	226	10	17.69
21946	5289	6	124.41
12	7987	7	17.08
40745	14	4	22.06
577	206	3	12.51
102	4697	14	65.13
19650	14	5	17.39
9738	12	4	6.98
104	2842	4	11.74
1781	101	6	5.19
103	2594	3	5.93
39232	245	3	42.03
32533	14	4	17.19
3489	1901	12	181.65
2499	406	3	25.29
819	135	3	9.91
145	2075	17	150.91
178	154	218	2040.54
16	16	23	15.57
1054	24428	4	65.5
6852	14	19	78.03
34771	30134	4	105.6
1568	1317	3	28.98
12	20949	3	8.09
19897	14	7	32.71
364	1904	8	77.74
102	830	26	60.61
101	1693	9	12.57
1652	1221	3	28.78
827	145	42	372.42
5806	12	5	6.02
102	1135	8	6.88
599	206	7	41.22
10595	163	3	27.15
653	9	4	7.59
180	309	3	8.07
1261	2982	4	45.88
5737	2307	5	73.04
1229	4183	3	34.36
425	102	18	14.02
362	799	6	44.14
998	163	3	12.71
1294	101	12	17.2
3911	363	12	145.9
145	398	4	11.33
150	1749	5	30.1
717	1	3	8.44
5592	12	8	15.87
5013	128	3	19.61
2556	313	25	315.44
103	1854	47	335.3
12	671	35	32.19
102	11781	3	9.95
811	1942	3	27.37
101	13199	4	14.98
329	170	3	7.54
2659	111	3	11.02
11404	241	9	119.33
379	549	27	266.69
2512	619	3	27.51
10290	6517	4	70.28
109	1978	4	12.54
106	1059	6	13.05
114	20105	3	25.23
14194	14	3	4.23
106	2640	4	12.47
28174	12	3	11.65
11670	16	3	21.58
107	400	7	7.94
1661	733	4	36.91
345	1352	3	20.71
280	27307	3	39.21
1427	107	9	32.5
54385	14639	3	71.79
1049	208	3	15.61
24537	12	3	10.16
58	6100	6	40.65
10945	1352	3	41.46
14113	14	12	66.19
4621	12	5	4.17
748	101	20	28.53
2815	17364	3	49.5
1156	1290	4	38.12
102	15343	6	33.21
20955	14	3	6.62
4137	644	3	30.72
1963	107	5	15.57
14625	12	5	15.74
105	1454	3	4.14
5813	106	4	18.74
24364	113	3	27.35
4249	5464	3	43.66
892	1262	6	59.08
1588	9	5	19.32
31523	14	3	10.08
2138	111	4	15.36
1153	1688	3	28.44
5431	489	5	57.07
166	2140	3	17.51
3993	43986	3	63.06
572	18152	3	40.08
142	584	3	8.67
112	862	3	5.16
790	1458	5	47.76
153	145	9	18.29
46850	14	3	16.55
5394	12	20	82
103	2092	3	4.95
102	53606	3	24.09
574	102	12	7.26
113	9160	18	213.97
1227	796	3	24.52
102	23053	3	14.68
23383	12	3	9.02
24900	35064	3	71.86
101	19919	5	27.84
118	2990	7	44.64
510	150	5	18.53
12943	102	5	23.13
52097	14	3	16.55
12	2591	10	10.25
101	2195	6	7.17
4001	21758	5	96.98
1680	2712	4	47.36
221	398	3	11.1
6069	175	6	58.11
577	648	5	37.22
102	4246	4	7.43
32426	14	3	10.08
700	4125	3	31.15
1057	5613	3	35.34
104	420	14	26.85
13	1091	5	29.46
3945	31380	3	56.19
585	1114	3	22.19
115	283	4	4.04
9671	12	4	6.98
936	423	3	19.55
123	2270	3	14.35
214	21	52	246.08
2111	101	5	4.36
575	1206	3	22.59
1734	551	4	35.17
526	4583	3	30.19
679	137	5	19.91
466	584	3	17.54
3151	105	4	12.91
12483	101	3	9.37
565	17266	7	110.56
129	413	44	317.32
8598	12	4	6.17
106	1122	5	9.8
57	1031	9	35.03
14508	12	7	28.41
410	725	5	35.18
2861	10009	10	181.82
12	27169	3	10.16
25285	14	5	22.3
2875	625	11	134.72
110	412	15	46.94
1424	157	4	21.6
1104	1306	3	26.64
6692	2792	4	59.23
12	11383	3	4.36
12314	9	4	31.18
261	493	25	217.49
1993	490	3	24.8
668	9966	8	116.19
7145	58	3	16.84
9030	180	6	65
24339	12	4	16.81
2818	113	50	544.43
9690	159	3	26.67
107	2583	4	12.79
322	1521	3	20.88
4186	315	4	38.14
1247	4643	7	95.3
3746	331	3	26.57
1597	10232	10	170.96
12	10732	3	4.03
7524	14	20	97.17
615	126	4	12.22
4861	959	4	47.55
7823	13965	3	53.96
8	1177	11	53.31
4292	178	4	32.37
4093	10221	8	147.03
262	146	18	87.69
2094	6854	4	56.96
12	9750	4	6.98
102	10608	7	34.62
7287	12	5	8
222	925	3	15.37
797	290	5	32.78
6229	196	5	48.72
105	1172	5	9.11
673	207	4	19.87
404	22549	3	40.19
12246	12	7	23.72
1131	17202	7	119.42
5250	35146	3	60.27
129	444	4	10.33
7714	12	5	8.41
9	1005	3	6.19
1793	244	18	187.7
1288	1472	8	92.09
12580	3501	4	67.02
136	905	6	28.99
1632	3644	4	49.5
11741	12	3	4.72
2882	14	46	196.17
110	6089	4	22.51
8201	12	7	17.82
5503	13872	5	92.33
256	242	3	9.21
610	1932	3	25.89
162	118	7	5.28
7	2880	35	282.77
108	1236	3	4.9
1216	111	4	10.92
106	511	6	6.64
2579	4741	3	39.71
29378	184	4	53.93
1761	2540	3	33.64
1420	6979	16	273.83
976	139	4	16.95
559	902	3	20.71
58	5858	3	15.67
1209	2598	3	31.38
104	3755	11	61.14
12	133	197	117.47
115	1643	3	9.92
118	788	89	819.3
10431	109	3	17.77
12919	115	7	67.35
3999	758	3	31.51
12	23820	3	9.02
524	202	5	24.4
379	12426	3	35.35
17	935	3	7.94
117	161	7	4.68
102	1743	10	19.29
101	816	10	5.36
29574	14	5	27.58
545	3644	3	28.9
10898	12	4	7.94
353	570	20	183.62
384	104	51	216.13
1401	103	8	21.18
103	2335	12	53.6
1111	1807	14	179.93
8857	101	3	7.11
10910	104	3	15.35
149	6910	4	33.78
1067	156	7	41.33
20307	12	3	8.09
9765	2704	5	80.66
206	1756	34	389.78
305	979	5	35.2
3917	1062	3	33.12
146	1143	8	47.74
1888	409	7	67.48
12	1836	9	3.94
102	1096	16	30.43
37411	297	3	43.5
155	267	8	29.35
793	7540	3	35.77
6546	425	13	180.82
512	3204	3	27.82
12	7383	4	4.87
313	10222	10	139.71
2062	575	5	48.62
27229	712	3	44.36
101	9163	4	12.18
138	700	15	93.58
2097	2631	4	49.02
23939	14	4	12.9
105	981	6	11.25
107	361	6	4.75
605	800	4	29.76
377	4687	5	53.29
106	2470	4	12.01
105	2718	4	11.86
111	17220	3	23.35
108	1817	5	16.16
501	6219	3	31.92
225	164	23	126.1
7	7025	3	13.04
13507	18744	6	132.94
1557	466	4	33.08
141	4027	3	19.53
23798	14	4	12.9
805	662	3	21.06
2150	1816	6	74.54
1730	109	6	21.94
3080	14	51	253.18
4106	101	4	6.05
400	204	3	10.51
12	13407	4	9.76
35183	184	3	39.7
12	15901	4	11.38
977	128	4	15.54
5098	127	5	38.31
1933	199	3	18.85
105	1627	10	37.54
106	1380	3	4.48
15628	162	4	42.33
924	547	15	153.17
24867	12	3	10.16
2998	1	5	32.8
12905	106	3	17.37
4918	5405	3	44.67
986	1888	4	40.17
258	4829	3	26.47
1907	113	6	28.07
1520	3280	3	34.34
2019	13614	5	82.06
1488	105	12	47.18
19115	12	3	8.09
15949	19061	3	61.87
56	8603	3	55.89
9695	116	3	20.91
167	103	116	390.65
172	9460	3	27.25
12	7685	5	8.41
219	3152	14	151.51
183	979	4	21.15
29218	14	4	17.19
3554	14	33	124.37
3663	21654	3	52.94
2222	474	4	36.28
12	18649	3	7.32
119	1391	11	66.2
53844	12	3	18.18
396	389	5	29.62
123	180	6	8.06
3578	5091	4	58.87
102	532	13	7.82
101	3364	7	15.01
23466	14	7	38.61
867	729	6	52.3
102	4720	3	4.64
187	2395	4	28.37
102	3794	7	18.7
27494	14	6	33.09
388	588	3	16.74
18113	255	4	50.11
10593	12	4	7.44
6048	14	25	119.22
1018	15914	7	115.47
1036	109	4	7.87
102	20833	4	21.18
27409	14	5	22.3
427	904	3	19.38
726	34219	3	48.29
340	113	4	4.27
6914	12	6	11.16
20571	265	4	51.7
653	147	6	26.6
2847	13905	5	85.47
575	2442	19	247.25
220	4737	14	165.49
2870	4262	4	55.49
10550	12	4	7.44
101	4952	5	11.17
2	5371	3	9.87
12	4813	5	4.57
35628	14	4	22.06
37893	14	4	22.06
14374	2363	3	47.02
49934	14	3	16.55
7846	4502	3	46.63
12	23101	3	9.02
1476	221	3	18.11
9017	102	3	8.1
1508	104	4	7.23
2529	14	22	43.09
3553	101	4	5.03
492	103	7	5.74
16	2911	3	12.84
756	126	5	19.18
14180	1556	4	61.11
181	3384	16	171.95
220	5523	7	73.63
2	6732	7	39.1
12	4093	8	10.96
693	652	5	38.8
4341	102	12	49.22
7404	12	4	4.87
1179	105	26	130.4
12	1386	11	3.93
101	1255	21	49.45
3128	995	4	44.24
668	6984	3	34.24
1536	105	7	20.69
1031	290	6	44.29
726	24606	4	62.76
209	683	3	13.38
1063	146	12	79.96
997	183	3	14.24
27589	3027	3	53.07
529	8467	12	177.59
247	128	9	26.78
283	118	6	10.71
12	2677	7	4.02
2	3173	8	33.96
2	1579	4	6.54
1115	1809	3	28.72
12	1087	14	4.62
30286	14	4	17.19
35	40446	4	48.05
104	5373	4	16.52
1436	2236	3	31.67
1057	182	10	72.31
12	6922	4	4.6
12	2476	13	18.21
248	817	3	15.57
12	231	61	20.85
4848	14	7	7.25
2198	289	3	22.66
18937	12	5	18.34
2017	12	9	4.9
3044	102	4	5.31
17	236	7	13.05
566	703	4	28.28
5041	101	3	4.04
105	611	7	10.01
1691	103	3	3.87
135	466	4	11.66
5015	11133	3	49.37
445	10300	11	164.25
12	12387	3	5.13
5852	14	12	29.08
4831	101	3	3.91
2127	2157	3	33.9
1386	1409	3	28.63
9508	102	5	19.36
22764	102	3	14.68
14412	5191	3	51.68
131	598	3	7.87
5848	102	5	14.37
192	750	3	13.12
13362	12	4	9.76
170	188	7	19.42
40501	12	3	13.78
9	889	13	59.77
4803	152	3	21.33
559	4119	3	29.87
8	5223	4	23.47
942	124	15	95.08
8161	153	4	36.07
102	8355	4	12.69
811	961	3	23.04
328	306	62	638.18
5247	276	3	27.48
834	736	4	31.42
258	2460	3	22.38
10097	14	13	53.68
1771	917	7	76.34
6524	8092	3	48.86
119	128	57	214.68
5913	15135	7	139.24
1062	313	9	75.58
2467	372	10	107.69
2195	1682	4	45.79
1812	2989	4	48.88
104	4129	3	9.24
725	1479	5	47.1
11757	12	7	23.72
1944	141	13	105.11
32429	1004	3	47.85
102	5304	9	35.1
7485	15858	4	76.28
102	2113	6	8.5
14761	14	7	24.71
2113	1185	3	30.1
3046	428	3	26.73
2081	352	3	23.45
110	9927	9	78.51
211	1692	4	27.12
1200	111	3	6.54
146	126	12	22.29
242	149	12	48.07
204	30509	3	38.38
165	14819	4	42.56
211	275	4	13.61
9668	165	4	38.44
101	1527	8	8.41
13197	196	3	30.7
126	1144	12	75.45
629	158	3	10.12
12	1954	24	50.34
12	3819	9	13.43
311	2082	3	22.67
49192	14	3	16.55
2046	113	5	22.29
42623	53817	3	84.68
169	10693	9	107.21
4238	107	4	16.58
1133	2299	5	55.81
3367	101	15	55.34
1327	104	23	113.58
1373	24152	4	67.82
11200	1098	3	40.02
108	10602	3	17.22
2947	247	6	54.93
2471	562	7	74.89
19443	1014	5	80.5
107	1962	4	10.79
110	2424	3	9.76
12	14370	3	6.09
23124	14	7	38.61
408	36308	4	66.4
3437	14	44	211.07
498	295	5	28.73
27122	14	3	8.62
4783	12483	9	178.3
18947	126	3	28.22
506	1014	3	20.77
1051	1738	3	28.12
114	36098	3	31.3
15596	14	7	24.71
953	169	3	12.88
3504	372	5	50.11
29375	14	4	17.19
194	199	9	35.09
105	156	22	16.88
3655	122	23	236.53
12	8724	4	6.17
462	229	3	12.17
124	8686	3	22.96
1994	4754	17	286.45
500	5871	3	31.45
534	40358	4	68.14
198	866	9	61.8
201	494	3	11.32
12422	3201	5	85.58
112	7308	6	43.72
3194	813	3	30.36
196	111	15	27.85
289	287	3	11.19
6189	107	3	13.08
1873	103	3	4.37
109	377	5	4.62
57	657	6	14.29
3709	104	3	8.58
128	3052	5	33
15530	12	3	6.09
469	457	3	16.28
536	247	19	154.54
684	4125	11	145.1
3713	12	8	9.75
677	761	3	20.93
498	338	5	29.92
7173	276	4	41.93
110	19723	5	46.08
330	1337	4	29.41
5276	115	10	82.17
8	1588	5	19.63
1008	5318	4	48.69
616	107	5	5.97
3568	2307	4	52.35
181	10096	4	40.07
375	812	4	26.51
143	11793	5	50.35
472	238	4	18.87
107	5428	3	12.24
110	286	27	96.38
23184	958	3	44.74
285	127	18	83.22
290	2027	3	22.13
7502	576	5	62.46
44393	41648	3	84.68
320	2329	4	33.71
834	1461	3	25.78
106	2581	8	35.61
605	3046	4	40.49
3627	12	8	9.47
372	319	4	19.81
1406	10647	3	41.23
230	643	4	20.78
2211	561	21	272.65
6430	192	4	37.02
20054	14	8	44.13
844	901	3	22.98
198	5139	3	24.69
16065	12	3	6.66
605	374	5	32.78
11159	14	10	36.72
129	1668	4	19.84
444	4237	6	66.51
227	1051	3	16.34
3864	806	3	31.48
10409	163	4	38.79
31873	14	5	27.58
379	2290	3	24.48
118	189	114	725.46
33793	20577	3	69.59
5121	111	3	14.85
12	843	35	43.87
45828	14	3	16.55
101	2820	6	9.48
12	6382	6	10.26
11985	14	9	32.05
102	6021	3	5.94
12	484	154	503.39
848	19519	3	43.06
103	1404	4	5.81
42561	12	3	18.18
823	155	3	11.36
280	1557	15	150.99
1617	2392	39	667.95
1035	704	7	65.2
30895	14	4	17.19
12323	676	3	38.36
2918	3081	5	68.63
7035	101	4	9.89
10269	28362	5	116.14
12	19391	3	8.09
692	1358	19	228.64
8646	12	5	9.79
104	6877	3	12.14
121	4991	3	18.33
103	1070	5	6.74
102	682	84	370.61
629	190	4	18.18
101	3982	5	9.05
62	132	13	91.33
102	385	97	353.57
12	1112	15	6.43
12	3609	8	9.47
103	2494	6	19.13
35	35339	4	48.05
102	7112	4	11.23
103	5000	4	14.89
4955	109	7	42.91
585	7404	3	33.86
6376	1171	3	36.8
2114	102	19	68.15
133	11378	12	147.03
3939	214	3	23.84
969	403	3	19.54
6277	11684	6	113.31
407	192	4	15.52
192	3545	3	22.09
195	2430	3	20.08
256	110	23	69.34
226	13	5	15.15
461	14	215	761.09
1091	13467	3	41.53
127	14532	3	26.91
54095	14	3	16.55
140	1511	25	223.68
39284	184	3	39.7
948	1062	4	35
5001	1452	3	36.54
333	42855	3	48.62
5305	109	3	13.43
11318	102	3	9.52
1246	101	13	19.37
106	398	11	19.24
706	3645	3	30.35
257	374	3	11.86
149	13256	3	28.04
57	2569	3	10.67
6126	12	9	21.27
114	1682	5	20.44
4703	2877	3	40.41
8199	101	3	6.82
15647	12	3	6.09
1998	2	6	16.78
15968	3323	3	49.64
9	864	5	13.6
32592	14	4	17.19
44721	122	3	39.13
1396	2712	3	32.6
23015	109	3	23.58
15732	12	5	16.94
110	2972	4	16.85
105	3763	3	9.08
165	533	5	20.83
191	122	11	26.94
106	1284	3	4.14
10904	1548	3	42.25
2918	147	3	17.89
1443	1044	3	26.97
25663	14	5	22.3
103	4699	5	20.3
127	7655	4	32.23
1780	14	67	260.39
18628	14	9	49.64
183	507	4	16.42
52771	14	3	16.55
103	2933	5	15.74
24356	119	4	43.03
4782	12	5	4.57
153	3346	6	47.48
155	125	15	37.77
127	1287	4	17.65
120	58	22	19.07
238	21114	6	83.78
12	34723	3	13.78
109	14965	3	20.28
1772	107	5	14.52
359	359	6	35.53
21399	122	3	29.58
1889	178	5	34.64
36061	29485	4	105.6
4302	6224	3	44.53
17	269	5	7.78
148	1978	3	15.61
31097	14	4	17.19
7338	14	15	54.06
156	3812	4	29.39
12	274	125	206.62
104	1873	3	5.09
16141	106	3	19.16
1565	429	3	22.68
4577	104	3	9.82
2251	7504	10	169.54
102	20736	4	21.18
20186	101	4	19.72
182	356	5	19.76
1078	10375	12	202.51
275	101	49	65.59
166	112	9	6.01
110	817	5	11.1
23657	14	4	12.9
10111	5076	5	87.35
528	4784	9	113.4
1188	113	8	34.11
298	279	3	11.19
204	489	20	151.61
5189	14	25	102.39
224	242	3	8.26
570	2919	15	192.54
317	7848	5	57.47
23493	1171	5	84.01
508	728	4	27.67
290	103	16	21.23
1362	109	3	5.91
8816	171	3	26.53
5274	7956	3	47.54
6271	106	6	34.24
1796	698	15	181.51
19254	12	4	13.55
2756	16	3	12.44
230	6490	4	39.27
29946	14	3	10.08
18398	297	3	36.55
102	11446	4	15.13
35994	14	3	12.18
5215	101	3	4.19
3365	189	4	31.18
683	112	9	29.78
12	15136	4	10.52
670	728	3	20.53
2143	227	6	50.09
13201	193	6	71.28
267	33073	4	62.94
25422	111	4	38.74
673	3392	27	404.92
23605	14	3	7.51
5661	14	20	73.44
181	6873	6	60.38
16119	102	3	12.13
337	104	17	32.48
275	180	3	7.32
3526	6369	5	78.07
12	6674	4	4.34
574	315	4	22.69
661	736	4	29.76
101	3112	11	31.55
188	300	19	119.96
600	124	3	7.34
3344	107	4	14.66
13164	141	3	27.04
792	1586	4	37.03
12	6907	5	7.62
449	764	3	18.81
352	104	9	8.88
7062	111	3	16.82
575	352	5	31.81
1166	2328	22	321.31
1807	458	11	117.59
273	147	7	22.21
16284	14	7	26.79
1324	106	3	4.33
17335	799	3	41.89
488	267	6	34.99
2859	7	4	12.69
228	13929	7	91.45
5951	31104	3	58.88
22619	14	7	38.61
118	49315	3	37.13
12	20613	4	13.55
277	292	3	10.92
867	12	17	5.41
2394	682	3	27.7
2904	2	3	6.66
513	488	17	156.01
27276	14	6	33.09
28	41071	4	61.04
102	5160	3	5.08
101	1333	13	21.04
102	2526	4	4.2
103	2130	5	12.8
935	147	7	37.51
2634	42082	3	60.46
211	594	5	26.22
1219	12	18	13.93
2994	127	3	16.53
138	552	5	18.21
174	572	3	10.78
18066	14	5	15.74
2095	3176	3	36.12
112	5840	7	49.77
24089	117	3	28.42
38009	14	3	12.18
173	871	3	12.87
49918	14	3	16.55
832	112	3	5.04
1425	4284	8	111.58
802	210	6	36.73
108	1485	16	82.29
196	183	6	17.88
348	201	4	15.11
736	313	15	131.8
12	29346	3	11.65
643	1260	3	23.54
7985	175	4	37.68
103	8414	7	42.67
111	4197	3	13.69
2727	107	11	59.06
263	128	5	10.35
4504	10044	3	48.01
12	13594	4	9.76
839	629	9	83.22
973	1828	3	28.08
366	114	19	74.92
9539	2957	3	45.44
1039	106	13	46.62
8102	12	10	32.64
3218	10950	4	64.84
3705	1721	3	35.74
1924	12417	3	44.6
9568	107	3	15.97
361	7366	3	31.31
12	34224	4	24.25
1743	106	4	9.49
2436	7264	3	42.28
14506	8737	4	76.62
15139	31667	3	65.06
357	119	7	18.9
1002	194	7	46.15
102	2316	8	16.35
12	1198	34	60.47
102	455	32	55.94
12782	175	4	42.07
1437	547	5	44.13
104	4943	3	10.31
284	8020	8	99.27
516	650	20	201.48
34271	53853	3	80.18
102	6307	3	6.13
103	2713	3	6.17
12	3900	7	7.53
12	1907	10	6.17
313	2965	4	35.51
155	414	4	12.77
10225	11617	3	54.69
358	2932	4	36.47
150	1088	3	12.14
6249	111	3	16.08
1292	153	15	117.81
8	28985	3	28.86
11781	265	3	32.55
3075	2491	3	36.9
5566	102	5	13.71
2116	334	3	23.25
118	4395	3	16.12
3511	3105	3	39.06
12	550	35	23.78
152	104	1063	9235.93
2199	101	6	7.17
2162	528	4	36.75
255	45680	3	46.85
12	765	26	18.22
1530	4438	3	36.16
8982	101	3	7.11
8470	413	6	75.31
1352	9194	10	164.09
5076	1235	8	112.71
243	2195	4	30.83
1262	101	9	8.53
40210	14	4	22.06
7680	101	5	15.46
740	11375	4	53.18
2	2370	17	89.51
3285	12	7	5.99
12	1884	10	6.02
1091	9	4	10.81
101	5479	3	4.49
7	27470	4	33.56
928	1585	4	38.2
2147	10071	3	43.48
102	4878	3	4.78
356	758	4	25.74
111	9239	3	18.65
15276	177	4	43.85
103	294	12	11.34
17	10	4	14.69
2317	2580	3	35.43
2317	106	3	7.11
3341	105	3	8.38
360	1194	4	29.1
5204	8786	3	48
521	901	7	59.49
208	779	8	53.15
305	1200	7	56.7
992	1532	3	27
101	4326	14	57.41
414	654	8	62.53
962	102	43	155.06
134	45210	3	40.67
2805	475	3	26.74
1728	15101	3	45.02
1201	17486	3	44.14
277	3558	3	24.97
103	3299	8	34.48
1844	2011	17	249.47
3794	104	5	19.47
10764	2086	3	44.16
1146	17	5	19.76
152	1	8	11.11
102	1319	11	17.88
404	13721	4	51.07
12	4783	6	7.17
101	5178	4	7.53
103	8017	4	18.88
10243	21537	6	134.12
926	107	6	12.39
13589	2	3	15.99
547	2814	4	39.07
115	2075	8	45.76
7844	184	19	267.03
522	538	14	125.56
6837	101	3	5.6
223	1870	4	28.56
105	951	5	7.59
18855	14	8	37.98
7566	813	3	35.88
405	413	7	47.03
296	21656	4	54.45
8304	12	6	13.32
42366	12	3	18.18
2848	3463	3	38.5
31602	14	5	27.58
4929	267	6	62.76
27256	193	3	36.28
1480	1065	4	38.63
7171	195	3	26.89
39735	14	3	12.18
20987	14	7	32.71
8	5070	4	23.22
113	487	39	227.31
32625	184	3	37.47
1161	1682	3	28.42
101	14993	3	10.44
1999	5618	4	54.98
1119	16	3	7.28
193	1245	7	49.19
35	11212	15	180.24
110	4268	3	12.93
373	796	3	18.09
9206	2632	7	117.47
133	1751	8	53.14
2172	264	9	86.11
24234	109	6	66.23
28206	12	5	30.31
3671	35	46	553.12
1307	3007	3	32.84
102	8856	3	8.1
2476	575	7	75.61
31004	14	5	27.58
681	6083	7	91.01
743	1119	8	78.63
404	5142	3	29.66
9	390	4	4.79
142	668	4	14.5
12	14280	3	5.58
32892	14	5	27.58
31081	14	5	27.58
638	58	6	14.43
2687	113	3	11.94
108	1013	3	3.93
826	25855	3	45.18
222	6420	3	27.21
4054	128	3	18.31
411	743	4	26.57
533	2368	18	227.59
8811	104	3	13.84
4132	12	7	8.32
2083	2	8	27.33
41144	2879	3	61.06
12	17732	4	12.38
12769	14	11	49.77
509	2304	6	60.42
104	5431	3	10.86
101	405	20	12.75
12	50279	3	18.18
508	25282	3	42.48
104	1117	5	8.23
12	1034	16	6.77
189	610	3	11.79
636	102	37	94.78
383	5203	3	29.34
103	3886	4	12.87
153	6895	5	45.55
927	297	27	280.91
136	8461	6	57.14
5316	111	5	30.39
2665	968	10	126.51
117	253	14	40.38
847	6177	3	34.78
820	154	11	69.19
16993	12	5	16.94
336	723	3	16.92
115	6506	4	26.49
1141	101	15	23.29
12	51370	3	18.18
20038	14	6	24.36
101	3412	4	4.9
102	2545	8	17.61
53893	14	3	16.55
1598	7	7	21.89
102	5183	7	23.06
17452	12	6	25.21
12	5613	5	5.75
542	102	45	118.29
6444	102	12	61
221	1878	3	19.59
22297	14	4	12.9
133	7911	3	23.31
30879	14	4	17.19
57	5094	4	21.94
4053	4951	3	42.77
110	479	24	102.78
107	4167	3	10.59
112	2193	16	109.37
748	593	3	20.21
839	155	3	11.44
101	16182	3	11.07
9	101	182	77.48
1102	6225	12	183.89
678	704	12	115.76
136	1397	6	34.15
7449	102	3	7.01
5476	106	7	40.19
531	1724	3	24.33
7445	14	23	126.86
39402	14	4	22.06
107	1440	5	12.61
30157	12	3	11.65
982	325	8	64.63
43042	12	3	18.18
322	5588	3	28.86
3127	12	35	144
670	4478	8	100.59
231	725	6	37.21
102	13913	4	17.14
1664	476	3	23.63
58	1760	5	19.37
39921	14	4	22.06
52826	117	3	36.72
1105	101	8	4.79
50812	114	3	35.79
300	8094	3	30.85
633	11133	3	37.1
9175	18133	3	57
32933	122	5	65.23
1400	163	3	14.7
32015	12511	3	63.9
1910	224	3	19.82
14411	553	3	38.41
2066	1675	4	45.26
106	413	15	35
52614	14	3	16.55
12	8919	4	6.17
11468	19266	3	59.54
17045	134	3	28.47
1700	1007	7	77.11
9935	213	3	29.71
7956	394	7	89.16
608	308	5	30.96
107	2218	3	7.28
143	12736	5	51.27
2173	3431	5	66.85
11794	12	4	8.48
161	123	11	21.41
195	534	6	30.94
473	4742	3	29.88
14676	14	10	48.59
33381	12	3	13.78
110	8012	3	16.88
3636	492	4	40.23
40432	35	4	48.05
137	112	15	13.66
136	731	3	9.4
12991	114	3	21.8
4461	21	29	304.25
8931	16	3	19.58
6152	474	19	285.74
7172	472	3	32.7
36478	14	4	22.06
436	279	90	1038.79
839	706	15	157.88
263	186	8	34.15
31034	109	3	26.4
27737	14	3	8.62
10789	44719	3	69.66
110	1016	9	32.98
9160	12796	3	54.41
28	57	33	116.81
128	3039	4	24.56
1367	180	27	267.78
903	14351	3	40.5
49726	14	3	16.55
10193	4511	3	48.41
11533	124	8	86.22
107	1974	3	6.55
106	1850	11	48.82
2298	102	7	12.66
8933	271	7	85.28
2413	150	4	24.95
6629	103	3	11.29
12	14374	4	10.52
3332	101	6	10.99
261	2587	4	32.71
17111	101	4	17.44
678	153	3	10.22
7650	12620	3	53.11
121	273	10	29.9
5630	102	3	5.57
490	2292	6	60.08
422	753	3	18.46
18147	101	4	18.49
102	404	24	27.26
1111	1885	4	41.03
1052	24918	3	46.48
419	109	9	17.73
5626	14	28	140.01
10871	105	6	41.14
5	183	3	16.55
1439	2981	6	75.58
189	2787	5	39.41
351	994	5	36.69
355	3267	3	26.11
516	2115	3	25.5
102	5276	4	9.03
749	104	7	11.43
119	2802	5	29.1
16	1684	6	27.35
119	961	3	8.23
6395	28137	4	83.27
549	955	5	40.1
6144	14	7	9.87
25174	1312	5	88.47
968	12	43	79.04
1989	2060	3	33.14
8285	101	3	6.82
110	16300	4	31.89
408	8437	5	60.53
12	7191	4	4.87
101	6796	5	14.15
153	4496	7	62.28
1620	5440	6	84.82
12	497	42	33.3
102	3529	17	75.27
102	51677	3	24.09
1841	172	3	17.27
4390	14	12	21.58
5407	101	5	12.05
2784	21	3	12.23
591	103	6	5.07
3662	101	4	5.3
5003	247	3	26.34
5267	1746	3	38.07
1689	1571	3	30.44
3507	635	3	29.7
38022	14	4	22.06
25217	121	3	30.22
8810	271	3	30.68
834	547	4	29.21
106	1267	5	11.01
109	103	63	6.37
2139	14	71	350.3
6950	15765	7	144.53
1514	2110	3	31.67
1126	12	17	9.9
19062	12	5	20.02
2410	122	10	73.54
12	8462	6	13.32
3680	101	6	12.09
295	2238	3	22.93
14530	4412	3	50.8
1286	115	3	8.57
102	14007	5	24.11
105	4900	3	10.52
8975	705	4	50.63
24807	3150	3	53.19
2068	105	4	9.98
12426	478	3	36.55
13609	306	3	34.65
17541	44837	3	73.22
30369	14	4	17.19
110	51590	3	33.98
105	416	9	11.68
108	1995	3	7.38
57	1599	4	12.85
9652	101	3	7.75
292	933	119	1696.15
13808	12	3	5.58
36545	14	3	12.18
440	2074	4	35.08
2584	10544	3	44.92
9628	7	3	15.2
114	248	23	80.48
3363	162	5	38.49
12	12391	3	5.13
317	21793	7	112.75
102	9948	5	20
4104	549	3	29.83
284	809	3	16.5
2	1774	3	4.1
600	191	3	11.78
3435	10303	7	123.6
12	259	93	98.33
183	1170	3	15.05
4948	101	3	4.04
414	111	14	45.48
109	13638	5	38.94
34833	41801	3	80.18
690	6503	4	47.73
784	7422	7	96.14
12	18011	3	7.32
143	1041	22	173.28
20730	136	3	30.19
126	2495	3	15.34
2292	58	3	10.28
544	104	6	5.56
12	3386	8	8.68
3945	9831	13	257.56
125	1304	3	11.53
424	267	5	26.23
105	9460	3	14.57
3010	116	4	20.33
1068	414	5	38.74
582	194	16	116.72
10311	1135	4	55.67
12	18791	3	7.32
181	4091	18	206.62
150	744	3	10.27
907	6584	5	64.6
243	306	3	10.38
16995	14	7	26.79
102	20406	3	13.69
2562	2111	3	34.94
3547	6586	3	43.64
120	12	170	22.08
15026	101	4	16.52
6485	12	4	4.1
3992	9	3	13.98
842	14508	4	57.09
5234	12	5	5.24
823	648	6	50.63
23106	12	3	9.02
12	1100	19	13.3
543	1958	5	47.33
576	1009	26	305.07
1371	2	5	9.01
213	1224	3	16.77
12	20538	4	13.55
1322	7	5	10.81
37110	12	3	13.78
360	1696	3	22.26
1182	9228	4	54.92
13051	14	8	27.46
389	471	13	105.81
3494	3493	4	55.53
999	9	3	6.16
380	12896	4	49.82
101	22432	3	13.59
267	41273	3	47.2
3402	12	6	4.03
102	36235	3	19.63
13264	44415	3	71.18
1534	1757	3	30.53
8497	496	3	33.79
22576	14	6	27.48
102	54029	3	24.09
12	4969	7	10.53
12	2463	8	5.17
221	526	3	12.36
124	324	9	30.74
102	1529	11	20.43
49325	106	3	31.31
12532	14	12	59.27
102	2789	4	4.77
12	1731	19	26.93
101	2127	10	19.84
102	944	31	89.73
12	23088	3	9.02
5831	4364	7	116.96
3494	703	3	30.2
238	54124	3	46.37
375	13214	3	35.29
30621	106	4	36.75
147	1	13	26.72
2893	103	4	10.78
623	713	11	102.87
1358	3219	3	33.47
5769	12	20	86.2
869	102	29	75.56
10425	14	14	65.43
26263	14	3	8.62
10398	2173	3	43.96
12	3347	7	6.19
4718	103	3	9.15
727	794	3	21.48
5774	3728	5	77.96
12	1371	15	10.72
1560	129	6	33.81
12	5857	5	6.02
7217	107	4	21.16
102	6842	4	10.91
136	9923	4	35.83
445	467	3	16.05
102	12531	5	23.13
377	16522	4	52.36
13541	14	8	29.37
22912	353	6	92.28
102	11078	3	9.52
142	5161	4	30.5
799	101	11	6.95
1127	19939	6	101.49
166	198	3	4.2
7	5585	3	11.69
2518	212	11	107.61
25253	14	4	14.69
1587	1366	3	29.29
988	19246	3	43.92
12	9641	4	6.98
1934	14	66	273.41
914	101	13	13.22
328	2384	8	79.57
101	8808	4	11.74
1392	2828	3	32.91
111	1148	3	6.29
114	225	7	8.63
8105	21	4	27.31
42850	12	3	18.18
117	8407	4	29.02
7	2735	11	56.25
39338	14	3	12.18
4184	104	4	14.54
538	4832	18	259.26
102	47027	3	24.09
163	1130	14	105.56
30943	14	4	17.19
300	20643	3	37.48
12	13245	3	5.58
528	3824	3	29.15
12	8499	4	5.81
3894	10545	15	311.16
102	11348	3	9.52
104	6688	4	18.56
101	1540	11	17.25
9578	12	4	6.98
102	357	16	7.22
125	3172	4	24.63
12	3653	7	7.06
2	3094	3	6.94
5370	10854	3	49.75
32373	14	3	10.08
1132	2717	3	31.21
2286	2021	3	34.01
816	1224	3	24.56
3915	642	3	30.43
41020	14	4	22.06
1030	14	145	680.71
5900	175	3	24.32
2	454	7	5.2
155	384	7	29.05
590	13129	4	52.92
16427	12	4	11.38
127	2775	5	32.03
101	2625	5	5.79
667	8225	3	35.42
12	7210	8	20.26
32279	14	5	27.58
108	15525	6	49.98
144	171	5	6.78
213	1678	3	18.69
1543	2	12	43.28
9884	264	3	31.25
11444	18720	3	58.21
1504	754	12	136.62
273	618	3	14.79
4777	159	3	22.06
338	2405	4	34.45
145	526	3	8.13
179	746	3	12.49
101	33452	3	18.52
12880	14	12	59.27
102	2098	12	31.51
126	529	7	26.82
248	218	6	24.22
25924	14	6	33.09
2543	104	3	6.62
24235	34388	4	102.96
101	14924	3	10.44
12078	14	4	6.62
16	11518	3	21.58
1217	973	4	36.37
1625	604	4	35.35
256	2334	6	52.72
3231	106	4	14.06
226	451	3	11.97
18730	117	4	36.62
105	900	4	4.44
1690	253	6	48.3
5590	42280	3	65.17
28014	12	3	11.65
7	3005	3	8.1
7567	14	16	63.26
3538	578	3	29.2
31941	263	4	57.77
105	4354	3	9.9
11054	184	3	29.2
1316	307	8	68.99
9724	489	5	63.85
113	763	3	5.22
1578	145	4	20.99
757	9081	3	36.9
5191	1293	8	113.58
14465	12	3	6.09
20923	14	4	11.5
6118	724	3	33.7
12	9372	5	10.32
107	1945	3	6.49
108	2675	4	14.12
533	2317	30	415.77
18919	14	7	29.34
129	5042	3	19.67
14578	24694	4	88.54
1052	19495	5	80.81
1999	218	8	69.23
3299	5199	4	58.18
4862	12	12	30.01
4023	58	5	27.57
700	700	3	20.6
102	2060	9	18.39
10366	207	4	42.42
12	23881	4	14.98
1409	2335	4	44.82
239	3131	4	33.44
149	2087	6	40.73
117	478	3	4.05
17026	101	3	11.07
1166	105	5	9.11
1138	979	4	35.8
902	128	4	14.99
3526	2508	3	37.74
940	2843	3	30.52
12	2163	15	21.46
186	790	3	13.08
101	183	30	3.88
11150	871	3	38.76
8555	5416	4	66.74
12	7176	7	15.75
316	123	3	4.16
11968	10969	4	76.45
278	164	6	20.1
12	1903	16	20.97
124	1985	5	28.13
1651	105	3	4.8
33482	12	3	13.78
1679	109	4	11.33
38904	14	4	22.06
784	644	4	30.08
17182	3018	3	49.82
244	112	6	5.74
336	126	19	95.48
11511	3413	4	66.14
5980	7	3	12.1
115	4867	4	23.98
1095	103	4	4.17
2900	15563	5	86.98
12	23611	3	9.02
30385	14	4	17.19
19926	519	3	40.35
10393	1151	3	39.87
48497	14	3	16.55
54683	28	3	45.77
15427	3058	4	67.51
333	544	35	355.04
13	4914	3	23.85
3101	107	3	9.02
121	2762	3	14.79
601	103	8	10.24
12	1210	43	97.56
102	419	81	274.22
366	130	4	9.28
101	10048	4	12.66
35421	307	3	43.66
5637	211	3	25.92
559	1993	6	59.51
1074	12	90	336.4
1104	1708	3	28.26
1364	40232	3	52.02
5946	102	3	5.75
12	15724	3	6.66
29686	14	4	17.19
5249	502	10	129.69
4118	14	37	178.4
740	1505	28	371.31
12628	399	4	50.19
108	2388	3	8.37
704	886	7	63.17
323	130	3	4.8
1720	177	4	25.05
105	1491	4	7.56
673	527	15	143.07
638	12	23	8.22
2101	106	5	15.7
3848	9703	3	46.93
12791	105	8	64.37
1238	14065	6	95.22
15552	102	3	11.49
773	7095	3	35.12
101	14695	4	16.52
198	2782	10	95.27
1967	114	9	50.35
2408	341	3	24.15
9345	21	10	94.51
16979	14	8	34.38
7765	126	3	22.19
2842	2134	3	35.61
105	966	5	7.73
106	191	14	10.97
3229	140	3	18.16
12973	12	3	5.13
108	1672	5	15.38
194	147	5	8.96
133	188	10	26.55
6454	12	13	44.04
161	169	6	12.03
973	115	4	11.49
101	8275	3	6.82
15780	42090	3	72.46
1576	103	4	6.49
102	16192	3	12.13
5889	241	16	208.32
32246	12	3	11.65
101	13276	3	9.88
101	1321	11	14.65
12	1445	21	26.97
186	1736	3	17.63
38723	14	3	12.18
103	2190	8	28.24
1746	109	15	83.02
8342	135	3	23.83
8370	2776	3	43.95
1091	672	3	22.72
12	33982	3	13.78
1233	536	25	297.73
9343	101	3	7.42
421	383	3	14.89
3818	566	4	41.82
11810	12	3	4.72
4709	562	3	30.72
432	15296	3	37.12
959	106	10	29.38
315	242	3	10.46
38185	14	3	12.18
5593	101	10	39.28
1882	703	3	26.48
1881	339	5	42.94
8919	1015	3	38.04
50213	14	3	16.55
432	11867	3	35.47
208	5054	4	35.84
902	368	5	36.19
2314	102	23	96.31
115	1850	3	10.63
341	8322	4	45.06
14180	12	3	5.58
40282	103	3	24.82
119	644	8	31.38
149	5572	5	41.87
1035	153	8	48.59
2284	4318	3	38.59
35957	14	4	22.06
668	1635	7	71.22
3728	1235	16	240.95
104	1134	5	8.34
101	639	12	6.02
4277	102	6	15.61
12	2744	7	4.3
2461	102	4	4.03
6846	287	3	29.37
15417	341	4	50.65
23514	14	5	19.46
20205	12	6	27.57
109	1750	3	7.16
1877	6137	3	39.37
439	5917	7	84.92
35908	184	3	39.7
118	8814	3	20.62
10831	12	7	22.49
890	239	6	39.9
23215	14	4	12.9
607	111	5	10
106	432	6	5.47
3323	107	3	9.34
160	2451	4	26.36
595	267	3	14.48
135	4857	14	142.95
3118	492	4	39.07
10468	961	3	38.86
12	14821	3	6.09
137	637	3	8.82
22200	12	3	9.02
528	783	5	37.97
101	9468	5	17.6
35	26140	5	54.66
45137	177	3	43.69
37749	14	3	12.18
205	124	5	7.33
1223	126	7	37.54
102	14987	3	11.49
652	642	3	19.83
8269	101	6	22.14
4021	102	11	41.17
19847	12	3	8.09
13898	159	3	29
110	821	5	11.14
469	124	25	152.81
34866	12	4	24.25
8764	101	3	7.11
200	3454	9	88.01
12	15450	4	10.52
979	6378	3	35.88
4924	1013	5	62.7
29500	14	3	10.08
2124	1608	3	32.07
12	12239	3	4.72
102	9143	9	47.66
12	9870	5	10.9
878	169	3	12.44
7176	12	5	8
11738	4718	4	68.73
112	3806	7	43.02
12	12485	3	5.13
172	252	7	25.6
8	702	6	16.66
13952	291	4	48.48
13634	448	6	83.89
109	1568	3	6.59
196	405	6	28.46
159	387	3	8.01
1661	928	4	38.67
160	247	14	65.25
162	1039	4	19.44
6868	14	23	113.19
29703	12	4	19.34
2034	101	12	26.71
471	1585	7	66.39
3061	186	4	30.34
57	1537	3	7.79
10611	14	13	56.66
1172	12818	8	130.66
58	4017	5	27.57
330	117	4	5.1
173	415	3	9.19
1451	715	3	24.89
12	9905	5	10.9
17076	12	3	6.66
170	102	86	119.35
109	178	18	25.87
1630	359	7	63.58
108	556	30	135.16
1017	6318	7	96.71
2808	153	9	75.86
192	471	6	29.4
163	577	12	72.25
222	1003	13	107.21
9833	352	3	33.16
505	102	30	53.04
11773	58	4	29.71
168	187	5	10.8
6365	14	21	88.01
677	247	9	63.27
714	685	3	20.57
3266	109	5	22.64
3953	16603	7	135.29
2228	12	10	8.34
5326	106	3	11.71
4813	408	3	29.34
8	13403	4	32.2
278	421	5	26.57
1885	9	3	9.68
387	1136	9	80.67
102	4357	4	7.61
101	5213	4	7.53
4509	12	11	24.22
2555	105	3	6.97
301	3958	3	26.37
870	725	5	41.73
25333	604	3	43.53
118	5313	4	25.5
18772	490	3	39.19
1510	102	7	7.77
396	305	6	34.88
12	23336	4	14.98
11	13	3	15.45
7191	8	3	17.87
865	198	5	28.42
102	6731	4	10.91
8372	199	3	27.9
1089	465	155	2668.09
183	4804	3	23.72
7095	407	3	31.69
39429	14	3	12.18
2192	109	3	8.5
21193	14	8	44.13
17902	12	5	18.34
7112	15387	3	53.7
12	4196	10	18.6
111	11843	3	20.29
102	4030	3	3.9
16	5375	5	32.87
2119	140	3	15.72
20704	14	3	6.62
2378	111	3	10.41
219	805	4	21.66
102	3174	5	8.78
101	2306	5	4.92
2491	913	4	41.77
2	7387	3	11.84
4652	103	3	9.15
24542	762	3	44.83
181	31032	4	53.6
142	720	3	9.67
35	30620	4	43.05
410	145	14	73.97
2423	106	6	22.53
13035	14	9	34.12
128	2296	3	15.06
3386	12	6	4.03
638	132	4	13.47
110	218	53	224.18
109	613	8	18.82
765	1200	9	92.74
16270	12	3	6.66
22089	14	5	19.46
105	1829	3	5.31
108	5061	3	12.52
41796	12	3	18.18
714	9	4	8.1
2336	106	10	47.3
435	5321	4	42.66
103	9288	3	13.31
12	10147	3	4.03
216	10329	3	30.2
112	4275	6	36.41
205	1284	5	33.08
2180	159	36	405.7
173	206	12	51.02
138	533	4	12.65
12	12924	3	5.13
102	14179	3	10.93
6785	14	8	15.01
4758	139	6	49.51
455	13235	5	67.57
7	7234	3	13.3
53439	14	3	16.55
40678	14	3	12.18
226	699	5	28.64
1848	101	7	8.06
102	10304	4	14.57
12548	14	13	71.7
4785	9066	4	66.66
7420	58	3	17.11
7966	715	5	64.84
114	548	4	6.91
694	13533	5	71.33
135	2611	7	50.92
10718	14	9	28.63
296	654	9	66.98
52397	14	3	16.55
101	6758	4	9.58
39841	14	4	22.06
282	245	30	236
725	1382	3	24.76
8406	7036	5	88.96
1174	21	7	27.87
11419	14	15	82.74
13565	107	4	27.03
851	108	65	457.85
4713	12	6	6.9
118	129	111	535.5
1832	482	6	57.13
271	1948	4	30.7
1833	14	84	414.94
1927	1299	5	55.57
3492	3268	3	39.3
10456	1804	3	42.73
612	12123	7	101.79
103	4128	3	8.41
795	2	5	4.85
102	3756	9	28.56
12	3013	8	7.31
10735	101	3	8.11
11755	14	6	15.02
35	17052	10	120.15
22594	106	4	32.21
5175	12	5	5.01
4180	976	3	32.98
12	3542	6	4.36
103	2419	3	5.62
1025	725	7	65.4
1056	120	33	261.03
861	3851	4	44.83
12	7780	4	5.17
759	19202	4	59.75
25051	14	6	33.09
3815	358	6	63.11
5219	186	4	34.61
3428	106	22	162.5
936	230	5	31.49
1416	14	92	386.47
116	222	5	4.62
270	170	5	15.34
19100	276	3	36.79
18250	12	5	18.34
102	4562	5	12.02
101	5483	6	16.59
420	3000	4	37.76
1404	102	15	34.11
278	184	18	107.62
215	885	3	14.97
14247	14	8	29.37
102	621	37	93.11
104	225	30	62.94
183	1013	3	14.3
905	7343	5	65.97
103	6078	3	10.61
1108	535	73	1049.59
188	206	19	102.48
2	1740	20	98.56
12	163	75	3.89
124	122	19	38.05
158	1284	3	13.98
1370	692	27	347.39
6195	12	6	9.84
234	9726	3	30.46
273	2676	3	23.24
134	14673	3	27.8
2154	3935	3	37.57
307	102	54	110.23
2345	481	4	36.74
755	610	4	29.48
5691	12	7	12.11
8795	146	3	24.67
6719	102	5	15.87
6893	206	3	27.22
12	1559	16	15.7
102	324	71	185.82
157	266	4	9.67
10222	12	13	63.65
142	12361	7	78.01
5967	42043	3	65.61
102	2417	5	6.61
280	482	9	60.7
865	289	3	16.99
6707	14	15	50.4
5687	104	3	11.05
592	12844	3	37.69
44909	14	3	16.55
17228	12	5	18.34
32132	14	3	10.08
102	22021	3	14.68
20309	14	7	32.71
1444	528	3	23.23
30631	9299	3	61.73
2405	193	3	20
6248	14	23	104.74
3472	149	5	37
108	615	23	96.03
12111	398	3	35.12
3294	525	6	65.12
1116	4041	3	33.54
14080	102	3	10.93
173	3586	4	30.71
648	1248	3	23.54
111	620	5	10.16
559	7379	3	33.52
24732	14	6	33.09
103	8890	3	12.97
21068	14	7	32.71
6265	101	3	5.19
1305	107	6	16.15
107	5790	6	34
107	914	7	16.27
256	2433	4	32.02
292	288	43	391.96
118	8959	5	40.04
5891	9931	3	49.54
1521	16	3	9.07
9688	186	6	66.38
174	208	5	13.2
2247	111	9	49.95
311	13186	3	34.17
52381	14	3	16.55
3218	9512	3	45.4
31448	14	5	27.58
19249	23505	5	117.06
5159	12	5	5.01
164	7365	3	24.9
1460	3264	3	33.95
160	17	12	20.45
42280	12	3	18.18
1231	101	11	13.21
149	804	4	16.34
178	972	3	13.73
149	2897	6	44.79
2916	499	4	38.68
711	25070	4	62.62
17	5216	4	26.13
12	21024	4	13.55
12	3729	8	10.03
125	1726	4	19.77
104	135	29	20.53
602	696	6	47.94
1437	6292	9	136.43
10125	180	7	80.64
102	7129	3	6.77
1246	27545	3	47.59
102	2147	7	11.85
1147	1259	4	37.88
2229	974	5	54.2
46839	14	3	16.55
13928	13512	4	80.05
412	14049	4	51.18
6280	7158	5	85.58
1229	245	6	43.93
3889	18616	9	189.67
5603	28559	4	82.04
10548	14	7	17.86
103	5514	4	15.64
102	3888	4	6.77
32800	14	5	27.58
121	3179	4	23.16
143	18404	3	29.7
101	2444	7	11.21
350	4460	4	39.76
126	605	14	76.37
124	357	4	8.6
386	7152	7	86.7
101	327	21	9.21
104	1810	4	8.51
12	467	31	11.48
1057	520	6	50.79
112	11355	3	20.07
8087	101	4	10.93
12	4910	7	10.53
12	7030	6	11.16
144	238	3	4.24
102	16860	4	18.88
848	1884	9	103.15
302	16	5	6.71
1448	162	3	14.88
27732	159	4	49.02
7889	14	4	3.84
1013	101	14	17.75
3062	104	3	7.6
3571	279	4	36
9084	249	3	30.45
135	230	4	6.76
12	12855	6	19.12
31762	14	4	17.19
229	4382	3	25.05
12	8885	4	6.17
432	1466	6	53
126	8547	9	91.52
526	1857	3	24.73
101	10655	4	13.17
138	465	29	198.77
52563	14	3	16.55
326	2034	3	22.75
28501	12	3	11.65
12360	101	8	44.17
2417	113	5	23.88
108	4020	3	11.27
1688	102	7	8.99
35	16046	6	58.64
107	612	6	8.77
105	240	15	18.16
8046	241	12	157.4
923	120	16	97.62
319	1601	4	30.59
108	176	12	8.32
149	43647	3	41.52
4557	12	10	20.11
2212	12	29	81.15
1594	11678	3	42.88
236	3074	14	154.11
35	45243	3	36.04
112	148	192	1109.07
236	346	3	10.91
101	14036	4	15.71
53049	14	3	16.55
3913	24916	3	54.6
258	451	9	57.83
17037	106	4	28.35
110	143	212	1177.95
537	2014	3	25.36
473	3409	9	105
14193	7902	3	53.96
6703	177	9	98.49
16135	101	3	11.07
50197	14	3	16.55
229	103	22	30.75
1252	4708	4	49.52
1812	8786	3	41.66
12	10556	3	4.03
2509	102	10	25.92
650	1689	8	83.87
30032	14	4	17.19
4261	102	8	25.39
7854	42221	3	67.45
1375	30800	3	49.84
375	1356	3	21.23
11852	12	3	4.72
15888	810	5	75.15
1491	806	5	48.08
3056	1094	3	31.75
17796	102	3	12.86
984	2322	3	29.58
326	4584	3	27.63
13630	105	3	17.22
49271	14	3	16.55
17824	14	4	10.35
1546	133	3	13.27
118	27232	6	74.26
14362	946	4	57.95
648	1507	3	24.62
8	1683	7	32.79
9785	101	5	18.23
24370	9	3	27.08
1961	105	3	5.65
532	1741	4	34.9
1754	104	3	4.72
8759	102	3	8.1
4791	476	3	30.08
5104	14	23	87.69
24417	117	5	55.8
150	113	19	30.49
21663	12	5	22.13
6850	12	4	4.34
149	2215	3	16.55
21496	1040	3	45.2
121	2838	4	22.29
11817	106	4	25.1
10091	127	3	23.98
12	1323	12	4.87
18663	57	3	23.18
122	497	7	24.88
356	611	3	16.4
102	7146	3	6.77
20810	1016	4	61.75
541	113	6	14.17
2444	13564	3	46.59
28234	1300	4	70
3991	13	3	22.54
153	3454	8	68.6
104	119	32	10.21
19652	12	3	8.09
1204	128	5	23.52
181	6082	5	47.01
14969	134	5	52.65
11514	1840	3	43.82
102	18311	3	12.86
16	855	3	6.02
4640	5385	3	44.31
556	3591	3	29
109	13637	4	28.94
1396	11652	4	58.78
6307	105	4	18.44
2078	112	3	9.88
13106	12	5	13.78
11859	106	3	16.88
12	2287	13	16.64
246	104	22	38.29
14392	15559	3	58.89
2	1132	17	62.07
10157	276	4	45.18
101	4231	4	6.21
179	716	7	40.09
24221	101	3	14.79
304	174	8	35.11
2435	1253	3	31.28
11453	358	7	95.11
566	12453	5	68.46
1477	1428	5	53.59
115	54177	3	36.54
17957	14	7	29.34
1878	318	14	148.35
1631	109	6	21.36
23817	14	7	38.61
19004	12	3	7.32
465	118	3	4.23
4998	3507	3	41.94
1733	180	25	256.71
678	530	3	18.9
2415	813	4	40.7
8868	127	3	23.25
3179	16406	9	179.46
192	358	31	239.86
42894	8910	3	68.1
16843	4755	3	51.81
16007	379	5	68.48
1083	106	10	31.41
19367	1653	3	47.08
36235	14	3	12.18
1662	417	5	43.47
105	852	11	29.77
3899	787	3	31.37
5454	101	5	12.05
683	22010	3	42.91
6562	177	3	25.13
594	755	3	20.24
15043	14	9	39.47
5482	2	3	10.06
7522	12	4	5.17
2	12349	3	15.45
1405	14864	3	43.78
913	7933	3	36.81
4421	14	32	144.15
4302	9308	3	47.15
8938	14	18	91.58
1154	979	5	47.17
610	1985	3	26.04
106	755	22	89.75
803	123	3	8.46
7794	130	4	32.42
8709	134	5	45.92
119	744	3	7.08
117	104	199	547.47
22350	12	3	9.02
4662	1092	3	34.38
996	598	4	31.26
12	879	17	5.58
101	747	10	4.6
2	1403	6	12.86
282	717	3	15.79
12	52847	3	18.18
13287	12	7	26.62
104	2095	3	5.69
101	580	35	69.22
102	1436	16	38.81
103	1304	7	15.92
102	3284	9	26.28
732	111	13	52.65
10962	12	3	4.36
101	4800	3	3.91
2013	331	5	43.27
47901	14	3	16.55
588	12	23	6.5
108	10277	4	25.5
5322	117	11	93.58
1801	644	3	25.7
396	6574	3	31.07
630	105	6	7.44
102	1038	10	10.69
21796	12	4	14.98
21219	358	3	39.49
29638	14	5	27.58
27372	14	4	14.69
1369	4104	6	79.16
189	7755	6	62.75
6005	14	10	21.02
10668	12	3	4.03
122	259	6	12.96
101	1208	8	5.74
104	681	5	4.83
2643	101	5	5.91
1747	402	3	23.05
6769	312	4	42.31
29359	14	4	17.19
116	678	4	9.28
1020	1773	4	39.74
8301	131	3	23.24
19055	559	3	40.74
42533	5773	3	65.39
162	110	9	3.93
3023	153	3	18.85
58	7292	5	34.03
101	10332	3	8.11
5890	277	3	28.11
34514	43851	3	80.18
201	102	71	113.51
10	2	4	4.94
743	154	3	10.75
58	3365	3	12.39
12	11049	3	4.36
25960	102	3	15.89
57	1621	3	8.1
40034	14	4	22.06
379	1020	5	37.55
1279	784	4	35.28
4218	114	3	14.67
194	1211	3	15.79
195	1595	4	25.71
2237	284	4	32.48
1129	20832	3	44.6
535	1081	4	30.92
168	253	4	10.01
101	14355	3	9.88
51573	14	3	16.55
113	3172	5	26.55
102	8510	3	7.8
227	23387	3	36.51
6086	105	3	11.85
205	1044	3	15.49
12830	14	12	59.27
12089	26786	3	61.81
51454	14	3	16.55
318	1654	4	30.81
12818	102	3	10.41
1128	25509	3	46.87
269	4372	3	26.1
1065	4385	6	76.38
178	2259	3	18.81
10243	591	3	36.27
6040	572	3	32.48
102	2464	14	45.26
103	2348	10	40.88
18596	14	6	22.03
3798	724	15	207.33
52547	14	3	16.55
12	1542	14	10.68
1302	1420	3	28.29
249	125	4	6.15
16516	106	3	19.16
121	2339	4	20.8
3283	814	6	69.96
1686	13	3	17.34
12	1823	9	3.94
12	53747	3	18.18
3066	12	10	12.91
13	54503	3	44.1
1439	154	4	21.45
17870	12	3	7.32
3428	737	6	69.45
32049	162	3	35.82
8480	12	4	5.81
2158	1381	3	31.23
2190	169	4	26.25
1383	1051	20	259.41
1239	224	4	25.16
186	870	3	13.54
187	754	3	12.89
104	2001	3	5.44
101	518	15	7.84
510	101	16	9.27
2559	104	12	59.33
520	16676	3	38.74
53033	14	3	16.55
4541	12	10	20.11
101	4514	7	19.04
101	6372	9	35.35
6927	3177	3	43.54
103	3709	3	7.77
1173	102	26	76.06
102	1724	10	19.11
12	921	25	21.42
146	4724	3	20.62
535	9668	4	49.62
19759	14	8	44.13
2992	5850	11	187.92
45393	8534	3	67.77
258	699	5	30.05
1393	245	5	36.1
141	154	174	1369.27
32506	14	5	27.58
6211	12	13	42.79
1069	4046	3	33.31
297	247	8	42.73
15488	6720	4	74.2
139	122	8	8.18
10377	14	15	75.39
1081	723	3	23.08
1823	7637	3	40.78
701	643	5	38.77
12721	14	7	21.45
6741	102	6	21.33
105	3326	4	13.35
108	2799	8	40.13
101	29552	3	16.33
9865	12	4	6.98
378	14	280	1076.72
106	4963	3	11.35
195	4613	6	56.62
107	348	6	4.55
5204	2989	3	41.18
290	574	4	22.13
28487	114	5	59.65
101	10919	3	8.49
1371	12998	4	59.41
4185	39075	3	58.71
398	102	15	7.44
15766	375	5	68.38
6236	102	3	6.13
231	145	45	289.52
135	2430	8	59.18
712	52845	3	52.68
1257	1721	13	167.25
21233	436	3	40.52
12	10482	3	4.03
28922	12	3	11.65
2729	28447	3	54.02
22560	14	3	7.51
462	150	10	49.04
132	613	3	8.3
11255	14	4	6.11
7	7038	5	27.13
180	2747	3	20.09
282	35888	3	43.11
8892	12	4	6.17
1384	14	61	177.9
108	9744	3	16.82
361	101	38	53.38
124	621	3	7.51
101	2692	6	8.99
467	11918	4	50.5
248	143	5	11.63
1372	102	14	29.64
13011	474	8	117.52
2012	21	5	22.21
12	4832	6	7.17
102	1147	13	21.12
12	356	53	39
599	155	7	34.18
28129	12	3	11.65
53215	14	3	16.55
811	13523	3	39.88
2	3904	5	18.57
1779	241	11	102.76
14076	14	5	12.2
4639	12	5	4.36
102	23548	3	14.68
117	3116	5	28.1
12	17667	5	18.34
7675	3791	3	45.11
175	2220	5	36.14
148	129	10	16.7
6376	40190	3	61.58
388	1219	4	29.93
31432	14	4	17.19
101	5688	3	4.66
3577	834	3	31.25
12	2125	13	14.95
103	942	13	36.43
102	810	41	130.14
1333	280	6	47.02
4849	264	3	26.63
2231	111	4	15.67
101	1369	40	156.39
215	233	3	7.86
103	2622	17	92.68
761	6593	4	48.56
580	805	4	29.5
12	5986	5	6.31
102	19950	4	21.18
31677	14	5	27.58
1867	5192	3	38.34
3278	240	4	33.92
1321	6489	6	84.7
8409	107	3	14.93
11661	12	10	44.26
12	373	47	30
203	10091	5	54.6
7027	193	4	37.87
576	409	8	60.71
356	1247	3	20.38
515	1811	3	24.47
2014	175	3	17.88
101	1066	10	8.37
12	686	83	210.7
23266	694	3	42.99
2865	1150	3	31.7
102	38405	3	19.63
8445	102	4	12.69
425	963	4	28.57
12	20123	3	8.09
628	2981	3	28.65
612	8467	7	95.3
2265	12054	6	100.44
150	186	7	16.2
277	4662	3	26.75
5423	101	4	7.98
149	17512	3	30.08
12	3508	6	4.36
276	17264	4	50.81
2526	6586	3	41.67
1950	113	3	10.12
102	4532	6	16.52
243	424	4	18.33
115	572	5	12.05
36251	14	4	22.06
2628	107	3	8.07
133	1393	5	26.19
222	667	47	481.21
28715	2564	3	53.63
535	2950	3	27.63
106	5653	6	32.85
108	4400	3	11.71
6266	221	5	50.41
23348	14	7	38.61
12	9481	4	6.56
1610	2851	19	294.3
12961	104	3	16.29
2	8658	3	13.01
22458	141	3	31.51
12153	6495	4	71.52
299	321	66	683.79
2556	9567	3	44.43
108	104	137	133.2
3635	2489	5	68.6
346	1633	9	85.89
504	336	42	438.09
41033	14	4	22.06
738	267	4	23.05
1850	214	6	47.14
4996	101	3	4.04
1071	109	45	308.43
528	1822	3	24.7
12454	12	4	9.09
103	11369	3	14.47
1431	33977	3	52.27
8165	672	3	35.42
101	13218	3	9.37
3679	14	29	101.59
2145	677	5	50.38
137	259	10	35.85
21812	12	4	14.98
812	1520	3	25.9
620	188	3	11.87
261	4052	3	25.45
140	1987	9	65.96
2683	7	5	17.22
3703	107	4	15.47
29031	16	3	29.36
37866	14	4	22.06
128	3847	3	18.03
945	22219	4	62.77
16901	14	8	34.38
4579	107	4	17.21
1476	104	4	7.05
3079	505	4	39.05
6204	4918	3	45.55
1293	109	17	88.01
104	19870	3	19.68
38268	14	3	12.18
243	183	6	21.12
334	790	5	34.04
102	4259	6	15.61
58	10593	3	19.44
104	433	11	17.06
1549	12124	4	59.63
156	347	3	7.19
2	2743	30	209.46
102	2511	4	4.11
12329	12	10	46.87
102	262	57	103.04
1088	112	3	6.22
156	4656	3	21.64
4603	14	23	79.62
385	1265	12	118.02
419	472	3	15.86
19195	12	4	13.55
688	128	7	30.49
118	1880	43	409.61
101	18519	3	11.78
2282	102	5	6.17
4607	102	9	32.25
1479	575	4	34.24
3042	127	3	16.63
12	18151	3	7.32
134	12514	4	38.2
565	9046	17	284.56
102	4060	9	29.84
12	960	22	15.97
663	439	8	63.33
104	6037	3	11.46
29483	101	3	16.33
12	6531	4	4.1
17808	14	7	29.34
1374	1944	3	30.55
12	6794	5	7.27
12	112	394	137.15
10794	4073	5	86.26
7737	336	3	31.19
389	358	4	21.15
101	24131	3	14.79
35	5870	3	16.88
587	596	7	56.01
12	17950	3	7.32
14724	14	5	13.21
7843	12	8	21.87
704	14369	10	169.03
255	6224	4	39.84
537	111	7	16.61
2550	120	18	153.94
5073	101	7	20.65
408	645	30	317.1
6806	109	4	22.33
289	461	3	13.73
106	491	8	11.98
110	2038	6	25.57
50730	14	3	16.55
129	1313	3	11.8
101	8917	3	7.11
9395	14034	10	222.63
9111	17357	4	79.17
5441	9	4	23.48
1242	19166	3	45.32
137	497	6	22.68
2305	245	4	31.21
6846	104	4	18.56
650	3596	4	42.3
12636	12	3	5.13
112	7889	5	35.4
10374	12	6	16.19
1577	204	3	17.86
129	3766	3	17.95
765	979	5	43.54
286	3267	3	24.78
162	121	8	10.13
102	27025	4	24.56
766	6378	3	34.58
892	141	18	128.41
3989	102	5	10.63
3291	107	5	20.53
106	1137	5	9.85
4150	1290	3	34.67
1128	23115	3	45.62
8876	179	4	38.97
680	514	24	252.74
22168	12	3	9.02
39282	196	3	40.24
2506	190	6	48.25
3151	116	3	13.74
21885	3669	5	96.02
12	11396	6	17.07
25721	105	5	45.62
2445	3464	3	37.52
170	1012	3	13.23
8	1228	3	7.43
204	442	4	16.76
3484	11599	3	47.69
48067	14	3	16.55
3095	2607	8	116.58
57	5973	3	15.69
51046	14	3	16.55
319	1024	4	26.83
160	850	10	63.07
7	532	5	4.05
1903	114	3	10.12
23481	102	3	14.68
102	11682	3	9.95
808	119	9	40.83
1177	15916	3	43.25
526	5648	3	31.5
297	1753	45	591.21
976	545	4	30.35
17719	7265	3	55.41
2541	101	5	5.56
573	26170	3	43.26
1183	106	4	6.71
106	169	16	10.84
196	188	4	9.12
17133	122	9	110.93
409	7225	8	103.23
35	10525	4	30.12
10539	12	5	11.52
1432	501	3	22.89
1254	2225	5	56.74
842	1610	8	86.96
3843	227	5	45.68
22743	102	6	42.48
53809	12	3	18.18
12	9343	4	6.56
102	8880	3	8.1
32344	12	3	11.65
8164	320	3	31.44
30426	263	3	40.35
6053	14	24	109.94
102	11249	4	15.13
12855	105	3	16.69
13372	1215	4	59.06
10588	12	3	4.03
677	850	3	21.43
50543	14	3	16.55
1080	169	3	13.54
3319	782	5	56.06
27499	14	5	22.3
109	466	5	5.89
459	905	5	38.07
2468	157	5	34.82
11544	12	5	12.95
36625	14	3	12.18
13888	12	3	5.58
1358	1323	3	28.23
758	6182	3	34.28
353	118	4	5.96
102	2315	10	24.55
26277	26277	3	68.04
24449	24707	4	95.32
1715	105	3	4.94
17700	297	5	67.66
4272	122	4	26.28
185	2482	55	750.64
509	7437	3	33.02
13	653	4	18.2
445	2798	4	37.51
106	27122	4	34.12
3037	107	4	14.07
45480	12	3	18.18
21871	762	4	61.32
118	1541	3	10.09
102	18436	4	19.94
165	10582	3	27.3
47534	101	3	22.98
180	103	17	9.09
2219	14	56	229.16
1164	2869	7	86.72
132	29999	3	33.73
12	555	29	13.18
1501	105	4	7.62
102	6060	3	5.94
488	19909	6	92.36
216	5401	19	248.05
900	204	4	21.77
12	6471	5	6.93
125	930	4	14.97
101	888	12	10.39
966	128	4	15.45
16	1630	3	9.49
129	514	9	39.02
322	292	10	63.02
11795	172	6	67.8
888	12	18	7.25
294	1500	6	49.26
1348	409	3	21.66
2213	8	17	122.2
404	7016	3	31.67
10406	12	4	7.44
12	9925	4	6.98
141	806	4	15.76
1699	265	5	39.07
1124	128	4	16.49
12489	12	3	5.13
5169	101	4	7.53
266	19203	4	51.85
324	259	3	11.05
1155	3711	3	33.17
9716	102	3	8.76
412	4582	5	53.78
23184	3100	3	51.94
5813	562	6	73.23
35817	14	4	22.06
16070	14	7	26.79
443	147	5	17.08
607	130	5	17.68
226	917	7	48.26
37079	14	4	22.06
837	1494	53	806.58
102	13953	5	24.11
16313	14	5	14.37
2311	8053	4	59.26
399	12	33	10.13
161	432	4	13.41
3287	150	10	88.05
256	174	15	78.29
818	1489	3	25.77
3600	8404	3	45.46
12	20447	3	8.09
1360	12	15	10.56
2437	110	4	15.33
876	652	6	51.3
12	1010	18	9.67
102	1797	28	113.48
240	20194	4	50.84
12	2723	11	13.76
248	552	3	13.49
316	6023	3	29.23
38121	14	3	12.18
12	5060	5	4.78
509	427	3	16.27
101	445	23	20.84
30112	14	5	27.58
102	1564	9	14.07
763	3554	3	30.71
281	106	54	218.8
18297	14	8	37.98
4574	520	6	69.19
2350	107	3	7.51
14244	12	3	5.58
1019	10219	16	292.78
180	396	5	20.5
207	662	3	13.18
5494	18364	3	53.51
1094	214	3	16.06
35	4342	39	468.88
872	481	6	47.96
110	8953	5	34.84
784	891	10	99.78
2316	1081	3	30.02
4331	16	4	22.48
2248	9	10	59.98
15953	2561	10	202.36
104	511	10	16.14
12	1471	11	4.52
764	177	3	12.45
101	6089	3	5.01
1325	375	19	206.69
12	18865	3	7.32
1202	1296	3	27.17
165	8916	3	26.18
12	19725	3	8.09
1673	838	3	26.66
485	607	3	17.94
2083	14	56	214.31
101	412	33	45.22
758	299	4	24.43
12	6883	5	7.27
12432	7	3	16.95
101	4904	4	7.12
928	436	8	68.28
39591	14	3	12.18
640	44158	3	52.18
4476	655	3	31.27
12	4221	6	5.92
121	1204	3	9.94
3346	153	11	101.6
25535	14	5	22.3
307	1729	3	21.46
4105	24758	3	54.89
26969	525	3	42.68
674	13102	6	86.83
9122	12	11	43.31
3211	103	3	7
16386	106	3	19.16
2164	12	8	4.07
121	743	6	22.69
29542	112	3	28.29
12	1425	13	7.33
315	1092	3	18.69
10211	19317	3	58.65
1113	107	4	6.7
12	1673	10	4.51
102	2863	4	4.98
725	835	7	62.81
6996	6972	3	48.51
2072	679	6	62.32
12373	370	7	97.09
7812	502	4	47.25
1838	127	3	13.64
301	3947	4	37.56
45881	14	3	16.55
7494	102	5	17.19
12	17465	3	7.32
12030	14	8	25.79
25810	101	3	14.79
1520	13405	10	180.34
1120	101	12	13.98
110	2195	3	9.29
28	54677	3	45.77
3600	1677	3	35.42
3174	12	8	7.97
4324	149	5	39.4
1696	612	4	35.73
711	5542	9	120.93
31934	14	3	10.08
103	11136	6	38.55
10406	132	3	25.04
12218	184	5	55.43
25827	14	4	14.69
569	102	16	15.54
18220	347	3	37.43
2653	3608	3	38.24
32199	14	4	17.19
17895	136	4	42
19977	14	7	32.71
12	27871	3	11.65
713	17388	3	41.25
643	107	5	6.27
3194	287	4	35.29
133	405	4	10.62
101	32495	3	16.33
853	4830	5	60.76
199	232	7	27.54
12	15160	3	6.09
4831	177	3	23.26
46350	14	3	16.55
619	14	231	1105.22
14600	24429	6	145.88
647	972	3	22.02
529	5040	10	129.17
398	533	9	68.44
670	551	7	56.33
107	280	8	6.6
102	25471	3	15.89
259	7992	5	55.28
395	885	3	18.93
46063	14	3	16.55
11897	107	4	25.57
24532	12	4	16.81
2458	109	4	14.24
187	1531	15	133.73
103	1028	6	9.47
404	8323	3	32.85
1143	428	4	29.85
7305	102	3	7.01
14183	14	9	36.54
45700	14	3	16.55
103	5014	3	9.48
2565	32909	5	100.77
58	8846	6	45.99
11857	14	8	25.79
150	274	4	8.97
1643	21	3	9.2
16	296	7	12.94
7333	14	23	126.86
9522	19124	3	57.87
31414	9	3	28.66
2814	10169	6	101.07
1098	1317	3	26.7
24688	102	4	24.56
117	498	5	11.11
1138	9	4	11.09
4777	12	6	7.17
874	137	3	10.31
1986	102	6	7.8
1568	490	4	33.45
128	11857	4	36.37
102	38238	3	19.63
39777	14	3	12.18
14695	12	4	10.52
103	4153	3	8.41
101	865	11	7.86
7498	44897	3	67.15
188	777	16	123.28
40932	268	3	42.71
101	4319	4	6.38
592	13857	9	141.91
383	1790	4	32.89
542	2067	3	25.6
388	704	5	34.52
13589	14	6	17.24
101	2571	6	8.53
245	376	3	11.54
101	203	50	41.1
188	546	13	85.79
8774	12	7	18.61
28244	14602	3	65.06
16807	12	5	16.94
2257	26201	5	94.15
121	27001	3	30.22
10345	14	5	9.15
12625	14	12	59.27
7	2935	21	141.61
197	538	9	53.96
8294	196	6	65.08
101	9136	5	17.6
3842	2953	3	39.27
12	15366	5	15.74
2984	186	3	20.88
102	11707	5	22.24
7	2222	25	163.32
1077	4860	3	34.48
1119	17	3	8.82
12	29041	3	11.65
193	723	4	19.49
1149	263	4	26.05
42059	35	3	36.04
346	145	11	49.43
6607	102	8	32.81
112	1048	3	6.06
207	47024	3	45.3
497	3072	50	819.05
430	102	13	5.24
167	309	3	7.07
135	1844	8	54.74
112	271	9	15.87
19252	2908	3	50.59
297	171	4	11.6
298	557	23	208.65
2272	106	3	7.04
538	1749	3	24.47
4672	15314	5	91.85
3409	180	8	73.65
7120	247	3	28.54
323	150	22	127.79
109	3125	8	43.37
6328	14	15	47.21
110	2497	3	9.93
191	628	3	12
587	161	24	179
305	1996	6	53.15
654	352	3	16.7
818	3780	4	44.28
20013	315	3	37.66
22026	12	3	9.02
101	5123	3	4.19
509	113	5	9.75
29420	14	4	17.19
12	2233	11	10.7
12	819	22	11.97
101	935	9	4.98
28614	184	3	37.47
821	109	20	91.8
44391	12	3	18.18
12	4496	6	6.64
124	4474	4	27.18
2383	7410	6	93.68
12	21709	4	14.98
391	2395	3	24.85
904	12	16	4.81
784	369	3	17.95
16	226	6	6.62
12	34118	3	13.78
458	2159	16	190.53
6110	2472	3	41.02
21428	272	4	53.54
395	104	8	7.8
16297	14	8	34.38
727	1079	24	290.25
11212	109	3	18.2
7506	2690	4	60.08
102	7072	3	6.77
2428	2	5	14
895	414	3	19.22
2906	2365	8	114.12
415	1487	6	52.89
5587	758	3	33.62
102	4654	3	4.64
19717	655	3	41.67
35298	14	3	12.18
103	2703	13	64.05
251	764	7	47.52
102	39235	3	19.63
6720	12	5	7.27
590	45691	3	51.71
306	12	34	4.3
27103	14	4	14.69
535	724	5	37.27
7447	352	4	44.09
57	450	9	22.61
110	2431	3	9.76
798	285	3	16.49
1385	2588	8	102.85
1340	21338	3	46.86
1561	13246	10	180.92
2785	232	3	22.49
7292	12	4	4.87
2445	8025	11	192.64
1385	6515	4	53.2
18194	14	9	49.64
132	16840	6	67.46
3842	3899	4	56.99
557	1151	3	21.99
6727	193	5	49.35
102	8799	5	18.77
7	1932	3	5.82
57	617	9	27.15
129	323	46	312.11
271	12700	5	61.44
165	303	4	11.32
1344	12	19	19.35
8845	107	5	31.02
1393	105	4	7.15
706	262	3	15.19
3231	17	4	22.38
7	2128	20	117.78
1909	109	3	7.69
8042	221	4	40.57
110	36302	3	29.49
313	14398	4	49.88
5156	102	7	23.06
36542	14	4	22.06
156	14101	4	41.05
23638	14	5	19.46
138	817	9	49.35
111	1375	7	28.36
508	3402	3	28.12
405	358	3	14.34
2551	16	6	32.24
18821	141	4	42.39
106	123	25	11.3
671	639	104	1524.48
105	2885	7	29.33
802	106	22	91.64
1263	16042	7	118.76
14740	14	9	39.47
40474	12	3	13.78
175	105	21	21.17
16412	14	3	5.25
492	12	26	6.27
249	226	3	8.62
548	5939	3	31.94
126	1378	3	11.87
10124	145	3	25.77
102	932	9	7.04
1026	375	9	78.34
480	104	12	22.25
3549	14	43	205.77
1084	1580	29	412.33
350	3963	3	27.24
1376	2274	5	57.92
5281	16353	3	52.55
101	1252	11	13.58
2570	12348	3	46.32
12	40614	3	13.78
394	1014	4	28.52
7130	133	6	54.05
36980	14	4	22.06
199	44550	3	44.79
150	550	5	19.25
5598	782	3	33.73
12	18020	4	12.38
6037	14	23	101.24
16522	14	8	34.38
103	3797	3	7.9
4211	8	4	21.62
219	545	5	25.74
4374	597	3	30.64
12	234	69	34.12
102	8248	3	7.8
718	976	3	22.54
4901	760	3	32.68
119	369	6	14.93
102	16567	3	12.13
785	342	3	17.51
587	461	3	17.51
12	22280	3	9.02
108	1165	3	4.53
8489	107	3	14.93
48545	14	3	16.55
4627	16	5	31.27
201	257	4	12.57
36724	14	3	12.18
141	1190	48	476.04
3744	101	4	5.44
2369	117	6	32.78
101	12766	3	9.37
2307	157	7	52.8
1420	111	4	12.12
17917	107	9	95.01
9830	162	4	38.21
12	8519	4	5.81
142	7486	6	56.48
12	10616	3	4.03
108	20820	3	22
2060	12	10	7.09
198	406	11	65.44
42703	163	3	42.57
354	11587	11	165.4
4435	1158	3	34.36
107	4295	4	16.58
984	3292	3	31.7
4827	14	9	13.15
303	12504	7	94.4
1807	10210	3	42.8
800	496	8	67.71
163	2958	3	19.26
128	2774	5	32.1
14560	9	4	32.79
36122	14	3	12.18
1545	104	6	15.3
2572	14	44	163.67
114	1380	6	24.43
170	183	5	10.78
1829	111	3	8.94
11612	375	4	49.03
21408	12	3	9.02
14947	14	6	18.59
8963	562	3	34.8
102	10715	4	14.57
9075	102	4	13.57
5550	101	5	12.05
35	13990	12	144.18
7	296	9	8.23
196	712	9	58.55
5481	18470	4	74.39
1149	5354	3	35.4
137	393	4	10.82
101	11314	3	8.49
2685	34255	3	56.15
201	2461	8	70.78
114	2505	3	11.62
681	2612	5	52.38
13149	108	3	18.59
12	12411	3	5.13
3022	33626	4	81.78
2454	105	4	11.17
46047	14	3	16.55
163	3817	8	71.88
1312	551	3	22.93
641	116	3	5.28
6773	3099	3	43.16
10166	402	3	34.26
30495	12	3	11.65
347	233	10	59.67
1753	14	76	323.61
5753	3470	3	42.82
5127	12	6	7.75
11395	107	3	16.78
14325	17951	3	59.72
25618	14	4	14.69
1765	102	5	4.26
12	15543	10	54.01
202	513	4	17.63
58	8	50	67.61
432	7102	10	134.3
2309	287	5	43.26
1998	14	66	282.14
563	17	4	9.36
4172	402	9	106.1
106	1287	4	7.38
1630	429	3	22.97
16593	106	3	19.16
7475	16	3	18.65
129	584	4	12.18
25189	14	6	33.09
13613	107	4	27.03
858	137	4	15.8
1970	102	12	29.83
6177	180	4	35.97
585	2068	3	26.11
103	490	7	5.71
12	1410	24	35.23
32522	14	5	27.58
6387	43244	3	66.08
9078	44095	3	68.46
28745	783	4	66.03
577	733	3	19.87
102	4426	4	7.79
4443	112	4	21.31
867	178	8	50.34
25833	490	3	42.33
7853	101	3	6.54
40767	14	4	22.06
104	585	6	6.25
120	21	54	138.57
5807	40597	4	87.33
3999	417	3	28.27
364	178	3	8.76
20405	14	5	17.39
208	224	4	11.7
275	978	3	17.21
2188	2643	7	95.24
387	3002	4	37.29
17324	12	6	25.21
101	4855	3	3.91
25678	14	4	14.69
2	7457	3	11.84
33	105	4	13.35
2256	106	5	16.46
7338	2	4	18.16
4493	10156	3	48.24
246	746	5	30.15
1779	677	3	25.86
599	733	6	48.47
1618	17	3	11.04
127	398	34	223.49
6036	503	3	31.71
524	5064	10	128.97
5595	12	5	5.75
2464	573	4	38.38
455	751	10	87.09
12	25375	3	10.16
37478	3455	3	57.61
534	1042	3	21.24
109	4876	3	12.89
22829	106	5	43.82
834	317	21	204.83
111	4994	3	14.67
142	2262	9	68.98
298	805	3	16.84
20211	735	3	42.28
12	15753	3	6.66
12	14394	4	10.52
31730	14	5	27.58
1632	110	3	7.6
1762	3244	3	35.11
593	1119	6	53.01
10501	101	3	8.11
102	10454	4	14.57
12	9393	4	6.56
2903	34213	3	56.67
2649	109	3	9.47
2298	111	3	10.25
30697	12	3	11.65
285	120	4	6.03
20752	14	8	44.13
4559	111	3	14.16
4437	1041	3	33.78
36266	105	3	26.12
13685	117	3	23.27
31209	14	4	17.19
35	29220	5	60.07
21	7	49	23.93
8	870	5	13.94
58	1279	5	16.3
565	21743	6	97.18
111	5896	3	15.64
14017	14	9	36.54
174	531	3	10.34
181	11186	4	41.22
128	1273	9	54.24
105	195	15	11.99
3836	2940	3	39.27
1233	5701	8	114.35
583	1405	6	55.86
585	102	11	5.72
364	613	4	24.3
5413	12	6	8.38
12	33817	3	13.78
16363	12	3	6.66
12	838	18	6.29
7433	101	3	6.04
12	2959	9	9.83
2	3422	4	12.1
118	18201	4	37.16
11178	14	15	82.74
221	2510	3	21.31
12	477	42	32.22
1266	1049	48	718.73
12	7203	4	4.87
2968	1326	3	32.98
101	6816	3	5.6
7235	14758	4	74.93
153	6370	4	33.45
101	5092	3	4.19
751	200	6	35.24
813	1	3	9.07
20091	14	7	32.71
207	898	4	21.97
5411	185	3	24.53
7460	5266	10	188.11
455	2415	3	25.65
12	22555	3	9.02
4237	516	3	29.6
26525	14	4	14.69
12	17144	3	6.66
10691	14	11	41.45
148	258	3	4.84
6014	12	11	30.84
458	732	3	18.59
2640	103	3	6.01
22863	104	4	30.75
355	122	4	8.18
16914	12	3	6.66
2456	118	4	19.34
351	5	5	40.67
46334	14	3	16.55
631	110	8	21.26
6957	851	3	35.57
35	35338	4	48.05
12	3612	10	15.62
8477	177	3	26.81
2114	101	8	12.76
7611	459	3	32.84
719	1481	6	58.73
512	176	14	89.82
52969	14	3	16.55
102	4072	15	66.71
188	928	3	13.95
965	203	5	30.02
101	18303	4	18.49
1858	46708	3	58.37
24382	12	6	36.37
948	28480	3	47.53
391	626	3	17.05
8179	19469	4	79.49
823	546	3	20.11
10252	308	3	32.72
12	2584	9	7.81
102	1407	11	18.94
12	2	1683	1691.79
30892	14	3	10.08
532	12918	5	67.84
445	4458	3	29.17
133	46561	3	40.49
102	1073	14	22.96
140	14893	3	28.12
104	413	7	5.86
127	1122	7	36.46
35	18009	9	108.13
2493	111	4	16.45
101	7539	3	6.29
207	1189	7	49.99
272	740	3	15.72
123	24035	3	30.86
31411	14	3	10.08
106	11763	8	64.43
2596	51831	3	60.36
425	1292	3	21.52
52464	14	3	16.55
109	9224	4	25.19
11664	8934	3	53.55
1065	970	10	107.09
181	1818	7	53.17
39934	14	4	22.06
6949	101	3	5.81
241	8	5	4.16
102	4997	13	59.94
24651	117	5	55.8
419	492	9	67.85
101	7836	17	109.94
214	58	12	20.65
104	646	7	9.84
8589	109	3	16.67
403	122	11	45.28
12	9959	5	10.9
102	9216	12	73.69
1188	5048	3	35.27
1101	107	4	6.61
651	14	49	49.83
139	679	3	9.2
5966	12	7	13.02
736	4643	4	45.44
375	127	7	23.33
32389	14	3	10.08
675	135	5	19.64
35	14886	4	33.67
224	206	3	7.19
324	163	4	11.43
6964	14	19	80.89
616	471	4	26.13
13786	101	5	22.3
32752	14	3	10.08
37417	36084	4	110.6
9247	112	3	18.88
3420	13394	3	48.61
6722	3344	3	43.51
5375	180	5	45.89
1221	890	3	25.03
112	2055	9	48.96
113	872	12	53.8
149	42938	3	41.52
12	9053	4	6.56
1548	760	5	48.16
103	11973	5	30.72
228	271	4	14.46
707	2435	3	27.99
107	110	37	3.88
108	1276	5	12.89
2512	177	3	19.28
537	102	43	109
1587	7	3	4.83
198	22465	5	66.24
40098	14	4	22.06
1607	12621	3	43.45
1112	25181	4	65.92
3442	312	4	36.6
195	178	3	4.93
7	197	15	13.09
2715	1190	5	57.91
31902	14	4	17.19
111	7629	3	17.37
101	8746	3	7.11
5067	1811	5	68.78
326	7377	6	70.52
35	48759	3	36.04
11162	14	10	36.72
26036	14	5	22.3
842	502	4	28.68
12	13367	4	9.76
11787	14	8	25.79
5079	12	23	99.92
13621	14	6	17.24
124	6039	4	29.76
12015	21	9	89.05
3274	905	4	43.82
52790	14	3	16.55
35952	6712	4	88.62
20982	14	7	32.71
29430	139	4	49.58
1990	107	3	6.61
2468	249	3	22.12
1238	20720	6	102.86
307	602	10	75.67
102	35402	3	19.63
930	101	9	4.98
12	53501	3	18.18
12	5285	5	5.24
975	14116	3	40.94
103	4428	3	8.84
2167	111	3	9.95
512	615	4	26.57
12	4853	7	10.17
101	269	22	6.26
284	931	31	328.88
1472	568	3	23.79
7712	150	3	24.03
2562	2457	12	179.88
8828	12	4	6.17
2466	104	4	10.68
3751	2228	3	37.53
101	17848	3	11.78
6108	4242	6	98.12
622	2039	3	26.28
1605	1015	3	27.45
30991	14	4	17.19
636	593	6	46.96
101	2655	6	8.83
121	3233	4	23.32
102	7552	8	35.92
7636	14	20	97.17
1314	143	7	42.09
3877	336	7	75.16
9	10	10	46.91
760	12813	3	39.1
442	14	56	39.22
1051	117	20	124.44
571	1125	3	22.1
227	102	22	6.13
2025	120	6	34.33
40221	14	4	22.06
112	7456	3	17.32
6336	107	3	13.08
25852	21	3	27.45
6147	12	5	6.31
436	1585	5	43.24
748	102	41	125.78
7391	1344	3	38.61
1432	407	3	21.92
347	367	14	106.61
1017	224	18	161.37
57	595	5	9.59
110	2572	3	10.1
1752	101	6	5.02
735	482	20	204.09
130	582	3	7.59
639	395	3	17.25
149	14594	4	40.96
105	7354	3	13.04
440	1072	21	227.7
299	24484	3	39.72
24390	2213	4	71.84
234	387	6	31.07
112	2832	3	11.62
295	1816	3	21.61
12	10229	3	4.03
6217	1378	3	37.74
12	14497	4	10.52
329	2844	3	24.79
2723	101	7	12.31
1387	8015	5	71.4
3743	14	28	97.01
8134	103	3	12.35
132	466	5	16.26
161	2659	3	18.52
289	199	5	18.9
566	2685	6	63.56
253	6584	6	65.42
473	375	7	47.59
3060	101	4	4.21
109	1938	3	7.75
12847	12	3	5.13
1625	2993	3	34.16
114	6279	3	17.08
947	216	3	15.39
5246	16	23	238.74
114	708	3	4.94
3597	14	16	32.03
12	10186	3	4.03
202	109	11	11.29
6358	12	10	26.7
8	19019	3	25.02
108	2626	3	8.86
161	1408	3	14.73
5549	14	11	22.97
233	1096	4	24.65
167	12	153	117.76
138	1252	3	12.42
140	527	5	17.97
9088	101	3	7.42
102	10341	3	9.13
12	2105	15	20.79
14345	12	4	9.76
1466	221	5	35.23
307	639	3	15.79
12	17003	3	6.66
2157	171	3	17.84
5534	101	3	4.49
7168	153	3	24.27
455	8164	4	47.07
3272	101	4	4.54
2	6460	3	11.1
2463	3635	3	37.78
5556	190	3	24.6
14963	14	5	13.21
12	3501	7	6.61
349	112	4	3.84
281	4446	6	62.07
16087	18684	9	227.75
927	2333	7	80.75
13427	12	6	20.33
1006	9019	3	38.01
698	2199	3	27.41
102	3795	17	77.9
104	3168	7	29.7
655	5138	17	251.35
30289	14	4	17.19
363	4322	3	28
2455	8343	3	43.18
1814	35563	3	53.74
102	18549	4	19.94
1340	13265	3	42.93
3663	34328	4	83.42
2016	104	5	13.57
4069	101	4	5.89
36657	14	4	22.06
1616	563	3	24.29
103	1551	7	18.06
152	290	3	5.85
312	114	19	68.93
12	2341	9	6.7
101	2473	6	8.09
43879	115	3	36.54
512	658	3	18.56
254	20637	3	36.26
401	194	9	49.31
7750	106	7	45.69
1734	728	4	37.21
3396	2954	4	53.76
670	5289	7	88.59
565	1535	4	34.33
1366	103	39	229.41
347	104	10	11.11
6477	2335	3	41.23
12306	5597	3	51.13
375	4411	3	28.36
611	124	4	11.97
27655	232	3	37.94
9171	101	5	17.6
1692	486	3	23.78
107	1530	3	5.23
27119	14	4	14.69
342	2090	4	33.47
524	27091	3	42.66
12	15656	4	10.52
35	47394	3	36.04
3395	14	36	141.11
1126	2459	14	189.44
37111	14	3	12.18
109	22289	3	23.58
1320	1121	10	114.59
462	366	3	15.07
496	2975	5	50.83
105	22495	3	21.1
110	1333	5	15.49
193	1453	3	16.88
7	151	249	1265.74
982	1847	5	52.24
443	326	3	14.1
3925	102	8	24.21
14125	1196	4	58.88
21583	12	4	14.98
946	180	27	245.13
4583	459	3	29.55
4998	448	17	238.23
9	1636	5	19.6
37781	14	4	22.06
294	287	4	17.34
777	144	3	10.16
48684	14	3	16.55
4307	9	3	14.43
2737	307	3	24.27
52677	12	3	18.18
102	1362	8	9.34
2912	107	3	8.71
16	1242	5	18
17723	14	3	5.88
208	2598	4	30.45
118	534	12	49.03
117	164	13	20.65
45337	442	3	50.11
48215	14	3	16.55
876	847	3	22.79
396	1863	4	33.62
486	118	7	20.44
5707	101	3	4.66
509	4556	5	55.44
102	1736	5	4.18
23654	14	3	7.51
103	2116	3	5.01
49319	14	3	16.55
574	131	8	35.22
101	6360	3	5.19
3420	379	7	75.14
104	627	20	64.09
5046	9	3	15.26
1401	12	11	4.03
32910	12	3	11.65
35	228	478	4982.76
260	14686	4	48.29
1629	13335	7	118.4
271	172	13	65.32
8857	102	6	24.96
35989	14	3	12.18
4670	102	3	4.64
16889	213	4	47.27
16	719	6	17.8
6672	10735	4	70.62
5689	101	3	4.66
4666	14	31	142.64
102	2701	11	32.24
842	15755	7	113.03
12	3940	6	5.28
101	1959	12	25.91
183	672	3	12.11
9478	265	6	71.3
28251	12	3	11.65
8195	107	3	14.93
112	7645	5	34.87
8	835	5	13.66
7419	1	4	31.89
1938	102	9	17.44
856	179	3	13.14
303	10656	3	32.69
25157	14	4	14.69
47831	16259	3	72.46
1154	9	3	6.85
4317	509	4	41.99
52774	14	3	16.55
27975	946	3	47.53
105	2220	3	6.37
49484	616	3	51.94
8299	5917	5	86.86
8139	14	17	73.84
5043	221	3	25.48
20966	14	3	6.62
328	1539	6	50.54
31512	14	5	27.58
13637	14	7	22.96
262	880	4	24.02
58	302	22	78.59
1844	8420	6	92.52
6502	268	5	53.26
35483	371	3	44.77
11403	6694	3	51.32
109	305	7	7.81
106	3589	3	9.47
1278	102	7	6.1
8195	34833	3	63.27
190	626	3	11.93
21132	14	3	6.62
22732	131	4	43.92
1103	116	9	42.03
2478	12	9	7.43
115	30255	4	43.72
111	641	4	6.85
205	225	4	11.68
8401	11151	3	52.76
40205	14	3	12.18
101	5344	3	4.34
156	440	4	13.13
124	1851	7	43.19
2	266	9	3.96
4128	209	3	23.91
12	22874	3	9.02
2471	106	7	28.63
243	102	43	51.64
16	633	3	4.73
6312	14	17	59.48
16254	12	4	11.38
21493	7	4	31.65
2017	1468	3	31.13
51826	14	3	16.55
58	14815	3	21.96
12	8183	6	13.32
4569	106	17	126.59
56	1776	3	45.89
760	107	8	18.34
102	4151	5	11.06
9297	12	6	14.64
19852	14	6	24.36
1292	1219	4	38.69
206	127	20	81.06
35	5642	30	360.6
2081	305	3	22.61
362	332	8	50.92
4036	12	12	25.45
13528	148	3	27.92
2017	316	5	42.75
15580	175	3	30.7
40726	14	4	22.06
9799	12	9	31.84
12	17915	7	33.09
12564	14	5	11.3
17834	106	4	29.43
101	4788	3	3.91
12	205	235	513.95
3893	141	9	78.71
1125	102	28	84.19
262	421	7	40.97
102	12888	4	16.41
2603	105	3	7.05
1121	14	64	157.66
7474	107	3	14.34
1877	122	9	59.36
4437	105	4	15.65
2781	866	3	29.93
12	30847	3	11.65
611	646	3	19.5
1070	1122	4	36.28
136	1279	4	18.85
1126	2167	3	29.93
2230	12703	7	121.44
12	10536	3	4.03
4142	196	3	23.32
2127	102	7	11.7
3146	12	19	48.59
113	2359	5	23.6
3411	153	4	28.43
4591	111	4	21.22
18951	14	6	22.03
34	34	12	218.91
3029	3496	6	86.96
20784	14	7	32.71
160	707	5	23.01
101	48153	3	22.98
1624	102	8	11.46
132	376	3	6.05
4978	12	7	10.53
1255	1682	3	29.02
101	10845	5	19.64
102	12024	4	15.74
1007	170	4	19.84
101	2391	5	5.13
32736	14	4	17.19
12	410	33	10.98
754	18525	4	58.44
102	1217	12	19.28
545	280	3	14.26
50375	12	3	18.18
26314	14	6	33.09
12	7009	4	4.6
146	1039	4	17.71
1166	245	8	62.14
118	1065	6	23.72
163	11454	9	109.51
5982	12	11	30.84
588	690	6	47.62
118	258	4	3.91
115	1117	6	23.12
102	5331	5	13.4
7528	15995	3	54.93
102	3881	6	14.52
12	657	31	22.85
635	14	150	500.77
101	5929	6	17.4
383	2430	3	24.79
303	20913	4	53.08
929	732	5	42.42
12	7909	4	5.48
16964	12	3	6.66
103	2548	8	30.27
12	1311	22	26.66
3190	12	15	31.53
654	1206	4	33.34
115	2949	22	192.2
116	110	21	6.5
783	864	7	64.28
25811	14	4	14.69
2864	159	5	36.84
12	2055	11	9.25
6445	14	13	37.36
478	804	6	47.13
12	616	35	28.99
101	1012	11	10
103	1799	10	35.45
7091	115	7	56.37
3360	28745	5	103.51
734	13960	5	71.86
1673	128	5	26.92
5662	102	3	5.57
453	169	3	9.14
18968	1372	7	122.7
4159	127	3	18.42
3423	2162	15	239.24
119	2429	5	27.68
1593	214	3	18.42
103	5789	5	22.54
12	7042	5	7.62
11925	193	7	84.7
101	2424	9	18.13
5263	1616	4	52.66
5625	6070	5	82.71
41596	17330	3	73.22
29090	14	4	17.19
929	2159	13	165.54
1496	591	22	269.87
356	417	10	72.03
868	104	5	6.39
762	522	3	19.51
12	3749	6	4.89
104	124	48	53.9
1112	126	3	10.54
53720	54560	3	84.68
4314	8665	5	84.25
781	2626	3	29.03
101	36656	3	18.52
1132	943	11	120.57
4484	4367	3	42.54
338	1856	3	22.46
581	124	3	7.21
42977	42169	3	84.68
12	1330	12	4.87
3070	1136	3	31.95
1178	4328	3	34.32
932	147	4	17.04
58	8991	5	36.19
7192	12	4	4.87
23670	14	3	7.51
1193	1648	3	28.56
141	2616	4	24.95
36510	14	3	12.18
2952	14	8	4.31
590	131	5	17.71
1348	33312	3	51.97
1854	105	8	28.64
7	51992	3	30.88
30599	14	5	27.58
119	15470	3	25.13
1149	121	5	20.9
141	17962	3	29.62
22468	49522	3	75.12
3126	3939	3	39.75
2932	102	4	5.09
8362	972	3	37.53
6636	458	10	134.42
128	6447	3	21.29
12	26826	3	10.16
5168	14	24	94.89
145	10305	3	25.77
1877	109	4	12.2
11762	12	4	8.48
2552	27731	3	51.95
164	591	4	15.7
108	905	5	9.86
8262	12	16	77.37
30462	14	4	17.19
18738	12	6	25.21
167	201	3	4.41
1764	175	5	33.59
2411	872	3	29.11
3364	101	5	7.76
293	103	21	37.74
29925	14	5	27.58
568	223	3	12.91
106	2416	4	11.9
321	1431	4	29.67
9204	14	10	31.48
1584	4960	4	51.91
608	128	3	7.72
17268	11591	4	81.48
562	16554	3	39.15
35973	14	3	12.18
1363	191	4	24.05
11916	12	3	4.72
21111	12	3	8.09
768	19668	4	59.83
48718	14	3	16.55
4007	694	4	43.68
8082	106	3	14.28
1027	12	20	13.7
3018	8900	3	44.71
693	473	9	75.45
101	1203	11	12.72
12	1571	11	5.3
124	3267	4	24.58
2262	162	4	25.84
103	2313	5	13.54
1067	24559	4	65.55
12924	688	3	38.48
10968	244	3	31.5
1096	1725	3	28.28
7	9753	4	22.78
2345	493	4	36.82
307	111	12	29.43
12	18965	3	7.32
2187	597	10	113.98
3275	1065	4	45.16
211	411	6	29.86
27483	14	6	33.09
243	130	4	6.27
148	466	5	17.73
624	175	3	11.27
103	611	7	7.72
125	50155	3	39.64
2707	101	7	12.31
16554	14	6	20.16
12	4019	6	5.48
922	28728	5	90.21
12374	12	5	13.78
102	1472	6	5.11
351	389	12	89.57
14930	101	3	10.44
1022	386	3	19.6
179	2585	4	28.54
1203	103	17	64.15
14369	475	10	161.97
23445	14	7	38.61
14884	6698	3	53.44
1263	5769	7	98.93
143	927	4	16.82
2797	2797	8	115.87
206	105	27	49.7
5926	362	4	42.25
509	744	9	77.73
12	886	23	16.04
101	770	12	8.47
125	792	9	45.35
284	432	8	50.78
493	186	13	83.26
13245	5722	8	160.04
103	9440	5	27.76
779	128	3	8.92
1900	4320	3	37.43
134	182	323	3221.77
19020	180	3	33.36
24937	12	3	10.16
4346	102	4	7.61
1050	4941	4	48.47
133	767	9	47.5
1799	161	5	32.1
365	54045	3	49.18
652	1196	5	43.88
6369	193	16	201.61
495	103	22	59.06
18428	14	5	15.74
168	290	19	110.64
7936	12	4	5.48
4863	102	7	22.21
283	9878	6	73.26
1018	17895	3	43.2
17217	28580	4	93.23
17921	102	3	12.86
10613	106	3	16
1261	9819	6	90.06
106	5373	3	11.71
438	516	3	16.46
437	123	3	5.61
766	6176	3	34.34
765	8157	4	50.47
640	555	3	18.9
7	3932	14	90.2
7864	28	21	320.93
432	2138	8	82.14
1388	111	5	17.09
102	9266	3	8.42
32790	106	4	36.75
234	153	46	312.86
12	15577	3	6.09
202	419	3	10.65
113	1814	7	34.12
3776	101	4	5.44
643	104	7	9.79
129	1996	3	14.21
57	3224	3	11.97
17488	101	5	26.11
165	3797	5	39.89
57	8221	4	26.22
953	394	3	19.31
37542	14	3	12.18
4147	107	5	22.74
312	12931	3	34.17
200	608	77	841.75
242	29482	3	39.76
113	4253	4	21.72
4139	14	32	134.53
101	8866	7	29.13
6753	5362	4	64.5
22802	14	3	7.51
4928	101	3	4.04
12074	1168	8	128.86
47403	14	3	16.55
1625	106	5	13.24
1617	32063	3	50.82
801	315	19	179.55
29675	14	3	10.08
28419	54389	3	77.95
770	1982	4	38.77
159	2343	7	53.54
952	115	125	1312.9
3162	107	4	14.36
797	124	3	8.72
258	300	16	109.68
735	212	16	128.13
7556	106	5	28.78
561	12	46	50.31
635	10082	11	169.42
236	273	8	40.25
16343	14	8	34.38
23386	6542	3	56.52
2179	184	6	46.52
2076	11794	4	62.09
3202	14	45	204.29
342	17212	4	52.73
130	12	599	1383.86
323	3078	3	25.09
131	3511	4	26.05
342	1924	3	22.83
10350	111	3	19.41
13962	193	7	87.8
569	105	107	723.56
396	2421	4	35.7
18451	14	9	49.64
1142	753	6	55.92
101	1298	45	181.54
12	1437	13	7.47
41055	291	4	63.75
8588	3573	12	227.03
103	2166	4	8.82
827	780	7	63.7
12	8039	4	5.48
8915	14	12	42.1
12	5620	6	8.72
12203	12	5	12.95
101	2057	5	4.1
12	1669	15	14.79
103	742	27	102.88
562	11162	7	99.22
283	1555	3	20.31
523	1260	5	42.43
49007	14	3	16.55
110	8924	9	75.74
29871	14	3	10.08
587	3685	3	29.52
148	2172	3	16.27
7362	273	4	41.86
2156	102	26	112.22
39385	105	3	26.12
549	409	16	142.55
149	8223	3	24.65
2534	53095	3	60.27
781	50116	3	53.23
240	591	14	107.05
178	3649	11	109.37
6791	310	5	55.32
36797	14	4	22.06
386	164	3	8.17
7733	130	3	22.45
48486	14	3	16.55
12	5031	5	4.78
2737	135	12	102.47
12	284	57	30.62
13656	13656	6	127.76
794	323	4	25.07
12	2752	15	27.43
247	210	5	17.97
22152	2218	3	50.01
103	5329	3	9.83
626	186	5	24.71
117	248	6	8.46
14846	14	7	24.71
12	18098	3	7.32
1672	105	3	4.85
3138	102	6	12.26
554	3231	5	52.63
102	26570	3	15.89
1212	6252	5	67.01
9805	14	5	8.55
11287	109	3	18.2
129	2498	5	31.07
7216	6157	4	66.38
259	105	23	47.15
2173	393	3	24.4
1424	800	7	71.52
101	10024	4	12.66
9	664	3	4.33
2	13063	3	15.45
5278	14	18	57.26
683	1249	12	129.59
743	1993	4	38.48
6663	12	5	7.27
14162	106	3	17.91
164	2299	5	34.93
3294	14	28	87.25
2268	101	6	7.42
12	29318	3	11.65
10612	130	3	24.51
108	1024	3	3.96
6511	264	3	28.51
9779	14	15	70.68
108	1450	9	35.29
196	156	4	6.87
106	199	30	62.28
43623	35	3	36.04
35008	9	3	30.89
6123	102	7	25.49
984	3811	3	32.47
15622	14	4	8.56
142	1296	4	19.42
646	306	3	15.83
113	821	14	65.65
4767	2091	3	38.69
2789	101	7	12.71
103	9867	4	20.72
655	47389	3	52.25
12	12873	3	5.13
15977	127	3	27.58
4016	14	34	147.69
341	461	3	14.69
7116	874	3	35.69
22701	14	3	7.51
1812	22574	3	48.68
522	780	8	68.12
550	728	3	19.5
304	328	6	32.48
12261	363	4	49.48
103	5631	3	10.21
35	21045	3	25.48
3830	101	4	5.59
101	853	9	4.11
102	2036	9	18.2
1719	318	70	1022.88
12103	1249	3	41.4
126	591	4	11.97
313	1201	8	67.19
731	106	12	33.85
12	586	29	15.34
1144	866	4	34.82
3695	431	4	39.53
101	5169	4	7.53
1881	553	6	58.89
2219	122	10	72.05
144	112	16	17.46
38750	14	3	12.18
13666	12	3	5.58
936	1406	3	26.22
36467	14	3	12.18
1219	10699	3	40.29
1033	350	7	56.58
7089	11206	3	51.58
8413	117	8	71.07
8918	7429	4	69.79
11241	561	3	36.36
5293	101	4	7.75
4272	14	25	86.94
103	1016	6	9.35
12	1879	14	14.82
404	8319	3	32.85
17329	101	6	34.63
2108	952	9	107.33
3131	211	3	22.27
32044	193	3	37.87
101	8169	3	6.82
633	3300	4	41.46
9225	14	12	44.06
102	427	23	25.97
19140	12	3	8.09
601	118	3	5.33
15613	240	3	33.56
14136	12	3	5.58
4006	2354	6	85.46
1196	221	3	16.8
1290	104	6	13.4
3341	101	5	7.6
31830	184	5	73.67
7427	14	16	60.9
1321	1020	3	26.32
6958	4206	3	45.28
103	5933	4	16.18
101	173	46	18.43
103	4120	16	101.83
101	2865	6	9.66
11756	490	5	66.2
511	7	6	6.03
6552	101	4	9.28
12	6459	4	4.1
1322	2284	9	115.17
146	179	5	7.86
874	58	3	5.04
2467	625	3	27.44
4514	12	10	20.11
9470	1080	3	38.73
12	16867	3	6.66
272	129	3	3.97
12	23566	3	9.02
3077	109	6	28.71
102	2311	14	43.62
153	1891	11	88.04
8501	12	4	5.81
579	325	6	39.28
284	8009	17	250.08
18928	14	5	15.74
153	7809	5	47.05
102	3102	4	5.43
101	4025	6	13.09
14861	12	3	6.09
125	1818	3	13.44
12	1912	17	24.03
1836	4608	3	37.48
313	21779	4	54.74
17913	12	3	7.32
421	134	9	38.57
393	116	7	17.44
3041	12	9	10.08
3212	1817	3	35.19
175	412	3	9.24
3886	1510	5	64.1
9519	105	11	88.27
301	9498	3	31.9
8110	101	3	6.54
983	107	4	6.02
149	8642	6	59.38
53349	14	3	16.55
257	157	3	5.52
134	1194	7	39.44
1694	101	6	4.77
109	605	10	27.34
102	8539	3	7.8
500	286	4	20.85
112	238	27	93.84
236	2239	3	21.29
168	420	5	19.43
3747	12	15	36.61
1734	7	22	124.02
6875	14	22	103.4
102	8884	5	18.77
19934	14	7	32.71
14079	213	4	45.45
4387	4944	3	43.23
112	4299	8	53.53
2057	101	9	15.58
12	11988	3	4.72
101	12104	3	8.91
18098	18098	3	61.76
409	4505	3	29
4759	1182	4	48.88
5843	12	6	9.08
2751	106	10	50.48
107	1197	3	4.01
10511	14	10	34.77
5008	106	3	11.35
1820	8	3	9.67
323	1511	19	205.28
161	187	4	6.63
2142	146	4	23.65
2234	57	5	21.5
106	892	11	33.04
7997	1581	6	89.8
5340	12	7	11.28
124	8943	3	22.96
15969	12	5	16.94
40023	14	4	22.06
198	972	11	82.63
1195	101	10	10.05
6573	102	14	76.99
3990	2887	5	71.29
2513	106	14	78
252	27382	3	38.4
31843	14	3	10.08
10644	327	5	60.88
4345	106	3	10.54
196	192	3	5.58
2859	12	16	32.82
756	179	9	57.23
698	16515	3	40.36
1594	16622	3	45.21
28870	14515	4	91.18
12	20618	3	8.09
1358	5452	13	203.87
102	903	8	4.79
157	957	5	25.26
1810	14	13	7.11
9304	519	3	34.72
898	3684	4	44.8
5530	737	3	33.19
445	3056	33	480.52
12	8058	5	8.84
17740	12	3	7.32
104	820	5	6.01
3578	4784	3	41.89
1177	9	8	33.21
10043	858	5	68.92
39864	14	4	22.06
751	704	3	21.1
336	1274	4	29.23
117	225	11	24.42
24184	12	6	36.37
12	6669	5	7.27
189	638	7	39.66
102	1801	17	50.85
664	8	3	4.49
127	448	4	10.33
12	51122	3	18.18
101	3107	4	4.31
12	317	44	16.12
40981	14596	4	96.18
12	6916	7	15.14
101	19878	3	12.61
28120	12	3	11.65
4710	4009	4	59.07
6717	101	3	5.6
1216	299	3	19.18
5315	12950	3	50.72
675	1446	5	46.1
2781	1915	4	48.77
228	171	14	65.79
320	13	4	13.26
46701	14	3	16.55
536	1186	3	22.01
102	13716	3	10.93
12	12461	4	9.09
7560	316	4	43.53
371	14	149	322.71
101	8536	6	22.14
3233	6248	4	59.75
2757	2937	3	37.25
617	2525	5	51.21
2278	525	3	26
1997	6131	3	39.73
173	423	3	9.28
137	443	4	11.41
40164	14	3	12.18
565	314	6	38.56
322	7340	4	43.23
301	8369	3	31.21
22565	14	3	7.51
566	4929	13	178.19
605	157	3	9.88
1339	101	12	17.98
379	5091	3	29.3
6156	12	5	6.31
3957	105	4	14.67
12525	14	7	21.45
128	906	34	275.74
133	2017	3	14.87
134	4130	4	28.1
640	2296	4	38.71
467	22045	3	40.87
916	107	9	25.02
9	947	3	5.92
22612	12	7	42.43
167	582	3	10.2
9	127	33	64.92
397	4002	3	28.07
10434	14	11	41.45
880	102	11	10.75
164	206	3	4.55
2764	15978	10	204.11
317	1114	4	27.45
1876	101	17	46.56
106	5198	3	11.53
327	29446	4	59.59
143	306	4	9.48
119	404	10	35.8
13079	12	7	25.08
5563	2697	3	40.94
1235	1664	6	66.48
281	175	14	74.54
101	2372	5	5.13
102	3232	6	12.67
101	4851	3	3.91
103	6104	3	10.61
6647	12	5	7.27
1757	28700	5	96.84
5619	102	5	14.03
415	753	8	64.77
102	5574	6	18.64
103	5442	5	21.84
50791	14	3	16.55
29256	2027	4	73.63
12	6631	5	7.27
101	6235	3	5.19
730	249	3	14.98
5262	14	25	105.19
2292	7	3	6.74
12	1060	58	151.35
7469	672	3	34.8
114	15048	4	33.34
27609	705	3	44.31
654	952	7	63.14
622	1653	3	25.01
16258	14	10	55.16
303	147	3	5.72
117	2412	4	18.7
9731	1816	7	113.17
657	642	5	38.22
12	16695	4	11.38
115	861	3	6.44
149	2560	5	34.07
103	4690	3	9.15
27242	14	5	22.3
957	12	70	198.27
738	31643	4	65.54
123	2185	3	14.19
764	105	6	9.08
2517	28174	3	53.54
21670	12	4	14.98
122	209	7	13.7
2773	101	7	12.71
728	104	8	14.28
12	1684	14	12.58
1113	204	3	15.74
104	589	10	18.48
20846	6243	6	123.43
217	7016	3	27.58
116	594	9	32.44
19010	21048	3	63.51
11444	17888	3	58.21
6139	102	9	37.81
37616	761	3	48.64
533	14716	3	38.19
3653	9	5	27.57
115	5177	3	16.57
34907	34953	3	75.68
140	114	15	17.1
205	164	3	4.49
10137	8	3	20.2
743	1674	5	48.62
113	8012	3	18.52
1240	10172	5	73.38
4013	189	4	32.63
12	9847	4	6.98
33609	21463	3	70.62
1581	111	3	8.1
25654	12	4	16.81
616	672	5	37.91
233	373	3	11.27
24061	17079	3	64.14
950	106	4	5.39
410	652	4	25.65
8722	14	8	19.7
106	3526	7	33.61
1789	12	11	7.03
108	2223	3	8.06
704	719	4	30.02
109	118	24	8.84
105	2033	8	30.1
20657	105	3	20.09
886	1546	5	49.32
128	1513	10	65.83
7656	12	5	8.41
101	15177	6	31.02
112	1233	8	33.15
18137	102	4	19.94
22738	162	4	47.18
113	1016	4	10.64
356	9656	3	33.2
114	272	6	8.06
38229	14	4	22.06
4288	14	19	52.2
946	279	34	367.12
35964	14	4	22.06
3891	10619	3	47.33
2408	178	8	67.26
4490	1511	3	36.11
9	5474	3	15.82
30664	117	5	61.21
7345	12	8	20.26
1476	486	3	22.93
8769	2383	8	134.49
1382	7316	3	38.81
102	6230	6	20.35
10545	801	15	260.14
2	4903	10	56.33
12746	12	4	9.09
6890	180	5	48.71
278	124	5	10.37
12	3847	7	7.53
124	1205	3	10.84
12	1123	16	8.15
102	380	16	8.26
12	3600	8	9.47
252	199	3	7.53
123	2395	7	46.09
19526	12	3	8.09
19981	105	3	20.09
21872	12	3	9.02
2	4593	8	40.06
116	1035	4	12.06
174	31757	3	36.81
7614	3168	4	61.38
15127	116	3	23.83
153	35225	3	37.54
10908	6181	5	91.05
12	23970	5	22.13
127	104	30	16.94
6957	1108	6	83.34
10123	102	3	8.76
101	966	19	32.33
102	2085	10	22.58
3480	1609	8	110.46
11377	114	8	74.76
39662	131	3	35.61
103	5648	3	10.21
12531	1738	5	79.41
102	8007	3	7.52
545	12	24	5.95
12750	5032	8	155.69
6449	12	4	4.1
101	2582	9	19.11
15692	200	3	32.67
9980	102	3	8.76
2598	101	14	41.74
103	23293	4	29.55
1447	402	3	21.9
275	664	5	30.26
1135	1277	5	49.67
178	1487	14	119.75
3952	162	5	40.07
7	4438	3	10.3
380	2732	3	25.49
109	6018	11	84.04
226	629	8	51.98
1392	4664	3	35.97
677	1908	8	86.49
647	406	3	17.41
8931	14	9	24.67
4167	2259	3	38.19
911	128	4	15.03
2165	9577	7	115.96
8577	14466	9	197.54
1508	11917	4	59.41
129	1679	13	95.85
2235	562	4	37.4
8	35008	3	31.08
1019	7491	3	37.13
226	430	3	11.72
405	672	4	25.66
128	6017	4	30.2
1656	105	7	21.7
676	149	19	130.61
640	106	10	22.99
10984	2762	3	45.74
3568	612	12	154.6
9417	101	3	7.42
2103	12	16	23.61
5921	101	3	4.83
1668	109	6	21.59
17946	14	9	49.64
12759	5894	3	51.34
880	445	3	19.36
1124	414	7	59.69
204	328	7	33.18
102	15204	5	25.22
348	126	3	5.08
609	742	3	20.24
8330	12	6	13.32
18757	14	5	15.74
3163	53846	3	61.62
5451	126	7	59.51
4919	221	4	36.4
7767	14	14	49.43
9685	106	4	23.33
777	791	6	52.23
12	12963	4	9.09
135	914	3	10.49
58	2119	11	64.57
1826	14	60	218.29
806	101	15	15.91
11770	102	3	9.95
142	6086	3	22.09
13505	613	3	38.42
2920	109	7	35.2
254	2311	5	41.82
12182	543	3	36.63
27964	24134	4	97.96
1367	1585	3	29.28
102	32574	5	40.16
438	4360	4	41.03
1018	2214	36	561.07
7721	14	22	121.35
3529	17970	4	70.7
536	1107	3	21.6
392	13446	9	135.46
101	9743	3	7.75
2413	105	5	15.92
52923	14	3	16.55
12	13556	4	9.76
111	222	6	4.47
16938	1332	4	61.73
376	2	11	12.72
660	11200	4	52.32
109	341	5	4
24168	12	4	16.81
1658	916	4	38.46
6684	14	13	38.66
242	140	4	7.42
118	1793	38	344.09
1056	160	8	50.02
12	1140	33	53.54
314	102	28	27.8
542	6290	4	45.58
2774	328	13	147.54
11179	3642	3	47.35
252	181	3	6.8
629	163	3	10.36
447	140	4	11.71
12	7508	6	12.17
305	471	28	259.31
5255	12	8	14.88
12	19355	3	8.09
149	623	29	221.18
1741	58	4	13.71
3430	12	12	21.85
6790	14	23	113.19
40858	14	3	12.18
51348	14	3	16.55
12	512	28	9.51
124	538	8	32.51
219	992	4	23.14
2834	106	4	13.09
135	10976	3	25.71
1532	1297	3	28.67
928	150	3	11.35
102	7665	3	7.26
101	947	15	19.27
102	2122	6	8.5
21286	3018	3	51.72
3222	115	46	523.68
278	1488	7	58.29
12	2924	9	9.58
15671	180	4	45.14
109	14274	4	28.94
849	102	36	108.04
16675	12	3	6.66
206	592	22	180.52
116	5	6	26.85
800	492	5	37.5
799	116	7	25.39
107	1387	3	4.81
7	1618	8	27.22
110	763	21	102.12
4563	7779	3	46.33
1225	14	95	358.48
3069	11758	14	289.63
125	10282	3	24.23
3626	146	3	18.98
238	27547	6	92.78
4011	128	3	18.31
1583	181	3	16.78
7344	15109	3	53.97
24277	12	4	16.81
52990	14	3	16.55
2872	111	8	46.51
6387	101	3	5.39
338	13626	3	35.22
8176	2290	4	59.69
1462	154	25	230.87
25347	14	3	8.62
1047	3461	4	45.39
31783	14	4	17.19
2902	4620	3	40.35
910	302	5	34.42
101	14491	9	58.59
113	2706	5	24.96
109	36251	3	28.62
198	2259	4	28.75
101	8647	4	11.74
52588	14	3	16.55
3865	424	3	28.08
226	155	17	80.94
2032	107	7	26.82
46297	14	3	16.55
12	20514	3	8.09
4675	496	3	30.05
5024	106	5	24.1
790	1609	6	60.81
5419	461	6	70.35
188	1065	3	14.64
102	1816	11	23.94
296	9042	17	264.75
101	6280	4	8.99
388	200	12	73.26
8821	915	6	84.53
662	102	29	62.6
12	238	79	53.63
999	107	4	6.06
1594	18027	4	64.25
9435	147	5	47.56
1527	9687	3	41.31
817	592	5	39.42
40007	14	3	12.18
101	3704	5	8.47
21183	19198	3	63.51
10088	12	4	6.98
102	145	69	43.64
183	471	4	16.04
2	887	5	5.54
516	102	54	156.71
102	5106	5	13.11
383	401	3	14.64
17358	12	3	7.32
3273	109	3	10.57
102	17974	3	12.86
9579	34944	4	92.05
395	398	4	22.03
3668	146	3	19.12
1888	21477	4	68.5
349	17	4	6.65
8469	12	5	9.3
5131	13025	3	50.53
5013	109	9	60.24
2	6156	3	10.66
13892	14	6	17.24
527	44224	3	51
1739	110	3	7.93
4640	836	3	32.94
14076	16	3	22.63
308	1449	6	49.2
18619	14	7	29.34
8580	12	4	6.17
209	255	5	18.29
33065	286	3	43.18
3646	334	7	74
12	364	63	63.53
2710	12	7	4.16
283	6105	5	53.17
2	4758	3	9.19
2	554	7	6.81
9130	553	4	49.35
2768	1646	3	33.85
12	3706	8	9.75
13910	14	9	36.54
2434	295	4	33.49
150	2868	3	18.02
12162	14	4	6.62
9669	458	10	145.03
182	1703	4	25.49
2762	287	4	34.13
14967	105	11	112.25
363	3215	5	48.82
519	101	13	4.83
902	1449	3	26.17
5117	161	5	42.89
102	521	11	4.32
103	2630	4	10.06
27884	180	3	37.21
12	5962	7	13.02
5530	106	13	93.7
12	13400	3	5.58
652	241	4	21.26
528	5091	16	227.18
111	140	10	4.13
58	4722	12	93.55
8	5604	4	24.02
1104	4023	9	121.92
28764	12	3	11.65
106	1385	3	4.52
107	1254	5	11.4
1657	364	10	98.78
129	2528	3	15.64
923	160	3	12.23
289	5813	5	53.04
2545	106	3	7.58
32930	268	3	40.48
6921	8598	4	69.42
743	22600	4	61.06
3161	932	3	31.12
4762	943	7	91.23
320	1981	8	76.19
1038	374	6	47.35
5511	169	3	23.36
173	8125	4	37.58
35	30663	4	43.05
734	18230	5	75.79
328	429	5	28.32
3237	105	3	8.27
112	171	8	4.76
19966	14	7	32.71
51481	14	3	16.55
22974	1436	3	47.21
18945	101	8	55.04
1480	155	4	21.86
7344	11942	3	52.32
331	21	4	4.19
378	16	11	33.56
406	132	3	6.41
13478	1629	4	61.58
987	102	10	10.07
612	5699	3	32.4
10543	14	8	22.99
6065	105	5	25.02
107	2337	3	7.51
133	241	5	10.45
2306	23790	3	50.17
1255	1466	3	28.17
11610	101	3	8.91
10584	14	11	41.45
13438	101	3	9.88
500	1503	4	33.18
462	127	4	10.5
370	9	9	22.02
478	299	3	14.17
2684	26431	3	52.24
4630	12	6	6.9
12	3248	7	5.8
214	137	5	9.58
18182	12	4	12.38
12	1534	12	6.62
16372	25300	4	89.5
255	16108	4	49.02
2280	896	3	28.95
9284	141	3	24.87
149	1001	6	31.6
394	190	3	9.71
13420	25019	4	87.69
1750	3264	10	143.11
123	626	23	146.31
108	32564	5	54.24
693	725	7	60.38
356	101	17	5.52
12	2619	7	3.89
2835	105	3	7.58
6515	6849	4	66.29
12	125	255	190.75
694	1614	4	36.28
102	1374	27	91.83
101	510	14	6
484	203	5	23.93
4058	265	4	36.4
39832	14	4	22.06
7303	415	3	32.04
53146	122	3	39.13
665	19270	3	41.71
2912	104	3	7.4
7008	4038	3	44.98
875	101	22	39.27
18142	6902	3	55.13
8378	12	4	5.81
6145	139	3	21.92
3973	475	15	197.64
12542	101	3	9.37
19206	17606	7	170.15
40346	1042	4	73.04
208	2803	4	31.1
21216	9	6	65.03
298	9957	5	59.45
5013	404	3	29.47
9363	106	5	31.05
8655	12	4	6.17
52705	14	3	16.55
103	2120	15	71.11
12	945	18	8.34
884	967	4	33.8
912	102	17	29.26
16732	12	5	16.94
7751	7572	3	49.63
101	12965	4	14.98
267	372	5	25.13
5728	12	5	5.75
106	4498	3	10.85
7768	101	3	6.29
166	1654	3	15.89
1786	531	5	46.09
10291	239	7	86.46
4731	106	7	37.9
16691	12	3	6.66
43654	1680	3	57.73
107	5117	5	24.99
12	12530	3	5.13
12	9088	4	6.56
2476	1546	4	46.01
560	779	3	19.97
17208	12	5	18.34
592	4843	21	316.48
26066	14	3	8.62
298	102	21	11.9
3359	12	13	25.16
1485	143	5	27.85
12	11347	3	4.36
1307	101	10	11.59
109	2697	3	9.56
41736	12	3	18.18
162	1517	3	15.14
197	1851	3	18.54
20802	129	4	42.1
17219	12	3	7.32
322	110	31	125.63
5221	12892	3	50.53
639	127	3	7.91
9890	12	4	6.98
18849	3651	3	51.04
403	14	303	1314.72
127	11727	3	25.26
35	47398	3	36.04
6239	14	25	123.9
5213	884	7	91.74
557	109	8	17.39
2145	101	12	28.13
169	3462	3	20.53
475	169	13	77.64
162	4395	4	31
321	1146	6	46.52
226	300	12	71.87
196	792	3	13.58
605	249	24	213.42
284	26645	3	39.34
539	191	3	11.15
441	2509	3	25.64
50914	14	3	16.55
138	105	77	183.85
135	2978	49	623.88
26878	14	5	22.3
1515	139	3	13.59
10655	105	3	15.33
21	1108	6	21.57
978	264	3	16.98
230	5639	3	26.7
3598	241	7	68.96
5986	107	4	19.5
2773	8477	3	43.95
5001	189	3	23.99
3151	101	8	17.99
29643	14	3	10.08
322	121	31	171.11
197	3267	7	63.4
109	246	11	15.37
110	650	8	21.61
2712	143	3	17.24
2544	240	3	22.09
7212	997	4	51.5
3634	247	3	24.33
22855	14	5	19.46
2365	1732	3	33.15
1484	496	3	23.04
103	10440	4	21.26
58	4240	3	13.72
11505	12	3	4.72
10547	177	4	40.28
17962	14	9	49.64
103	689	25	87.93
12	1864	20	33.22
666	172	42	385.98
431	30306	3	43.28
148	388	3	7.08
1640	105	3	4.75
668	18117	3	40.87
624	106	10	22.51
8346	4180	3	46.3
36765	14	4	22.06
2697	14	61	326.38
271	204	3	8.29
21459	115	4	39.17
922	43125	3	54.09
183	358	16	100.29
790	1467	11	123.3
35	36602	4	48.05
24994	12	3	10.16
1173	138	7	39.38
2623	107	4	12.91
1054	1110	3	25.3
2	8026	8	50.55
175	1389	5	31.23
307	4045	5	49.65
1135	1708	4	40.25
208	2780	3	21.56
4637	4934	3	43.73
18012	102	5	27.94
274	4618	3	26.53
1445	1024	4	38.12
238	4609	3	25.58
101	24154	5	32.93
3589	1392	4	48.17
12	17926	3	7.32
2190	187	3	19.11
17	57	101	318.98
1137	109	12	49.78
119	2205	3	13.06
1919	156	5	32.27
1109	105	14	50.74
1764	106	14	67.55
840	147	4	16.31
201	2115	3	19.62
112	209	9	11.37
141	866	28	224.19
27226	14	3	8.62
4012	102	9	29.84
1334	11244	3	41.36
257	249	3	9.38
222	4624	5	47.33
161	5851	10	104.54
2038	350	4	33.39
189	27040	3	35.93
408	3190	12	142.8
949	105	34	175.57
1852	45	5	67.53
1342	2715	4	45.61
1123	118	3	8.25
977	109	3	4.23
12608	12	3	5.13
24340	8	6	71.16
35856	14	4	22.06
776	104	31	138.73
1792	103	6	15.31
113	2038	5	22.16
744	3294	3	30.2
13474	35	12	144.18
102	9412	3	8.42
6631	12	6	10.7
229	194	3	6.91
710	130	3	8.49
924	1896	5	51.84
2997	1214	5	59.19
106	1050	4	5.95
2300	101	7	10.54
10847	9614	3	53.82
1690	123	7	41.1
106	273	10	10.01
107	389	7	7.81
1617	32062	4	71.77
16210	14	3	5.25
103	46199	3	29.3
406	12	35	13.36
6639	105	3	12.53
538	267	4	20.76
3302	107	5	20.53
646	111	6	14.47
667	12324	4	53.73
5422	393	6	68.87
909	9263	3	37.81
12	397	65	77.74
761	1769	3	26.53
12270	180	6	69.96
388	767	9	74.53
14639	1892	3	45.62
8918	2415	3	43.42
36409	14	4	22.06
12352	12	7	25.08
18173	14	6	22.03
362	790	4	26.08
4612	14	28	114.57
1034	902	5	45.34
24926	5368	3	56.45
4232	135	3	19.47
4268	102	5	11.29
2665	732	11	135.71
700	6442	5	62.26
532	12463	5	67.84
13104	106	7	55.17
27756	102	4	24.56
994	153	25	209.36
1681	161	8	57.88
8624	9	3	18.9
2	1220	9	23.45
104	1613	4	7.73
103	3962	6	24.41
1112	3201	3	32.1
48256	14	3	16.55
1781	105	3	5.15
280	334	32	278.12
215	248	3	8.19
29878	4156	4	79.38
4031	101	13	48.87
143	3429	4	27.25
2828	107	5	19.09
3911	1256	3	34.24
2792	102	5	7.74
156	19566	3	31.66
305	358	4	19.28
3880	179	3	22.03
115	596	3	4.84
116	201	9	14.42
422	406	11	84.35
103	2800	3	6.35
11815	12	4	8.48
8750	102	3	8.1
24010	14	6	27.48
479	126	4	10.62
7296	14	15	54.06
58	3548	10	67.13
28080	28	5	76.3
8897	12	4	6.17
4700	1491	11	165.44
3326	891	6	70.96
3864	406	3	27.88
159	269	3	5.98
1013	116	4	11.88
856	418	3	18.97
4148	126	5	35.8
473	436	15	129.11
2335	7912	3	42.6
405	766	6	45.07
3388	103	3	7.32
21659	12480	3	61.07
225	142	3	3.86
134	438	70	600.82
829	2262	3	28.52
17342	149	3	30.08
8520	111	3	17.97
4141	534	9	110.33
142	5395	3	21.46
169	1852	13	112.35
2370	12	11	11.63
4197	105	5	21.3
12	10311	3	4.03
7422	21	3	18.04
838	101	11	7.5
102	12690	3	10.41
31281	9	3	28.66
5547	118	4	25.77
197	6039	3	25.71
7	7672	5	28.09
5631	11981	3	50.62
6775	101	3	5.6
5548	829	5	61.87
3871	106	30	258.26
45170	14	3	16.55
1897	102	8	13.55
8162	145	3	24.31
102	3010	4	5.2
12	2020	9	5.03
3103	310	23	296.71
22030	14	4	12.9
102	4462	12	49.93
668	18481	4	57.42
2249	118	3	12.39
624	2296	4	38.49
12509	14	13	71.7
5089	139	9	84.22
553	127	28	188.43
274	5741	7	78.44
11540	33243	4	93.85
23089	109	5	46.83
3590	202	3	22.79
543	154	12	68.58
925	3497	5	58.15
818	18305	3	41.98
825	110	20	97.63
1183	28848	4	69.04
3218	113	3	12.86
102	538	25	39.12
12	6295	4	3.87
4178	103	3	8.41
247	562	23	198.25
823	1065	3	23.73
121	1565	8	46.19
102	1927	7	10.56
104	1523	4	7.29
195	8818	3	28.13
118	227	73	441.85
847	1585	4	37.47
3848	2442	13	209.04
1323	101	8	6.95
3621	3081	8	121.61
2847	11371	3	45.95
22549	14	5	19.46
1414	3281	3	33.91
821	1034	3	23.55
9036	672	5	65.98
8522	35	20	240.35
2199	265	6	52.44
12	443	30	8.68
101	319	56	103
188	423	6	27.85
13014	14	12	59.27
47142	14	3	16.55
12	11457	3	4.72
1519	1062	4	38.85
103	8537	3	12.65
114	4020	5	29.18
2726	12	21	52.71
200	1891	18	180.51
347	208	3	9.98
102	26002	5	34.79
13	43147	3	44.1
185	43799	3	44.21
108	607	4	4.26
102	32575	3	17.44
7	1542	3	4.64
134	1576	6	35.35
224	129	6	12.29
258	155	21	114.71
1772	10639	3	42.6
102	14845	3	11.49
3205	1162	3	32.3
616	766	6	49.41
1735	107	7	24.67
199	1870	4	27.18
198	1986	18	181.65
4171	182	5	43.14
3466	204	3	22.59
18912	14	3	5.88
102	9262	4	13.57
125	12936	3	25.62
330	269	7	38.21
12	13289	3	5.58
977	7690	4	51.75
138	173	8	17.22
113	143	263	1732.8
20279	299	3	37.45
1130	145	4	18.23
370	2286	4	34.84
737	165	7	37.89
3866	112	3	13.35
31244	102	3	17.44
13894	14	7	22.96
192	2084	3	18.99
160	2	24	16.1
12	10960	3	4.36
18782	21	3	24.33
12	9103	4	6.56
53077	14	3	16.55
14463	7846	3	54.56
1194	14	28	28.38
1224	2083	7	82.88
140	11554	3	26.46
668	5832	3	33.04
188	13	6	16.88
3221	105	9	44.44
821	732	3	21.66
2197	2976	3	36.09
12	2538	14	21.8
1135	8050	3	38
1260	351	5	39.11
3277	12	9	11.18
116	1254	4	13.52
31827	14	4	17.19
8152	17430	3	55.99
1211	101	8	5.74
599	699	3	19.78
10056	12	4	6.98
126	178	16	49.77
730	157	12	75.77
10417	9	16	188.75
994	387	6	47.4
40039	14	4	22.06
573	562	9	75.06
7573	101	3	6.29
189	1211	7	47.86
12	3169	9	10.62
101	3564	8	19.78
32332	14	3	10.08
19613	14	6	24.36
621	526	4	26.84
722	14	219	1140.2
11173	982	4	55.26
4066	12	6	5.48
149	6657	6	55.54
145	8144	3	24
32825	14	5	27.58
12835	14	10	41.51
686	110	4	6.32
51465	14	3	16.55
478	1074	4	30.23
577	699	5	37.81
12	1782	21	34.66
102	51113	3	24.09
15883	12	3	6.66
12592	12	3	5.13
219	7098	5	51.56
1528	126	4	18.81
12	855	29	28.23
598	306	3	15.42
103	2038	4	8.29
996	4563	4	47.41
102	4147	4	7.26
2770	566	3	27.65
9743	102	8	41.07
2016	627	6	61.08
552	113	13	49.84
1987	106	3	6.3
118	488	3	4.41
17	860	3	7.51
117	119	13	6.59
20608	136	3	30.19
22685	14	4	12.9
16	1323	3	8.37
143	111	61	201.55
12	2565	14	22.18
12	6771	9	23.47
185	342	69	641.01
2	270	58	200.97
11199	14281	4	77.93
5623	107	4	18.93
3544	23576	3	52.67
102	20451	3	13.69
416	38871	3	45.36
116	389	6	13.24
4906	7182	8	143.29
6561	318	13	173.57
20373	109	3	22.57
848	983	3	23.52
35351	14	4	22.06
820	329	3	17.36
446	105	14	29.47
5463	4984	4	62.13
13	321	5	18.69
101	1231	10	10.57
2	1045	9	20.83
5230	145	3	21.33
6256	147	3	22.49
38553	21	4	47.67
300	146	33	212.37
297	772	11	89.9
112	662	12	45.64
107	16506	3	19.52
1697	161	3	15.82
410	847	3	18.86
6606	106	10	69.89
7632	105	3	13.32
440	745	10	86.11
30025	14	4	17.19
1526	6260	3	38.31
706	1335	3	24.38
53131	264	3	47.09
36393	14	4	22.06
1242	104	49	317.79
1182	3942	4	47.38
373	146	6	20.88
2450	107	3	7.74
102	13174	5	23.13
9273	14	15	66.91
4899	9	11	86.31
230	3381	4	33.74
103	15283	3	16.53
566	34201	3	46.95
2	9204	3	13.35
297	1908	9	86.29
8	823	9	34.27
777	5187	5	60.7
16892	316	4	50.93
7	960	4	5
7566	4368	6	101.77
101	26475	3	14.79
15943	1248	3	43.73
131	829	11	62.38
3044	10640	3	45.95
105	499	23	73.06
43149	28	3	45.77
1785	109	10	47.35
4757	14	24	88.12
1759	185	10	83.61
8295	14	11	34.33
741	186	3	12.73
2181	211	6	48.9
825	121	4	12.75
15334	101	4	16.52
184	4520	11	117.15
1196	146	8	48.62
16	185	6	4.13
102	20012	4	21.18
1062	1494	3	27.26
460	435	3	15.9
1575	106	5	12.89
8509	1780	4	57.5
16792	9	10	117.96
5504	102	4	9.27
116	12	392	261.28
755	199	5	27.4
12	5234	6	8.06
5492	14	28	135.13
1026	339	5	36.56
101	7342	3	6.04
17000	14	9	43.27
2129	101	5	4.36
102	744	12	10.96
101	1671	6	4.69
35236	14	3	12.18
35	18330	9	108.13
6320	7646	4	67.09
6712	130	3	21.63
699	141	4	14.76
793	2418	3	28.62
12	414	45	31.36
2133	278	8	75.22
153	608	17	112.98
37526	14	4	22.06
1520	12389	4	60.19
9434	14	10	31.48
10057	232	4	43.14
3135	101	4	4.31
6999	109	4	22.68
26350	12	3	10.16
2	7835	5	26.1
141	9773	3	25.25
137	284	4	8.51
7965	105	3	13.6
808	214	4	21.54
229	118	6	8.34
3392	134	9	75
462	207	3	11.35
131	2660	3	16.13
109	3885	3	11.54
57	1116	3	6.01
704	1479	6	58.46
105	257	9	5.59
129	1858	5	28.08
22531	547	3	41.66
471	1196	7	62.19
102	26698	5	34.79
5963	101	5	13.03
1014	790	3	23.27
23909	14	7	38.61
12	25900	3	10.16
6662	19458	4	77.53
2512	362	5	46.36
8428	14	18	86.54
33503	12	4	24.25
344	128	12	50.61
4486	20122	3	53.1
609	1280	3	23.35
606	871	4	30.36
1154	386	3	20.29
12	11229	5	12.2
2150	5827	3	40.04
137	1043	3	11.23
10686	106	10	83.25
2210	235	6	50.89
14810	102	6	33.21
10435	131	3	24.7
280	8492	3	30.63
1582	12	10	3.87
53908	26352	3	76.36
12	14203	3	5.58
23554	448	5	75.38
12	26857	3	10.16
1050	7541	7	100.52
258	430	5	25.86
3738	597	4	42.07
227	1602	6	46.38
109	2172	9	44.59
258	629	8	54.25
4437	102	3	4.38
57	6386	3	16.15
17655	117	4	36.62
652	279	3	15.24
114	3408	3	13.34
25010	12	4	16.81
12	13458	4	9.76
1430	17618	9	170.8
135	439	5	16.12
9177	14	8	20.71
10203	101	3	8.11
20864	130	4	42.15
371	186	6	26.48
15105	14	6	18.59
29916	14	3	10.08
107	2459	4	12.45
18988	28163	3	66.49
3389	101	4	4.78
133	724	5	19.97
3682	17873	3	51.04
110	1929	6	25
7504	1093	8	118.16
14056	12	3	5.58
342	842	92	1244.89
2193	26716	4	71.73
1564	30179	3	50.59
16836	116	3	24.5
15250	14	10	48.59
1247	795	6	57.75
108	1960	3	7.31
101	8627	3	7.11
1577	2423	3	32.65
2410	14	43	149.17
101	10476	4	13.17
38293	14	3	12.18
3529	694	10	126.35
945	1359	4	37.15
121	10320	9	93.68
9028	200	3	28.68
8698	107	3	15.26
7802	12	7	17.08
811	106	7	14.16
431	4941	3	29.73
48240	14	3	16.55
256	7399	7	81.18
107	8101	3	14.63
1050	3165	3	31.75
36515	14	3	12.18
260	337	4	17.41
322	251	4	16.49
23631	14	6	27.48
106	3716	3	9.59
4284	3922	3	41.61
105	1332	7	18.91
2064	997	3	28.97
366	35606	3	44.7
34812	10269	4	92.61
409	2439	22	280.85
1491	866	4	37.12
922	149	3	11.29
346	652	3	16.58
347	248	3	11.21
10348	146	3	25.79
17684	14	8	37.98
3910	101	6	12.83
3484	15953	10	209.05
101	9514	3	7.42
2536	21	34	314.2
16004	9879	4	78.59
6733	12	4	4.34
249	234	3	8.83
730	3369	3	30.13
12	1743	19	27.27
543	806	10	90.99
27306	14	5	22.3
26411	264	4	55.15
893	12	24	18.46
9365	14	11	37.53
303	1500	5	39.43
8348	2	5	26.64
9369	102	5	19.36
421	461	12	96.62
15574	14	10	48.59
554	910	3	20.72
736	12950	4	54.5
150	542	3	8.58
271	326	5	23.83
35048	122	4	52.18
12685	105	8	64.37
35808	14	3	12.18
2	907	5	5.65
12	1367	12	5.3
101	1244	9	8.33
994	588	7	62.49
185	6186	7	72.31
7274	106	5	28.29
1685	2079	4	45.34
102	1836	5	4.55
186	301	3	8.26
339	4411	12	147.88
422	1487	3	22.3
106	15222	3	18.5
3374	14	11	13.09
1132	1926	3	29.21
3179	227	19	223.08
2894	1219	3	32.23
239	147	72	542.83
9885	14	11	39.38
1097	3009	3	31.64
208	4972	4	35.84
1924	3580	10	147.7
364	2546	23	292.52
458	3341	3	27.56
576	6917	4	47.2
2325	1300	3	31.38
9430	6453	3	49.86
153	2641	5	35.25
662	111	28	151.9
12	226	70	32.69
101	7069	4	9.89
763	6130	4	47.92
979	320	6	44.82
14051	113	3	22.2
1320	111	8	33.87
327	210	3	9.62
2181	1158	3	30.09
6668	40931	3	61.83
18883	12	4	12.38
347	486	7	46.81
348	118	5	9.2
571	358	6	40.39
8460	14	14	53.57
197	1985	5	36.77
8565	1438	3	40.2
30733	14	5	27.58
109	361	9	15.8
36717	14	3	12.18
5133	428	3	29.9
161	7401	3	24.76
639	4718	12	163.22
5038	14	26	107.36
12	13568	3	5.58
13851	109	10	99.58
262	1141	14	126.81
1193	104	5	8.79
3235	101	4	4.54
3302	2699	3	37.84
8000	1916	3	41.35
132	18352	3	29.01
5571	101	5	12.05
1072	371	14	135.61
12	10338	3	4.03
13925	12	3	5.58
1929	111	4	14.51
4044	165	3	21.17
1786	2787	3	34.29
19121	12	5	20.02
21381	12	4	14.98
392	14423	4	51.73
14571	117	3	23.87
2551	14	45	168.41
108	1380	4	9.28
3233	17902	5	90.73
829	829	3	22.42
108	3372	3	10.26
2571	102	7	13.92
1964	806	4	38.95
3420	1054	5	59.17
36973	14	3	12.18
12	4720	7	9.83
102	1257	16	35.01
12	532	39	30.4
104	1619	3	4.38
6762	111	6	42.12
12	2241	8	4.33
118	6598	3	18.62
1068	3181	10	132.17
2377	263	3	22.36
3278	102	4	5.79
849	111	5	12.57
145	522	17	102.83
4364	101	4	6.38
13279	553	3	37.81
35	5314	3	16.27
3973	117	9	66.21
11866	353	5	63.43
102	2110	12	31.81
187	188	4	8.51
2393	1130	3	30.43
20460	12	3	8.09
3991	1366	5	63.63
10032	14	9	27.18
601	174	4	16.91
12	1160	17	10.47
215	124	20	81.21
126	3803	4	26
1335	112	12	61.68
12	7855	4	5.48
990	104	8	18.14
7095	109	3	15.19
2072	182	5	36.19
14755	268	3	34.33
21721	12	3	9.02
628	3463	3	29.48
272	166	5	14.99
1705	106	6	18.47
1356	2213	4	44.28
8507	101	3	6.82
1523	13524	3	43.65
395	119	5	11.42
27415	14	4	14.69
37494	14	4	22.06
421	161	5	18.75
969	716	6	53.41
34899	122	4	52.18
118	3170	6	37.02
119	3929	18	169.69
12	19343	4	13.55
102	18413	5	27.94
3786	14	43	221.09
447	121	3	5.15
961	1174	7	70.6
47496	14	3	16.55
15475	14	11	60.67
8117	196	4	39.22
124	1907	10	69.81
1651	177	13	112.03
217	156	3	4.49
16517	102	3	12.13
118	39744	4	49.5
12	6405	4	4.1
3997	12	7	8.05
102	7644	3	7.26
7822	5184	4	65.78
10354	14	15	75.39
1595	116	4	15.38
102	5288	8	29.14
12	4547	6	6.64
101	954	9	5.16
103	4050	4	13.23
18868	101	3	11.78
26192	102	3	15.89
15710	12	5	16.94
6854	14	25	137.9
7880	101	3	6.54
116	1441	3	9.29
118	206	5	4.55
117	585	3	4.89
16652	15026	3	59.57
690	710	3	20.57
1065	5439	3	35.17
876	145	3	10.7
12605	14	13	71.7
12	485	25	5.08
104	4145	3	9.24
123	3299	3	16.49
477	3321	3	27.78
8145	101	4	10.93
12	7179	4	4.87
7125	14	13	40.04
1980	7	17	91.18
103	5875	7	36.65
12	1970	10	6.46
102	671	13	11.28
5590	12	10	24.4
2492	106	17	102.07
2554	313	6	56.3
139	10921	3	25.95
116	304	7	14.37
12	17136	3	6.66
17179	180	3	32.49
27195	12	3	10.16
148	266	3	5.07
7642	101	3	6.29
2	21690	3	19.85
13151	14	11	49.77
181	3809	4	31.66
313	17599	3	36.77
23195	12	3	9.02
3150	28486	4	77.08
686	776	3	21.09
102	7083	5	16.29
4088	809	3	31.77
12	6097	5	6.31
102	50708	3	24.09
29030	12	3	11.65
2	640	10	17.47
101	3241	4	4.54
20743	198	3	34.18
12	12046	4	8.48
140	4641	8	71.25
2	8578	4	19.8
14115	14	10	44.61
2274	12	14	19.34
58	2368	3	10.44
5838	41375	3	65.39
341	2111	10	103.11
476	1567	3	23.22
1431	4318	7	96.01
2270	104	7	25.21
129	1013	3	10.25
35	15189	5	44.94
45707	14	3	16.55
1457	102	7	7.31
111	1056	3	5.9
2661	111	3	11.02
204	316	44	370.82
562	5009	3	31.08
591	400	3	16.84
1865	28619	3	51.71
2819	105	4	12.23
21	58	97	244.43
9118	955	5	69.29
1512	154	23	209.89
431	1119	3	20.55
159	165	4	5.03
54604	14	3	16.55
14356	154	4	40.86
2096	7093	3	41.08
2992	104	3	7.5
12	28353	3	11.65
923	3290	6	71.35
28262	12	3	11.65
12078	122	4	35.46
887	4117	3	32.44
1494	127	5	25.73
2140	958	5	53.56
11830	14	11	46.52
226	418	3	11.6
101	8384	4	11.32
123	14067	3	25.7
710	217	5	28.08
204	1468	13	114.85
137	17	8	5.56
52753	14	3	16.55
9548	2307	5	79.11
2643	2396	4	50.15
101	3514	11	34.2
8949	106	3	14.91
12	5888	5	6.02
101	6019	3	5.01
12	8132	6	12.73
253	13631	3	33.25
17023	12	3	6.66
26015	14	3	8.62
101	23418	3	13.59
750	5670	11	155.54
12	21436	3	9.02
855	13382	5	73.21
7034	247	3	28.54
580	102	14	11.36
17422	12	3	7.32
101	3681	6	12.09
12	4077	7	8.05
24160	1098	3	46.71
1086	14	154	820.35
893	1839	3	27.68
828	1829	5	50.55
103	1114	4	4.29
17129	111	3	22.6
341	14940	5	66.19
2563	2467	3	35.78
26353	14	4	14.69
997	893	3	23.87
935	3208	3	31.12
3723	105	3	8.95
102	16520	4	18.88
208	232	3	7.6
22847	12	6	30.73
39801	1130	3	50.69
101	684	16	15.01
22630	625	3	42.45
10254	2596	3	44.92
125	654	15	85.81
12	4246	10	18.6
234	11485	3	31.75
39891	14	3	12.18
1286	21	4	12.6
1072	101	11	10.77
4997	109	3	13.07
4762	1972	6	85.22
31719	14	5	27.58
45351	14	3	16.55
3676	106	5	20.99
13780	14	7	22.96
105	412	6	4.32
4918	12	10	21.8
317	4776	4	39.54
28588	12	3	11.65
19084	241	3	35.9
57	1770	4	13.53
7	1031	8	20.24
2474	113	3	11.4
103	10076	3	13.67
135	418	3	6.72
8	656	6	16.02
1934	122	7	43.02
102	8371	8	37.77
649	5028	3	31.94
15039	12	3	6.09
140	101	58	13.13
839	129	9	46.95
2611	753	4	40.89
853	1344	4	36.24
1720	362	3	22.41
193	179	27	155.38
2175	12	12	12.78
192	766	17	134.18
193	890	5	28.42
4417	12	6	6.39
170	173	4	6.41
35	47277	3	36.04
715	1083	3	23.03
58	2578	9	52.48
839	936	19	219.86
24976	5238	4	78.85
563	2	13	25.61
12	986	22	17.01
101	606	23	30.69
125	700	7	30.26
206	17828	9	135.9
218	128	7	15.68
247	158	3	5.32
1405	113	3	8.25
276	547	14	109.08
4745	1875	3	37.79
17234	8	4	35.1
8476	14	19	96.99
4613	160	3	21.74
7909	12	4	5.48
14910	14	8	31.63
726	5766	7	91.24
1947	221	3	19.8
2043	104	4	9.41
12	337	69	71.79
104	1936	3	5.26
4818	14	24	90.25
132	31827	3	33.73
14000	7852	11	245.95
1977	130	3	14.18
931	948	3	23.79
6547	106	3	12.96
28892	15770	5	122.16
1810	113	3	9.68
12	4111	9	14.56
3836	11528	5	86.61
1838	111	3	8.94
175	183	3	4.38
4331	14	29	116.87
14398	12	7	28.41
149	2634	4	25.56
1092	334	4	27.74
35	5138	14	123.33
532	29391	3	44.35
455	1154	5	40.23
103	552	43	180.45
12	1479	17	16.84
157	103	19	6.75
2147	16234	6	105.43
37963	14	3	12.18
262	997	5	33.48
844	1283	4	35.81
16407	14	7	26.79
201	1439	3	17.2
559	1720	4	35.14
102	10955	4	15.13
26910	14	6	33.09
108	560	20	74.25
108	2149	52	467.64
11733	114	7	64.15
11049	12	4	7.94
109	4353	4	18.64
2065	706	3	27.09
1527	106	3	4.94
980	124	4	15.17
112	2241	6	28.78
12	14022	4	9.76
104	12675	3	16.29
1733	279	7	60.79
101	11252	3	8.49
365	1422	18	195
463	121	11	45.48
7836	313	3	31.01
27504	14	3	8.62
284	12879	3	33.62
7482	458	7	90.07
202	1205	4	23.84
868	9402	4	52.61
1362	112	25	168.71
102	25416	5	34.79
501	287	7	44.36
11564	186	6	69.33
129	1170	5	23.21
26473	12	3	10.16
105	366	13	22.18
6904	12	16	67.22
1797	19665	8	155.57
132	1079	3	11.09
163	3572	4	29.47
425	10422	3	34.52
27399	14	6	33.09
135	4675	4	29.22
102	9735	3	8.76
12	6179	4	3.87
16110	184	7	90.94
825	251	3	15.65
12	1177	18	12.9
2	714	22	73.47
598	2026	7	73.11
582	353	5	31.92
585	1792	4	35.85
1475	1487	4	41.37
12012	13673	3	56.63
5664	101	3	4.66
2779	9997	3	45.01
13865	21194	3	60.6
106	31349	3	24.6
101	5495	5	12.05
49162	14	3	16.55
417	149	63	538.57
15089	14	5	13.21
4631	102	3	4.64
103	3315	3	7.21
43301	12	3	18.18
101	2524	6	8.38
2868	14	22	49.07
36802	14	4	22.06
777	12695	6	88.6
189	204	3	5.69
102	1335	45	201.04
102	6084	3	5.94
173	8296	4	38.02
103	8065	4	18.88
13553	12	3	5.58
101	6746	3	5.6
107	12687	7	56.01
8351	107	3	14.93
902	106	4	5.12
12986	131	6	62.3
3525	697	22	321.01
36531	14	4	22.06
4963	224	3	25.58
117	511	7	20.03
35	50109	3	36.04
17	3020	3	14.6
8375	14	15	60.9
4721	102	6	16.84
663	275	9	65.12
126	534	12	58.8
30626	14	3	10.08
3345	10847	3	46.97
404	1764	13	140.12
142	5291	5	40.84
1435	13004	3	42.73
10859	24256	3	61.35
138	545	5	18.09
138	2130	3	15.59
1347	1888	8	97.32
7213	12	6	11.65
1348	17300	4	62.96
889	4400	3	32.75
131	946	3	10.13
12117	35	14	168.22
1625	344	6	52.01
1522	204	3	17.7
1426	3068	3	33.44
16715	14	8	34.38
6702	645	3	33.86
35461	14	3	12.18
7481	24215	3	58.83
2930	101	9	21.32
138	778	13	80.05
137	910	3	10.55
101	9113	5	17.6
4614	1199	5	63.43
15614	107	4	27.87
436	2679	3	25.98
27322	14	6	33.09
102	15258	4	17.96
12793	904	4	55.97
23935	120	3	28.96
1011	115	126	1353.3
6228	12	4	3.87
16306	14	10	55.16
223	147	3	3.9
7	1152	97	807.39
23146	102	3	14.68
374	12	151	408.22
348	194	3	9.4
58	24006	3	25.27
2469	15409	9	170.67
536	312	18	154.05
2963	597	5	52.66
5679	14	21	80.36
35303	14	4	22.06
26061	12	3	10.16
681	16735	3	40.23
366	105	29	91.08
498	273	6	35.33
4110	9	3	14.13
12	12000	3	4.72
111	321	7	11.13
58	437	28	131.3
328	845	6	43.34
34288	12	3	13.78
12	9020	7	18.61
3657	12	7	7.06
652	1585	6	58.49
1084	8593	4	53.79
568	14	233	1038.44
7	4539	4	16.21
3571	180	15	161.06
832	122	18	114.63
2777	112	3	11.52
22319	14	4	12.9
107	2167	3	7.14
4727	3711	4	58.31
2545	7333	9	150.89
3165	12	10	13.53
2329	4938	3	39.53
11135	181	3	28.95
113	2195	8	44.51
1316	1097	3	26.7
136	1117	3	11.57
58	7015	4	24.9
127	11412	3	24.8
107	3579	3	9.8
287	1	4	7.47
5942	109	8	54.31
3444	2912	5	69.84
5909	5195	3	45.28
40576	14	4	22.06
7024	14	18	73.08
570	247	9	60.62
1233	9272	7	106.39
955	1609	11	129.41
323	127	3	4.69
44838	122	3	39.13
105	1503	3	4.3
51449	14	3	16.55
19998	14	6	24.36
368	157	8	34.65
27384	12	3	10.16
101	11403	3	8.49
200	5509	3	25.2
168	457	6	26.24
12	16025	3	6.66
650	107	5	6.33
497	4679	3	30.05
6332	117	6	44.94
235	21	5	4.17
387	3346	3	26.88
867	341	4	26.25
102	6323	3	6.13
381	125	3	5.42
1145	3576	4	46.36
16	1031	5	16.16
1292	200	16	143.01
4809	300	5	51.43
3370	811	3	30.69
528	28718	3	44.31
143	1109	3	11.89
3818	1019	5	60
25299	14	5	22.3
1003	2902	47	815.86
872	1092	3	24.16
457	116	5	10.54
17476	185	5	61.33
102	2268	10	24.29
841	16060	10	178.98
102	407	14	6.13
12	1214	15	7.95
39875	14	3	12.18
104	4249	3	9.38
1438	2572	7	88.31
15505	106	7	58.67
101	2858	20	80.13
102	3789	10	33.92
187	143	10	28.4
2135	105	11	49.89
121	1435	3	10.99
925	2943	5	56.34
101	6544	4	9.28
639	14309	4	54.28
12023	102	3	9.95
7	8748	3	14.49
364	341	4	20.23
102	21213	4	21.18
3136	408	6	61.99
1877	14144	3	44.94
829	12927	9	144.8
17	569	3	5.65
5830	114	3	16.63
338	1092	4	27.85
156	7326	5	46.34
12	2175	11	10.26
187	2783	3	20.46
128	205	6	11.1
922	13	3	13.75
2898	767	3	29.68
12430	676	10	160.91
128	5175	4	28.8
3123	308	10	108.95
23574	10525	4	83.05
190	533	7	37.27
609	2497	15	188.93
8660	149	4	35.84
26204	14	4	14.69
5824	12	8	16.41
126	16306	3	27.47
202	538	3	11.83
15382	131	5	51.71
2337	7296	5	75.76
106	20080	4	30.69
113	2497	13	88.87
106	6342	5	26.54
102	27088	4	24.56
6029	536	3	32.06
110	3615	3	11.97
105	2376	3	6.66
197	324	3	8.98
1276	101	8	6.44
1247	566	12	125.43
181	8399	10	118.85
3017	5548	3	41.57
619	16	21	108.2
1107	211	4	23.59
3118	496	3	27.54
7684	2550	3	42.75
463	110	17	60.25
5606	12	9	19.98
1468	14	106	527.88
17966	115	6	61.64
19888	255	3	36.27
14208	14	6	17.24
1526	11726	3	42.6
12	17759	4	12.38
102	20754	7	50.23
163	15690	5	57.1
101	6334	3	5.19
101	4616	8	23.91
12	1023	37	60.91
8273	4602	7	123.93
14611	12	8	35.9
415	1986	3	24
102	6764	5	15.87
7156	101	4	9.89
39693	14	4	22.06
157	129	9	15.57
823	3500	3	31.06
122	17	74	295.38
8751	12	4	6.17
2631	113	26	222.87
907	143	3	10.85
1678	2648	3	33.61
4211	17328	4	72.23
274	3604	3	25.05
335	233	3	10.69
175	165	6	13.27
520	903	3	20.35
18837	14	7	29.34
971	101	17	26.07
12	1649	11	6.05
4756	12	5	4.36
115	1976	3	10.95
115	5439	4	25
102	3594	5	9.83
41600	28	3	45.77
22180	14	7	38.61
51821	14	3	16.55
415	972	5	37.95
2126	8907	3	42.67
12	3130	7	5.43
12	633	31	21.68
1618	590	3	24.62
635	16	14	61.43
7984	213	5	52.87
54064	14	3	16.55
2189	308	3	23.01
102	17158	4	18.88
17	630	3	6.13
850	5211	3	33.55
12	23435	4	14.98
4448	118	5	32.42
19708	102	5	29.68
358	4816	11	136.5
33546	222	3	41.28
5778	185	5	47.06
7401	120	3	20.76
2	827	6	7.72
220	1899	5	37.91
309	1163	4	27.55
867	529	5	38.77
2459	378	3	24.82
9157	114	3	19.65
5734	180	5	46.61
7848	101	4	10.93
102	23900	7	56.22
972	14	30	24.87
969	746	5	43.14
491	157	8	38.34
2811	12	9	9.1
25641	14	4	14.69
18487	12641	3	59.17
3026	1520	32	544.31
2581	866	3	29.44
132	5280	8	71.96
5068	12	7	10.53
39741	14	3	12.18
1999	872	3	27.98
1997	107	6	20.9
30490	12	3	11.65
931	14605	3	41.27
321	34910	4	64.47
111	213	6	4.16
21656	2	3	19.85
1731	1922	8	101.45
579	8293	4	48.83
1754	107	3	5.92
108	208	16	24.3
110	951	10	37.55
1695	710	3	25.8
18341	12	3	7.32
1425	102	7	7.14
14160	14	10	44.61
134	2276	10	77.44
105	269	10	8.21
21135	102	3	13.69
31083	14	5	27.58
620	116	3	5.13
204	3941	5	44.33
11293	101	3	8.49
2025	160	9	70.95
143	12799	6	64.37
108	1601	3	6.25
6969	8	3	17.6
106	6869	3	13.2
231	31589	3	39.46
2699	103	3	6.17
1678	101	6	4.69
149	1074	3	12.1
1199	325	3	19.4
2973	1223	14	198.45
2	6985	8	47.95
960	395	3	19.36
1091	471	7	60.85
101	5336	3	4.34
7574	1171	4	53.02
126	1595	6	33.61
4880	106	4	17.2
103	654	51	249.74
102	1034	19	40.27
562	8829	5	63.75
10250	2603	4	62.55
12	1588	18	21.51
101	1212	9	7.88
2971	4615	3	40.46
476	25388	5	78.85
5905	4070	3	43.77
6865	2867	5	76.93
1026	758	5	43.81
153	5509	11	113.93
2073	101	8	12.42
3906	9986	3	47.07
13190	117	13	159.17
1002	551	3	21.25
206	150	8	22.96
153	33214	3	37.54
35	53631	3	36.04
3157	105	4	13.05
12	875	45	78.24
2870	534	4	39.05
101	6418	4	9.28
25800	14	4	14.69
53899	14	3	16.55
21865	283	4	53.98
12	5183	6	7.75
1147	101	12	14.46
2	1711	11	40.09
103	1308	12	39.51
118	20288	3	26.56
488	145	10	48.86
1033	232	15	131.35
456	271	3	13.14
362	1003	3	19.11
107	12592	3	17.72
549	7175	3	33.48
12325	268	3	33.17
143	102	397	1464.09
108	6057	5	28.17
669	335	3	16.48
39404	14	3	12.18
22879	22322	3	65.56
142	5891	4	31.6
12	9158	6	14.64
109	16581	3	20.95
102	15437	3	11.49
431	5468	7	83.66
138	195	39	215.59
172	918	3	13.09
58	5626	11	88.31
3150	1896	4	49.55
5480	193	14	165.64
101	10382	3	8.11
12	10770	3	4.36
2604	109	4	14.59
162	179	4	6.29
105	479	7	7.73
1584	2954	5	61.84
2576	105	3	7.05
536	2048	3	25.48
166	243	3	5.59
228	3301	3	23.38
7988	107	21	221.72
2650	104	3	6.87
20804	14	5	17.39
7	7407	4	20.14
1244	6762	4	52.59
28	33046	5	76.3
16192	35	10	120.15
5700	128	3	20.39
102	8432	4	12.69
429	17	3	4.43
112	2354	3	10.55
20791	14	3	6.62
39923	14	3	12.18
1664	1281	3	29.2
1460	964	3	26.56
131	5430	3	20.46
13812	14	11	53.92
835	2428	4	40.94
854	106	4	4.78
890	977	3	23.7
5010	1229	3	35.53
30435	14	4	17.19
133	544	58	492.82
1758	553	8	82.08
8690	14	8	19.7
291	416	3	13.24
1821	12	9	3.94
572	7940	4	48.28
12	10797	4	7.94
18400	21	6	60.07
15307	9816	3	55.94
12	15039	6	21.71
174	204	12	50.51
136	123	7	5.67
1579	156	3	15.05
741	6590	3	34.33
18782	12	3	7.32
495	118	3	4.42
1992	175	8	63.52
107	159	325	2020.34
734	1265	3	24.27
5718	101	3	4.66
190	3429	3	21.77
30089	14	3	10.08
1248	1381	7	77.3
30363	21934	3	68.39
475	1850	3	24.27
27808	14	4	14.69
505	265	3	13.41
5213	101	3	4.19
294	4078	3	26.39
111	624	4	6.67
112	344	16	52.13
24760	12	3	10.16
201	7458	7	76.72
7716	109	3	15.74
2121	816	3	28.02
1481	1381	3	28.89
1669	156	5	30.86
5680	101	3	4.66
609	6856	8	107.2
411	172	10	53.51
30947	12	3	11.65
227	3460	4	33.77
110	3073	3	11.06
20345	12	3	8.09
27791	101	5	32.93
1441	177	60	715.25
333	188	4	13.79
211	435	3	11.14
2738	2040	4	49.11
13198	12	3	5.13
2534	40118	3	55.77
12	1794	13	11.47
156	425	13	71.76
114	16451	6	58.15
2352	2	3	5.52
102	2724	6	10.8
12	7465	4	5.17
541	345	3	15.5
1354	103	19	81.31
2380	101	5	5.13
102	22025	3	14.68
423	770	3	18.54
7707	103	3	12.06
460	174	4	15.08
34775	12	3	13.78
13158	339	3	34.72
361	6321	12	159.6
143	130	22	65.62
1167	128	3	10.91
4451	134	3	19.76
208	5177	4	36.09
4240	597	11	143.15
102	3317	16	66.34
5146	101	3	4.19
17932	316	8	122.56
31376	36073	3	73.45
187	4554	4	33.64
961	141	21	159.31
1329	6319	5	68.16
2769	6502	5	76.14
16751	102	3	12.13
29600	14	5	27.58
12	910	17	6.22
102	1633	6	6.04
4846	263	3	26.62
127	536	4	11.39
35	53674	3	36.04
12406	34929	4	94.55
3936	14	32	129.05
455	693	5	35.58
117	124	12	8.49
16	2024	5	22.85
4347	14	30	124.52
108	172	35	80.95
6157	8	6	42.18
113	2108	6	29.38
402	2652	5	47.96
12	11884	3	4.72
1897	111	3	9.12
102	8707	3	8.1
398	1755	3	23.01
1105	3655	3	32.93
2575	107	4	12.79
4323	107	3	10.88
18072	14	4	10.35
431	20061	3	39.43
14956	14	3	4.7
1281	6920	5	69.07
472	186	5	22.28
255	5797	8	90.86
848	14584	7	110.9
19089	12	3	8.09
1150	2154	4	42.33
11432	295	3	32.98
766	320	19	178.97
9204	16	3	19.93
114	17651	3	24.36
11604	12	6	18.04
110	1814	7	30.37
1724	104	4	8.15
434	164	3	8.6
24148	9	4	39.55
293	118	4	4.88
8	231	9	14.67
173	285	4	11.73
23764	14	5	19.46
1417	115	10	53.82
14862	14	10	48.59
102	49030	3	24.09
110	1551	7	28.16
1217	1038	4	36.8
8492	14	18	86.54
8426	178	3	26.86
341	596	132	1820.56
5196	9	7	48.6
12	3093	8	7.74
102	1907	7	10.43
512	386	4	23.45
1059	563	4	31.13
15025	2446	3	47.2
12	6307	5	6.61
10849	14545	3	56.77
964	2423	4	41.93
4091	14	35	156.13
102	7761	6	22.99
7672	159	3	24.99
101	2432	5	5.23
22754	14	3	7.51
4817	101	4	7.12
8475	101	3	6.82
102	21066	3	13.69
108	12105	4	26.73
4428	694	11	147.34
6888	12	6	10.7
1358	586	6	55.64
181	3147	17	182.05
11033	12	3	4.36
1003	375	15	146.07
3588	14	36	148.87
16	886	3	6.2
6916	1494	5	70.59
28	13149	7	88.9
213	109	50	190.04
12	19394	3	8.09
12	5223	6	8.06
12	7707	4	5.17
478	6388	8	102.95
11276	312	5	61.28
629	234	3	13.9
6353	12	4	3.87
339	19271	6	88.55
12	2000	9	4.9
2193	101	7	10.07
14343	106	3	17.91
4202	34930	3	58.87
5200	2415	4	55.68
101	1477	14	26.7
102	550	19	22.17
3065	245	7	66.73
1499	57	3	7.64
12884	12	7	25.08
126	7718	4	32.07
5266	4840	5	79.58
5832	127	4	29.84
301	1126	4	27.25
357	273	3	11.99
40022	12	3	13.78
706	145	23	166.74
576	28002	4	63.81
1275	58	3	6.99
108	3974	11	70.72
102	25057	3	15.89
407	592	15	133.68
3571	2679	3	38.24
4114	12	20	66.5
5405	375	4	41.95
3053	800	4	42.49
2089	101	7	9.49
8934	1121	3	38.61
1483	487	3	22.99
20030	14	7	32.71
2337	7930	4	59.37
10648	14	14	65.43
38899	106	3	26.82
135	280	11	42.99
406	21	6	11.95
378	122	7	22.03
134	6218	3	21.89
1662	101	8	9.56
292	807	3	16.67
226	733	6	37.07
921	9	3	5.78
34946	315	3	43.75
11153	14	11	43.8
7	3407	4	13.83
1852	134	3	14.56
120	11172	5	45.11
2029	335	4	33.01
529	2109	4	36.54
2506	644	7	77.01
435	1224	3	21.22
102	12991	3	10.41
20052	14	7	32.71
231	1851	3	19.96
10136	12	3	4.03
6943	1868	4	56.34
102	15356	4	17.96
167	140	5	6.2
136	1301	6	33.38
7476	101	3	6.29
105	1675	3	4.85
110	872	14	59.58
5783	855	4	48.33
22287	14	6	27.48
1393	217	3	17.7
1552	101	37	147.71
476	1475	3	22.84
819	134	7	34.46
16	2	473	1881.49
115	743	3	5.79
343	13579	3	35.35
45941	14	3	16.55
9131	12	7	19.46
28035	12	3	11.65
3418	1101	6	73.83
1408	1834	3	30.31
1593	1668	3	30.5
1293	19829	4	63.85
2812	29142	3	54.23
31168	14	3	10.08
7518	107	3	14.34
5504	6781	3	46.62
501	11643	3	36.2
101	37462	3	18.52
10462	101	3	8.11
1065	2084	3	29.3
17	382	12	45.05
182	1083	6	37.38
1197	1197	34	481.95
1022	176	5	28.02
1087	101	11	10.97
3133	104	4	12.41
694	3464	5	55.34
102	1997	8	14.18
103	1857	25	138.86
8	12425	4	31.44
414	832	3	18.82
12	4630	6	6.9
18142	2960	3	49.82
3754	182	3	22.11
354	19419	4	54.28
1920	224	3	19.82
33472	8	4	47.44
40196	14	4	22.06
1244	101	8	6.12
3418	28184	3	55.38
110	3135	4	17.14
254	1432	4	27.69
128	1048	12	74.18
946	1585	4	38.33
47094	14	3	16.55
5638	12	6	8.72
527	227	3	12.67
1101	9	4	10.85
2849	358	3	25.47
12350	101	5	21.32
167	348	3	7.75
4833	131	35	468.52
435	8030	3	32.84
3331	109	4	16.48
233	838	3	15.36
13	20	3	30.62
944	1029	3	24.28
140	4975	8	72.28
101	11779	5	20.44
703	127	17	104.54
7985	492	3	33.45
321	2910	5	46.75
17283	12	5	18.34
129	4608	4	27.92
4021	282	12	140.38
40810	14	4	22.06
253	2270	3	21.77
159	533	4	14.66
669	224	6	35.61
12	26370	3	10.16
114	9	28	20.13
4195	358	3	27.76
294	338	3	12.31
15859	22441	7	173.5
12	10755	3	4.36
2026	316	4	32.47
13308	9	3	21.94
1222	541	3	22.3
111	3663	3	12.86
1763	101	8	10.2
103	14227	7	52.15
1041	18451	4	60.68
32543	14	3	10.08
6160	141	6	53.08
737	102	10	6.49
3800	12	9	13.08
4795	106	3	11.18
11829	101	3	8.91
23689	106	5	43.82
107	964	4	5.84
6455	211	3	26.82
35122	131	4	53.48
486	129	3	6.67
274	649	7	46.92
415	2259	3	24.85
101	4549	5	10.39
113	10998	11	113.37
3515	4006	5	73.28
1023	2456	3	30.07
103	2067	4	8.46
12	956	37	57.02
102	1695	9	15.24
127	498	3	6.65
101	487	13	4.18
928	2957	4	43.43
20977	14	4	11.5
3000	109	28	231.74
143	203	4	6.1
118	740	3	6.27
11814	14	13	64.63
228	9209	3	29.95
2318	104	3	6.16
178	3113	4	29.88
738	10073	6	83.8
15636	4215	4	70.17
526	8890	3	34.43
103	669	57	294.55
113	10035	4	29.05
4567	12	5	4.17
3038	133	4	25.44
101	3622	4	5.16
12	1509	12	6.49
2	1018	4	3.86
101	1133	8	4.98
13	222	6	19.69
104	638	7	9.75
30052	12	4	19.34
4902	17443	3	52.74
10911	528	4	50.67
1261	7349	3	38.19
17155	106	4	28.35
149	299	45	323.01
31099	14	3	10.08
38232	12	3	13.78
113	29695	3	28.93
4301	12	13	31.03
128	13204	3	25.8
14176	14	3	4.23
1228	12	25	32.44
179	196	444	5539.23
239	214	6	23.64
14724	122	4	37.78
3579	7	4	14.32
101	4718	5	10.65
1408	394	5	41.33
12	6829	5	7.27
963	126	5	21.16
1239	221	5	33.54
12107	12	4	8.48
102	1386	21	60.98
187	2166	5	36.91
11305	3950	3	47.9
101	793	23	39.64
101	4518	5	10.39
145	146	69	389.08
360	5712	3	29.6
105	8975	4	21.44
2153	6369	3	40.49
18419	14	8	37.98
36143	14	3	12.18
115	996	3	7.16
178	406	30	229.93
2023	12	13	13.92
121	3062	3	15.41
2705	107	8	37.32
122	337	5	11.71
103	371	29	80.22
4850	14	33	166.96
6994	146	3	23.16
2527	283	3	23.29
102	4954	6	17.52
420	131	17	90.89
17969	1264	4	62.39
103	700	13	30.03
102	23736	4	22.67
361	3527	3	26.69
11620	12	3	4.72
1395	9014	3	40.05
1922	5348	3	38.67
505	282	3	13.91
255	1239	4	26.49
258	121	4	5.27
161	3610	5	39.13
2203	250	10	96.79
102	48062	3	24.09
3528	901	4	44.49
370	1296	3	20.84
2759	8008	4	60.62
4014	3115	4	55.67
15896	4412	6	114.43
2072	10428	3	43.65
140	229	4	7.07
3200	235	6	55.25
4765	2699	3	40
1671	172	3	16.64
2375	116	3	12.22
3395	16	7	43.9
955	34113	3	49.8
15459	14	8	31.63
33591	475	3	46.04
1546	652	3	24.81
108	2344	3	8.29
16561	14	5	14.37
533	6692	7	89.63
501	1500	4	33.2
8457	184	4	38.94
885	3037	4	43.19
1081	144	3	11.77
22919	14	7	38.61
2847	1314	6	73.91
3230	102	9	25.93
106	801	5	7.3
12	26068	3	10.16
12	14926	4	10.52
267	352	11	71.48
668	14009	3	38.83
1619	8788	11	186.04
1087	14500	5	76.56
8	765	4	8.86
201	105	47	128.42
198	753	5	27.36
16439	14	6	20.16
136	169	21	78.59
40495	12	3	13.78
805	113	3	5.41
29204	14	4	17.19
374	3856	3	27.43
42689	44301	3	84.68
1247	4844	3	35.48
129	3468	3	17.43
4316	101	4	6.38
131	560	5	17.14
3258	107	5	20.34
176	112	154	935.39
115	537	7	20.28
444	13937	8	118.52
1092	724	3	23.16
1015	13664	8	130.61
358	653	18	166.13
5659	1986	3	39.29
104	164	69	180.49
103	2795	3	6.35
12	3726	6	4.89
2	4778	4	14.72
543	2616	6	62.61
1026	2643	7	83.84
49603	14	3	16.55
157	591	4	15.17
791	103	6	7.3
681	13532	4	54.67
102	2238	15	48.01
1477	2685	4	46.29
3460	3219	3	39.05
5351	58	3	15.07
211	118	6	7.18
102	20802	3	13.69
2402	107	5	17.56
2284	804	3	28.45
6374	430	3	31.42
14180	2144	4	63.88
117	444	4	6.74
688	20954	3	41.94
101	4281	4	6.21
12	719	22	9.15
4910	127	3	19.57
496	8450	3	33.79
12	3076	9	10.08
101	2696	5	6.04
1301	12	16	11.62
600	537	6	45.07
14251	12	3	5.58
102	3636	4	6.33
4176	14	10	13.67
4688	679	3	31.78
40232	49854	3	80.18
101	6951	3	5.81
1408	104	6	14.34
575	2421	3	26.92
49833	14	3	16.55
6006	165	3	23.7
340	106	26	78.46
30105	14	5	27.58
10662	1236	3	40.42
588	439	4	25.26
164	1969	5	33.23
44842	12	3	18.18
535	3638	6	66.41
5647	14	24	103.14
6543	264	4	40.48
528	8207	5	62.61
646	130	3	8.08
1007	113	5	15.28
16125	14	5	14.37
436	180	43	370.13
295	109	29	102.43
200	2641	5	39.95
397	6393	11	146.93
26755	14	5	22.3
1879	103	5	11.61
129	6754	3	21.6
1367	279	8	67.88
57	773	3	4.43
702	300	5	32
22605	14	5	19.46
923	5133	4	47.78
193	23897	4	49.91
1953	28427	3	51.99
2029	6728	4	56.65
101	13776	12	91.91
16440	117	5	47.36
840	104	5	6.2
8	51329	3	35.58
113	1333	15	87.15
615	352	4	24.11
16936	16936	5	108.29
6183	14	19	73.03
368	249	56	549.73
9048	957	13	214.78
16656	102	3	12.13
9683	14	13	53.68
455	11451	7	98.05
526	7110	3	32.92
1699	101	7	7.18
562	367	16	139.67
1452	120	4	16.91
429	122	5	13.6
404	36980	3	45.25
12	24765	4	16.81
373	9	11	31.04
440	2139	14	161.23
185	43804	3	44.21
828	26186	3	45.21
473	1585	4	33.35
344	1290	3	20.37
19907	14	6	24.36
12	27402	3	10.16
701	107	4	4.12
107	1568	3	5.37
9	4296	3	14.27
1073	761	9	90.56
22911	169	5	63.35
26428	14	6	33.09
35	45454	3	36.04
21801	34753	3	70.62
113	2625	3	11.75
616	1200	4	32.87
528	5228	3	31.14
575	10342	5	66.13
8173	162	3	25.67
2654	334	3	24.55
2235	106	12	60.31
9141	177	6	64.51
160	14	549	1412.24
5975	44641	3	65.61
3951	111	5	27.28
377	294	3	12.92
22405	14	6	27.48
200	571	7	39.69
595	145	10	52.48
913	3760	3	31.99
433	2430	3	25.38
3364	7090	3	43.9
36955	12	3	13.78
2	1715	3	3.95
12	170	149	117.36
102	3332	10	31.33
9009	12	7	18.61
5527	1697	3	38.08
2013	283	3	21.89
3241	106	7	32.45
4958	1786	4	52.89
53112	14	3	16.55
1230	14	104	426.78
2254	104	4	10.16
103	2014	10	37.72
12	895	21	12.48
121	607	4	10.78
219	3717	5	44.52
183	413	5	21.15
18566	14	7	29.34
215	541	3	12.37
4790	8524	10	188.57
181	7446	10	115.08
970	451	3	20.11
847	436	5	36.97
1802	224	15	147.35
115	233	12	29
175	291	3	7.43
385	17069	7	103.42
155	288	3	6.15
17900	12	4	12.38
101	5372	3	4.34
199	6236	4	37.09
498	1512	4	33.23
35	27549	6	72.08
7993	134	9	93.39
58	1176	14	70.79
8	1100	7	26.76
112	3949	3	13.48
5244	12	5	5.24
344	14	54	21.46
28	72	28	419.49
6258	14	18	66.09
642	163	3	10.48
13033	14	9	34.12
101	15130	3	10.44
266	804	103	1355.67
12157	2650	4	64.05
229	140	3	3.94
1005	21	3	6.51
113	2127	9	51.54
6185	12	4	3.87
106	3311	3	9.01
4574	9975	3	48.01
344	3220	5	48.32
53445	14	3	16.55
405	1200	4	29.99
572	154	6	26.77
859	102	12	12.88
2859	11167	3	46.05
57	7234	3	16.91
887	967	4	33.84
223	232	6	23.82
2847	106	4	13.09
192	9	33	111.42
105	1376	4	7.1
9415	12	7	19.46
19838	14	3	6.62
4194	653	3	30.95
2823	146	3	17.6
113	51691	3	35.65
844	1701	4	38.11
9046	35126	3	63.96
5247	417	3	29.96
2108	227	6	49.93
516	730	3	19.12
1127	8307	3	38.28
577	2797	3	27.82
153	3438	8	68.6
278	278	55	517.59
102	784	86	412.28
12	2019	17	25.78
104	134	35	33.33
25540	14	5	22.3
309	3604	4	36.9
8253	14	17	77.25
2917	109	23	177.32
17	5206	6	44.42
21012	14	4	11.5
18747	14	5	15.74
115	820	3	6.2
519	203	4	17.8
360	3141	4	36.98
7756	14	8	17.12
280	245	4	15.28
12	1339	18	16.87
104	939	4	4.24
102	535	22	29.74
3218	112	3	12.25
1978	178	5	34.99
1947	1251	3	29.94
12	3110	16	35.12
101	2730	9	20.17
12	4562	6	6.64
7267	14	17	68.15
12	24005	3	9.02
8862	12	4	6.17
902	250	6	40.54
7738	102	3	7.26
1001	1324	9	99.39
179	403	9	47.26
25053	14	5	22.3
208	421	4	16.81
302	2	9	5.51
12	4937	6	7.45
1235	5318	3	35.95
2396	109	6	25.79
14034	102	5	24.11
16265	106	3	19.16
282	101	56	91.48
101	2419	7	11.04
763	1576	5	48.25
152	268	4	9.09
14095	435	3	36.57
387	1835	4	33.31
101	8036	3	6.54
103	6781	4	17.4
3153	576	7	79.15
110	8364	3	17.19
1603	12	11	5.66
143	1280	19	152.54
336	1104	3	19.18
116	103	75	66.32
216	24292	4	53.21
524	1265	5	42.5
762	486	3	19.19
101	5623	3	4.66
247	737	11	83.66
153	4574	3	21.28
387	933	3	19.13
1371	773	5	47.09
16	1599	3	9.38
1645	12	17	19.81
102	16876	3	12.13
274	118	8	17.45
14209	111	4	31.14
1673	109	15	81.73
102	7574	11	58.25
2973	307	3	24.8
3280	58	3	12.27
103	1763	4	7.28
1453	112	3	7.82
12480	12	6	19.12
35728	14	3	12.18
1076	105	32	168.91
644	12	20	4.61
253	111	6	5.73
3352	122	3	16.58
102	46593	3	24.09
2718	564	3	27.41
5940	14	12	29.08
1624	57	3	8.1
608	109	7	14.79
3090	101	4	4.31
35557	14	4	22.06
161	4195	3	21.29
13543	627	4	54.12
8303	403	3	32.83
8602	1300	3	39.66
5705	6847	4	65.06
8633	7	3	14.49
2047	16137	3	46.8
2603	101	5	5.68
9557	2686	4	62.39
3487	9308	3	46.01
47911	14	3	16.55
410	267	3	12.63
37026	14	4	22.06
23395	14	6	27.48
288	352	6	32.75
131	1408	3	12.39
128	744	11	59.46
108	191	14	14.92
110	966	6	16.94
12	10271	3	4.03
132	23424	3	30.9
3267	923	3	31.17
1018	21655	6	103.67
3746	1947	3	36.61
1211	130	3	11.28
101	734	10	4.31
12	2843	7	4.6
36893	14	4	22.06
1382	6274	3	37.79
11002	114	3	20.84
38708	14	4	22.06
4036	7	5	21.24
1033	214	10	76.79
8316	14	4	4.14
7877	12	8	21.87
692	2690	7	79.04
1947	104	4	8.99
2974	14	54	280.88
140	11578	7	76.26
7408	133	3	22.73
38721	14	4	22.06
101	2190	5	4.63
112	8822	3	18.53
102	4233	4	7.43
12	1758	14	13.44
10670	210	3	29.95
156	445	8	36.97
30054	14	5	27.58
103	3124	4	11.31
360	182	9	46.01
454	1428	3	22.37
458	968	10	91.6
1199	312	6	46.83
628	3402	5	54.27
12	19001	4	12.38
9254	14	13	51.09
150	397	3	7.25
621	486	6	44.43
5468	403	4	42.49
29967	14	3	10.08
5134	15238	4	71.8
4581	102	4	7.98
49103	14	3	16.55
183	444	3	10.05
102	308	20	10.76
4243	107	3	10.73
1128	10034	9	142.41
163	27978	3	35.84
155	4176	6	50.32
5723	362	3	29.63
17579	34304	4	98.24
106	18613	3	19.91
4841	32380	4	80.72
113	1842	65	667.24
1520	19353	7	127.58
465	12	55	61.93
185	8630	8	92.08
2	8478	5	26.64
322	174	10	48.97
1278	57	4	11.14
14124	106	3	17.91
9047	6906	3	50.37
1878	331	4	32.21
738	53407	3	52.89
4051	157	6	50.14
347	169	4	12.61
410	473	7	48.75
26918	224	4	53.49
291	3457	5	47.44
139	19859	4	43.5
58	6723	3	16.59
2478	7	3	7.13
109	20464	4	33.09
236	104	38	100.19
29498	14	4	17.19
3884	26438	4	76.15
507	16624	3	38.59
1129	596	4	32.11
198	806	39	384.21
27663	14	4	14.69
6122	14	22	93.04
131	491	3	6.88
35883	14	4	22.06
739	104	10	21.99
12920	10409	3	55.19
12	32714	3	11.65
1755	4073	4	50.93
491	11895	4	50.8
102	47046	3	24.09
1821	149	8	56.73
1399	4579	4	50.18
7	5077	3	11.13
779	109	8	21.95
957	9584	9	139.7
710	452	10	85.51
101	8676	3	7.11
12	1529	12	6.62
1142	6261	3	36.43
3453	109	3	10.91
12	16555	3	6.66
1196	421	9	82.97
26111	14	5	22.3
424	145	9	40.1
22111	14	4	12.9
35	22000	7	84.1
3417	12	19	52.7
2290	149	8	60.64
156	395	7	29.42
15755	12	9	48.15
1109	120	5	20.55
3055	10688	5	82.64
1805	4478	5	67.47
549	502	3	17.49
657	5369	10	134.79
16761	12	3	6.66
273	338	12	79.45
239	232	25	174.99
6791	102	6	21.33
9697	12	4	6.98
1941	11671	4	61.5
201	26110	3	36.66
455	599	8	62.56
305	34026	3	43.65
1173	116	9	42.98
294	2758	4	34.48
12	10703	3	4.03
28345	12	3	11.65
1555	8066	6	89.57
13748	14	7	22.96
1218	211	6	41.5
106	820	6	10.68
132	914	10	57.71
1488	1295	3	28.51
380	418	4	21.96
5516	35	31	372.63
12	28527	3	11.65
8237	14	18	86.54
7216	101	3	6.04
108	3471	26	214.6
106	507	5	4.22
1386	107	3	4.81
138	1531	11	78.57
298	101	29	21.45
300	880	6	42.94
13360	19237	3	60.6
141	3113	12	107.19
508	3036	4	39.1
536	6254	3	32.29
14162	562	3	37.87
110	2298	3	9.52
14229	107	3	18.26
57	317	5	5.11
7	1552	12	49.31
129	615	12	62.89
260	170	7	25.4
6227	101	4	8.99
21102	14	3	6.62
704	835	7	62.43
42469	199	3	44.79
38975	294	3	43.48
285	20277	3	37.1
297	2952	28	370.44
24181	12	3	10.16
294	3283	3	25.19
12	13677	3	5.58
2375	105	7	26.68
403	2	9	8.65
10919	101	4	13.72
101	10111	6	24.36
18272	12	3	7.32
415	154	84	788.73
10514	14	15	75.39
101	1081	10	8.54
36164	406	4	66.36
12	702	22	8.64
101	2683	5	5.91
12	3063	8	7.52
1881	4641	4	52.94
2052	101	5	4.1
108	9759	5	33.75
19923	14	3	6.62
1479	1642	3	29.93
427	157	43	344.14
271	2030	3	21.56
117	457	8	23.64
2862	265	3	23.51
820	3625	3	31.13
16	5752	3	16.91
3014	627	3	28.65
3460	113	10	69.47
389	9	8	18.66
32367	14	5	27.58
1683	101	12	22.39
451	163	11	59.38
8497	106	6	38.33
8113	101	3	6.54
1653	1581	3	30.38
2641	358	4	35.65
104	181	17	12.17
2129	2532	3	34.84
18504	694	3	41.09
10038	109	3	17.38
40020	14	3	12.18
2983	126	8	59.99
119	7298	3	20.25
2647	40831	3	56.06
1002	258	4	24.9
582	551	3	18.35
4906	4200	3	43.07
519	102	29	51.02
3590	12	6	4.53
2498	323	5	45.07
25909	14	4	14.69
783	127	14	83.51
211	110	23	58.93
719	1585	5	47.71
2701	1915	11	157.89
544	526	3	17.61
2850	12876	3	47.02
2	768	71	426.74
12	1261	15	8.89
1812	3765	4	50.7
313	392	3	13.39
4519	12	5	4.17
7	40241	4	41.18
109	35229	4	44.15
8170	157	3	25.38
643	1906	3	26.1
129	176	33	149.15
110	900	17	80.23
106	1392	5	11.86
109	2245	4	13.59
128	521	19	110.71
1488	102	6	5.18
776	939	4	32.72
6427	2245	3	40.97
7424	14	16	60.9
6927	14455	8	166.67
138	1259	3	12.46
6596	474	13	183.28
3544	13812	3	48.74
370	1519	4	31.39
236	2025	3	20.67
12728	674	4	53.77
25374	14	5	22.3
12	8779	4	6.17
101	9175	11	60.5
443	7140	3	32.05
6903	101	4	9.89
156	48859	3	42.23
106	233	17	26.23
1625	562	3	24.27
7	597	7	10.3
1785	628	4	36.34
476	2394	10	111.29
18917	14	8	37.98
378	17	10	34.03
342	957	5	36
2005	14	22	33.35
38737	38737	3	75.68
14029	117	10	111.62
3600	3059	3	39.08
109	1945	3	7.75
31757	756	3	46.36
226	546	10	66.69
462	120	9	33.63
370	8	6	10.83
4584	503	3	29.95
1828	1851	7	87.17
9	1192	3	7.03
217	9248	3	29.44
2075	12803	3	45.05
170	775	3	11.91
139	112	11	6.05
8300	14	10	28.74
2547	154	10	84.3
110	207	8	6.75
701	627	3	20.04
108	950	6	14.2
48301	14	3	16.55
42185	107	3	31.67
109	50607	3	33.11
1788	104	6	16.93
1556	4157	4	50.17
2066	664	3	26.74
33814	12	3	13.78
294	1195	3	18.99
111	118	36	44.52
8	1661	4	14.36
1581	494	3	23.41
1699	4568	4	51.83
3679	17	3	15.78
3734	9124	6	102.78
370	146	4	10.88
129	1748	3	13.43
101	30409	4	25.68
1275	12	13	5.75
1462	753	4	36.1
1463	105	4	7.44
15148	14	4	8.56
5338	217	3	25.76
26151	32173	5	130.61
4219	920	3	32.76
17457	28652	3	66.49
106	2501	14	78
109	3616	3	11.15
102	12050	3	9.95
27739	14	4	14.69
1070	596	3	22.07
1104	858	6	56.7
3055	3015	9	135.86
4287	102	5	11.29
7358	12	6	11.65
136	433	3	6.91
140	1980	18	158.95
107	32859	4	37.23
12	4848	6	7.17
1167	22341	3	45.83
713	15855	4	56.83
127	1050	5	22.1
731	277	7	48.41
11310	12	4	7.94
246	191	10	45.72
6650	12	4	4.34
5632	102	3	5.57
2317	3293	6	82.79
276	109	9	11.68
4229	48570	3	63.37
783	1866	3	27.04
847	1544	8	86.02
118	300	32	161.03
284	2626	9	91.14
8624	8	3	19.09
127	273	3	3.89
125	1017	4	15.54
758	688	3	21.03
2	3591	9	42.71
478	3903	4	40.87
674	27325	3	44.03
104	861	5	6.35
35402	14	3	12.18
4027	14	39	193.9
102	4685	5	12.27
2221	162	3	17.56
19861	12	3	8.09
1479	284	3	20.05
9466	271	3	31.03
963	16984	4	59.01
6138	14	15	45.77
12	16967	3	6.66
16641	14	9	43.27
721	1012	7	65.16
116	202	7	8.63
1439	406	3	21.92
3454	1081	3	32.39
48932	7645	3	67.15
102	826	8	4.02
576	5248	7	86.89
16296	705	3	40.41
976	114	17	92.72
2024	234	3	20.63
801	131	3	9.28
1182	180	6	38.11
7	882	96	726.94
36265	14	4	22.06
5488	101	3	4.49
181	10718	6	66.75
4468	14	14	30.35
40097	475	3	46.04
313	44393	3	48.22
920	118	3	7.25
3800	58	3	13.01
49913	14	3	16.55
12005	12	3	4.72
45245	25263	3	76.36
617	251	3	14.14
113	7434	5	35.43
3561	694	8	97.06
141	406	46	352.9
2147	4008	3	37.71
113	4012	12	92.53
57	4209	3	13.52
36547	14	3	12.18
921	672	5	41.5
17927	14	8	37.98
23855	14	4	12.9
107	1502	3	5.14
5910	101	3	4.83
2751	562	4	38.99
286	128	8	24.69
102	45744	3	24.09
42221	676	3	52.4
204	463	8	45.09
296	3353	3	25.33
326	2788	6	57.93
167	361	3	7.89
1073	472	3	20.81
101	3852	6	12.57
18532	106	5	39.85
102	2665	4	4.48
29664	14	3	10.08
757	7557	7	96.55
12	5550	7	11.69
382	156	3	7.63
148	381	3	6.9
22813	14	4	12.9
29692	102	3	17.44
102	21958	3	14.68
853	16061	3	41.43
1925	313	3	22.24
422	866	4	27.77
1231	4579	4	49.11
17	1491	3	10.51
1983	20763	3	48.21
1383	17397	3	45.16
102	6982	9	41.08
4719	4559	10	172.46
6318	111	4	23.86
214	115	5	4.21
2677	101	9	19.63
22626	710	3	43.09
25	14	4	9.39
6036	362	3	30.07
387	447	3	15.24
4304	7913	3	46.14
1041	8551	3	37.86
35	36603	4	48.05
103	3693	3	7.77
2	1429	6	13.04
188	917	3	13.85
12983	12	3	5.13
37042	14	4	22.06
145	104	39	48.11
150	2059	3	16.01
16989	14	6	20.16
6468	12	4	4.1
1058	37946	3	50.34
1382	4938	5	66.06
556	1403	6	55.17
3619	102	5	9.83
315	1805	4	31.4
101	470	18	11.79
13261	12	3	5.58
102	1398	35	139.36
3135	659	4	41.21
2	5612	4	15.96
101	4714	5	10.65
102	8128	7	30
8	8655	3	19.09
270	112	7	9.54
102	18393	4	19.94
721	888	21	239.46
13794	12	4	9.76
1132	287	3	18.36
4127	101	4	6.05
11518	12	4	8.48
421	204	3	10.77
104	290	10	8.62
2640	110	3	10.19
101	1869	10	17.51
355	128	3	5.26
12	5432	5	5.49
43199	53710	3	84.68
2	4594	4	14.28
101	5731	3	4.66
2047	792	5	51.35
11655	12	3	4.72
104	1033	7	14.68
2676	14	59	296.19
36738	14	4	22.06
631	103	10	17.09
14699	271	5	63.6
102	2366	12	34.35
1129	27353	3	46.87
4575	1316	4	49.79
423	114	4	5.56
395	123	4	8.94
2696	102	4	4.57
31430	12651	3	63.9
816	547	21	224.89
15262	227	3	33.19
690	3068	3	29.25
49693	117	3	36.72
932	1655	3	27.18
29836	14	4	17.19
1406	315	6	49.06
573	106	77	479.57
4540	135	13	128.51
101	971	12	11.89
103	1710	3	3.92
3158	7	3	8.41
1718	703	8	85.3
1408	221	4	26.11
2586	14	33	96.13
17809	117	9	110.18
115	51931	3	36.54
3732	24392	3	54.32
181	6368	8	84.44
195	764	4	20.1
109	1269	10	40.53
108	1408	3	5.56
17005	14	9	43.27
2902	909	4	43.11
118	8265	4	29.55
572	1699	5	46.47
12	12628	4	9.09
27028	14	5	22.3
3982	6477	3	44.32
15008	101	3	10.44
101	11035	3	8.49
12963	104	3	16.29
1100	1497	7	76.32
6535	12	5	6.93
463	636	4	26.23
102	14242	3	10.93
135	874	4	15.8
392	14451	5	67.54
8202	123	4	32.26
35	9486	14	149.17
474	141	10	48.03
110	1439	4	11.23
108	1702	10	44.68
318	447	3	14.03
6743	130	3	21.63
3122	101	6	10.39
1263	8674	9	142.26
109	381	5	4.66
4886	101	5	10.9
110	2754	3	10.46
593	1993	3	25.9
1100	12	15	6.22
2441	134	3	16.23
2815	21512	6	116.5
44955	115	3	36.54
2786	431	3	26.22
5825	2648	7	109.71
558	7409	6	76.31
26516	12	3	10.16
1162	373	3	20.06
139	259	3	4.52
3685	14	37	159.79
17274	122	6	66.83
1105	3416	3	32.54
402	161	151	1652.89
896	15134	3	41.07
697	9804	3	36.71
12	31806	3	11.65
106	1861	3	5.94
323	156	3	6.72
255	1416	45	549.17
258	488	5	26.9
1823	7497	5	73.71
571	386	4	24.33
15494	14	9	39.47
29999	14	3	10.08
19201	12	3	8.09
12	19699	3	8.09
9286	14	16	75.96
787	658	4	30.21
1059	953	4	34.95
103	6099	3	10.61
1435	109	3	6.12
58	9934	7	58.24
246	572	5	27.74
247	106	124	676.31
12	2646	10	10.73
189	709	3	12.51
602	7358	3	34.02
8787	14	12	42.1
1470	12	20	24.65
2491	102	8	17.39
1472	884	8	85.95
1987	277	4	31.08
19446	221	4	49.92
3072	1	50	631.33
102	17950	3	12.86
7845	12	7	17.08
582	201	3	12.24
1002	353	24	255.42
181	5676	6	57.92
101	3527	4	5.03
102	2604	9	22.04
4754	14	28	117.35
101	1288	7	4.5
2	863	7	11.1
432	12778	3	35.97
2077	1853	3	32.79
16049	213	4	47.27
12	5873	6	9.08
102	6794	3	6.55
929	968	4	34.19
6922	7824	11	219.73
893	149	4	17.09
102	6531	5	15.47
3004	13	3	20.77
102	2805	4	4.77
102	960	15	23.78
460	251	15	111.11
10361	106	3	16
2982	107	6	25.71
143	1656	3	14.34
685	444	4	26.34
17665	14	9	49.64
36925	14	3	12.18
922	12	38	58.1
890	1622	14	170.51
133	3534	6	44.93
101	9510	7	30.04
198	7941	3	27.55
402	461	9	66.44
316	8886	3	31.72
112	583	15	60.4
8	1323	12	63.89
168	124	31	126.51
135	1318	6	33.43
170	156	13	42.89
9758	14	6	12.46
712	3541	6	69.28
294	1577	8	71.2
978	105	4	4.87
109	2596	4	14.59
130	202	5	7.71
7	1658	16	77.43
105	2038	3	5.84
697	31762	4	65.08
4628	1166	27	462.74
162	4970	3	22.31
474	345	3	14.88
5584	102	5	14.03
405	979	3	19.64
1909	368	4	33.24
3247	9715	3	45.89
233	2085	5	39.81
4287	840	3	32.28
296	138	4	8.98
2444	170	5	36.12
236	5615	22	305.66
13123	844	3	39.57
12	9196	4	6.56
1734	1338	3	29.69
1629	17348	7	125.17
1703	123	72	829.12
5309	102	3	5.24
6337	12	5	6.61
10857	12	3	4.36
539	2741	3	27.24
769	1764	4	37.77
108	1137	3	4.4
1525	7	6	16.41
7	1621	9	32.68
1214	101	15	25.04
129	556	3	7.25
431	227	8	46.6
1389	1221	6	64.05
170	192	12	46.24
3264	12	8	8.2
140	150	6	7.16
942	1	4	15.27
693	8562	5	65.14
10050	12	5	10.9
111	4519	4	21.22
1517	101	6	3.88
285	395	6	33.98
106	2104	3	6.69
702	648	6	48.89
2715	406	6	60.18
37958	106	3	26.82
25861	14	5	22.3
105	599	6	7.03
766	2329	3	28.33
8596	149	3	24.98
922	1839	6	64.22
136	338	4	9.7
46324	14	3	16.55
114	232	6	6.49
593	4290	3	30.46
32822	14	3	10.08
397	16	6	12.33
25375	101	3	14.79
12	10890	4	7.94
111	7525	3	17.37
461	122	5	14.17
8097	101	10	48.01
1767	4044	3	36.43
9564	12	9	31.84
19608	14	6	24.36
2328	486	3	25.8
35	16334	8	86.11
31343	13	3	37.37
18901	14	8	37.98
4035	2297	4	53.29
444	12932	3	36.09
7911	14	12	38.69
3663	5597	17	319.2
101	4676	4	6.93
5392	4200	3	43.66
2479	15858	3	47.96
25390	14	5	22.3
1687	3417	12	177.76
12	1083	17	9.1
2737	869	3	29.83
1145	232	3	16.98
52545	14	3	16.55
12	2464	8	5.17
248	805	9	66.33
103	1166	8	18.12
3032	109	28	233.14
351	2184	4	34.12
1881	276	7	61.77
12	6934	4	4.6
628	179	3	11.57
17599	12	3	7.32
1411	9	22	146.57
3110	169	3	19.93
121	2240	3	13.64
9774	501	4	49.13
184	190	3	4.97
668	1070	4	32.47
120	137	43	158.77
4535	12	6	6.64
1172	7995	4	53.43
1977	160	4	24.56
381	431	3	14.91
19829	18720	4	87.15
53035	14	3	16.55
6212	14989	3	52.95
764	120	3	7.66
101	3494	20	89.22
103	518	6	4.05
12	1382	18	17.75
35	17976	9	108.13
1660	9337	3	41.45
8	44217	3	35.58
549	1256	3	22.65
45787	14	3	16.55
1340	2389	5	58.1
2204	114	17	122.89
105	160	29	35.38
3865	188	4	32.23
1494	116	3	9.53
102	26927	3	15.89
108	5680	5	27.43
15803	12	4	11.38
12	12962	5	13.78
8	163	10	8.89
5212	3981	4	59.61
140	1240	50	506.83
1614	129	3	13.02
9383	12	8	24.75
102	9528	3	8.42
17	28410	3	31.08
838	1427	3	25.66
1826	2	10	36.03
15560	12	5	15.74
1453	20427	3	46.24
607	440	3	17.41
7	785	39	202.42
254	467	4	19.38
319	253	4	16.54
14023	101	3	9.88
164	401	4	13.17
101	31387	3	16.33
1785	1189	3	29
53771	9	3	35.38
24330	313	3	39.9
4217	106	3	10.4
6919	41987	3	66.59
436	1481	6	53.35
12	14358	3	6.09
105	34088	4	40.81
57	32908	3	27.88
111	1099	3	6.09
678	200	3	12.89
35	47519	3	36.04
673	23903	3	42.79
1656	120	5	24.68
160	1224	3	13.83
702	206	4	20.2
108	2453	4	13.53
379	5228	4	41.76
129	2427	6	39.17
566	1839	15	176.82
101	18925	3	11.78
5219	106	3	11.53
155	674	3	10.28
12	1147	16	8.53
12	3640	6	4.53
314	101	26	16.83
103	4971	7	34.21
1777	5780	7	103.84
2392	12	8	4.87
217	5142	4	36.51
5044	588	6	71.77
2647	1239	3	31.75
101	3947	7	16.99
14456	113	3	22.8
52529	117	3	36.72
521	116	5	11.42
3618	1362	4	48.04
17785	12	3	7.32
8377	104	6	36.16
17	510	5	12.85
7570	3391	3	44.46
1057	438	9	81.11
12	513	58	77.38
102	1238	10	13.45
102	50006	3	24.09
187	203	3	5.65
102	3714	29	172.96
1843	102	5	4.63
3582	6773	3	44.02
18922	297	3	36.55
1406	286	3	19.76
387	288	7	41.65
1871	14	71	304.39
118	155	116	660.07
10144	1247	3	40.51
1569	163	5	30.73
2406	4009	6	85.82
551	165	6	27.51
21044	14	6	24.36
1920	107	3	6.43
303	4871	7	77.33
1279	109	10	40.68
164	3109	24	267.68
105	1845	4	9.14
3507	101	4	5.03
438	103	7	4.88
12	15743	3	6.66
5028	127	4	28.49
1451	109	6	19.88
525	344	3	15.33
677	501	21	213.91
13146	106	3	17.37
29983	14	3	10.08
15116	14	9	39.47
5615	2	4	15.96
289	1722	20	220.65
19185	12	5	20.02
5649	2678	3	41.05
194	6482	5	48.96
8753	102	3	8.1
1964	753	6	62.9
15650	101	3	10.44
1935	1628	5	57.87
1967	105	4	9.54
2771	8664	7	117.48
2307	374	12	132.67
31574	12	3	11.65
174	537	3	10.41
198	2616	3	20.61
20442	501	3	40.16
8268	14	19	96.99
2994	102	6	11.87
2380	1166	3	30.63
35867	14	3	12.18
12603	12	3	5.13
4035	107	3	10.45
1445	383	16	171.16
2748	11999	5	83.18
8	44067	3	35.58
143	4554	3	20.39
4372	213	4	34.96
575	952	3	21.23
102	5258	6	18.25
101	6559	3	5.39
101	6774	3	5.6
142	10227	3	25.69
7785	4517	6	102.45
2042	6945	9	145.99
1567	5174	3	37.21
102	23431	3	14.68
390	466	3	15.51
108	15460	6	49.98
421	104	10	13.78
4125	964	3	32.88
26702	14	6	33.09
121	5018	4	26.83
101	5467	3	4.49
102	6340	3	6.13
278	169	10	44.35
12	3869	8	10.33
104	273	15	19.96
30148	641	3	45.45
120	3129	22	209.64
1140	262	24	245.34
12	1228	31	51.89
102	422	21	20.74
1056	111	11	48.17
478	342	5	29.89
6004	117	3	17.76
101	8176	14	83.06
12	7796	4	5.48
144	1518	111	1531.37
360	4482	3	28.12
10279	14	11	41.45
457	105	42	178.34
8812	1423	3	40.15
19094	24390	6	152.04
8015	12	5	8.84
105	378	14	26.32
191	1789	3	17.87
2680	102	5	7.34
318	128	3	4.69
23930	14	4	12.9
808	350	3	17.79
172	2672	4	28.22
230	2598	6	52.41
142	1858	5	30.08
8	373	11	31.69
808	709	4	30.87
1799	295	4	31.05
12	12437	3	5.13
136	248	10	34.72
557	284	5	29.17
1019	34301	3	50.15
5480	1042	7	94.84
2090	12	33	97.22
371	128	5	13.54
1663	185	4	25.48
17959	14	8	37.98
7214	1101	8	117.39
4111	101	4	6.05
110	2200	3	9.29
19495	12	3	8.09
405	1748	3	23.11
1555	12	15	13.09
715	2434	5	52.03
5755	2022	4	55.37
103	15388	3	16.53
5437	101	6	16.59
14299	12	5	14.7
561	103	7	6.84
1996	115	18	132.32
49881	14	3	16.55
103	11131	8	57.52
7528	12	5	8.41
58	2544	5	22.96
1610	7199	4	55.52
6429	106	3	12.96
301	12227	3	33.57
1442	14428	4	61.38
195	1727	3	18.03
2808	200	5	40.63
1532	19617	4	65.14
516	2531	3	26.52
37347	14	3	12.18
3191	107	3	9.12
102	2557	4	4.2
102	879	17	28.18
103	747	9	16.16
280	717	4	23.23
8585	8217	5	91.63
17021	14	9	43.27
181	3338	4	30.62
115	104	59	43.16
115	3978	3	14.96
274	488	4	20.29
11301	115	6	52.93
1033	147	6	31.42
529	31932	4	63.06
2	1856	8	25.5
102	1592	49	250.57
10666	12	3	4.03
102	3190	9	25.59
101	2258	5	4.82
5146	217	3	25.56
102	5823	3	5.75
12	6709	6	10.7
12	4212	9	14.97
3134	2	4	11.37
186	234	4	10.91
220	2835	4	31.77
53695	12	3	18.18
12	2759	7	4.3
10461	12	5	11.52
102	20741	3	13.69
1443	3405	3	34.14
35541	14	3	12.18
487	3070	8	89.54
3199	9400	3	45.4
587	3050	3	28.42
23872	101	3	13.59
317	14635	4	49.99
2286	8	3	11
326	29595	3	41.71
871	107	4	5.26
971	150	3	11.61
116	2234	5	24.85
13426	21476	3	61.62
12	17429	5	18.34
660	1006	64	909.44
353	690	3	16.97
822	3291	6	70.08
156	592	3	9.76
2	132	421	2219.7
101	3758	4	5.44
728	181	3	12.37
3219	111	6	32.4
101	1337	8	6.95
35	19595	8	96.11
127	5198	5	38.31
142	11067	9	103.19
12	5954	5	6.31
12739	14	11	49.77
271	232	3	9.33
150	512	3	8.31
33875	1537	4	76.31
2531	2595	3	35.96
1360	7	3	4.11
3885	249	3	24.79
54166	14	3	16.55
146	446	3	7.41
51888	14	3	16.55
1035	200	4	22.46
598	160	3	10.05
14466	9132	9	198.87
219	523	5	25.38
12	6670	7	14.56
35	40449	4	48.05
1916	418	4	34.1
12	4185	8	11.29
16079	12	4	11.38
102	5798	8	30.86
183	11	4	22.96
19235	101	4	19.72
103	3540	10	49.13
12	2417	15	24.01
47155	14	3	16.55
1381	108	3	5.48
3372	12	8	8.68
301	102	97	305.63
17	319	6	12.97
1397	8754	4	55.97
2218	265	3	22.03
255	4483	4	36.93
890	255	3	16.22
405	176	5	20.13
9935	353	9	123.6
133	626	4	13.35
607	120	8	31.89
190	1226	6	39.38
18304	12	3	7.32
2307	147	9	69.75
1159	343	3	19.59
8	356	11	30.76
6696	101	3	5.6
268	5137	4	38.6
110	1142	12	53.28
1256	17421	3	44.54
110	3643	4	18.25
11216	101	4	13.72
129	507	3	6.82
736	760	3	21.42
227	1192	4	25.06
6156	103	3	10.61
1255	696	3	23.86
879	4536	3	32.99
1859	102	8	13.24
1387	4868	3	36.15
111	2131	3	9.87
200	3438	23	276.91
5086	24828	3	56.25
114	1466	4	13.56
58	152	11	7.35
43125	1839	3	58.37
2660	1007	12	157.64
31454	14	3	10.08
13508	440	3	36.6
589	125	3	7.38
12	12287	4	9.09
12	9918	4	6.98
3977	106	3	9.98
52375	14	3	16.55
370	1204	6	49.03
267	3551	5	46.64
775	2875	4	41.9
111	777	3	4.59
7900	1048	4	52.64
168	208	3	4.85
3094	4936	6	91.68
109	914	71	540.9
826	47959	3	53.49
1791	145	4	22.02
5383	12	11	28.33
785	160	3	11.44
32317	14	5	27.58
550	551	4	26.28
364	2370	10	106.57
1088	1194	3	25.94
25488	8876	6	137.34
32489	117	5	61.21
187	102	36	16.59
3248	12	9	10.89
153	571	8	40.09
2624	930	4	42.33
52086	14	3	16.55
1172	22855	3	45.83
150	238	4	7.89
1356	2183	76	1492.18
116	1091	4	12.39
101	18972	3	11.78
24046	320	3	40.02
7061	14	23	118.68
592	15113	7	106.4
1028	107	6	13.41
207	20707	3	34.72
10833	127	3	24.8
1747	217	3	19.03
51551	14	3	16.55
102	467	15	9.67
1713	880	3	27
123	241	7	16.04
156	1029	5	25.86
7285	32422	3	60.13
6283	154	3	23.29
12	3888	11	20.46
101	1779	7	7.61
103	992	14	42.4
12	1919	16	20.97
3492	24562	3	53.92
10546	14	11	41.45
101	7482	3	6.29
12	7622	4	5.17
26174	160	3	34.2
3491	7225	3	44.42
120	17665	3	27.07
18622	474	5	71.87
673	8929	10	148.5
1004	14	110	397.9
2020	101	5	4.02
258	546	6	35.57
257	152	3	5.1
2006	3507	11	165.29
101	16423	4	17.44
167	281	3	6.56
112	243	72	394.03
28495	12	5	30.31
5214	112	3	15.08
8068	178	3	26.54
2643	14659	5	85.93
3775	106	19	137.3
8458	12	4	5.81
851	9938	17	305.25
258	777	7	48.31
772	316	8	60.91
14896	12	3	6.09
392	14521	4	51.73
162	2160	3	17.32
107	769	4	4.66
105	143	17	4.79
7233	8	3	17.87
18811	117	3	25.29
173	189	29	164.09
113	518	12	42.77
8	921	3	5.95
203	1309	5	33.17
12	12698	3	5.13
559	791	5	38.49
2024	410	3	24.13
733	1248	3	24.15
108	3342	4	15.77
105	918	5	7.33
131	142	6	5.33
3229	103	5	16.63
8909	147	4	35.52
7593	14	16	63.26
441	626	4	25.71
275	10510	3	31.89
27559	35	6	72.08
2271	12	8	4.46
128	1049	3	10.36
17414	665	3	40.84
218	14070	3	32.16
2243	221	3	20.71
2337	5133	4	55.45
10502	213	8	99.31
30014	12	3	11.65
3151	111	3	11.91
1101	8	48	378.51
1993	3607	3	36.48
1348	7220	4	54.07
19002	16	8	89.94
102	8474	8	37.77
911	1171	5	46.5
5509	1223	4	50.55
111	663	4	6.98
328	2536	15	171.92
168	225	7	22.98
169	621	3	10.73
52830	14	3	16.55
4079	131	36	447.49
5613	1302	3	36.73
439	101	22	18.32
7315	14	20	92.9
324	170	3	7.45
444	7734	3	32.61
163	346	5	17.11
321	2905	6	58.4
30023	12	3	11.65
57	296	15	41.32
267	24071	6	94.43
11341	14	9	30.24
13417	3946	10	200.72
13684	14	8	29.37
290	340	5	25.31
106	498	9	15.32
109	1418	3	6.08
16591	106	4	28.35
3566	153	3	19.68
1041	438	6	48.91
4895	264	9	101.47
20663	14	4	11.5
39795	14	3	12.18
3269	544	5	52.43
6676	8879	3	49.76
101	15346	3	10.44
174	134	8	16.87
10748	3458	5	84.63
11833	14	12	54.97
7379	163	4	35.54
106	825	4	4.63
20932	14	6	24.36
271	1767	3	20.68
10367	14	11	41.45
586	2599	4	38.9
312	705	8	59.18
9603	33287	3	64.33
103	2068	3	4.89
445	3881	5	52.47
6034	622	23	374.13
2738	4844	8	125.08
101	4542	5	10.39
510	127	4	11.03
3645	209	4	33.14
18255	236	3	34.89
12	5073	9	18.26
101	7184	3	6.04
603	3835	12	156.25
17193	2307	4	67.34
3827	12	26	99.85
1018	24644	3	46.33
219	654	3	13.47
9039	1242	3	39.69
2	1657	5	10.55
1109	116	6	23.33
7136	14	12	34.49
40752	14	3	12.18
13113	14	10	41.51
583	2376	4	38.23
12	20731	4	13.55
115	307	7	14.15
12	17255	3	7.32
6885	127	3	21.49
243	192	5	16.4
239	1706	6	47.82
316	556	3	15.09
15987	6920	6	120.58
3701	113	5	28.01
12	1506	12	6.36
101	6092	3	5.01
4630	149	3	20.93
2655	109	11	63.49
704	1382	3	24.61
133	245	8	23.52
7991	14	13	44.84
6967	101	3	5.81
5270	35	32	384.66
831	626	6	50.32
24843	27990	4	97.96
1275	21	4	12.54
106	2664	23	157.81
11875	1290	3	41.59
295	125	5	11.39
329	162	3	7.11
2659	105	3	7.22
1929	4272	8	116.85
3394	131	4	25.72
927	10462	3	38.69
12	11327	4	7.94
109	38651	4	44.15
113	6326	7	52.39
11670	14	9	32.05
1761	19865	3	47.46
2683	12	18	38.18
17487	12	4	12.38
128	7544	3	22.35
9	22731	3	25.84
1399	127	3	12.03
571	3848	3	29.65
11944	163	3	28.04
406	58	5	7.18
9420	2051	3	42.8
192	176	6	16.4
194	1473	19	180.37
17168	320	3	36.88
3984	112	3	13.48
6477	101	6	18.74
1959	14191	3	45.22
11165	101	4	13.72
500	143	10	48.97
468	269	5	27.06
12	11971	3	4.72
12	13428	3	5.58
6462	101	3	5.39
1494	4079	3	35.43
1552	102	10	17.25
1123	110	6	18.44
226	3865	3	24.2
109	11172	4	26.84
22357	14	3	7.51
6110	115	3	17.58
936	206	13	103.33
4031	111	5	27.52
361	1829	3	22.78
726	17527	5	75.66
242	266	3	9.5
101	16678	3	11.07
623	1074	39	505.35
116	878	3	6.65
418	643	4	25.62
2445	13951	6	103.81
13254	107	3	18.26
103	978	11	28.12
12	2089	12	12.06
102	838	22	44.97
104	187	14	7.49
667	2686	15	193.77
822	1240	5	46.42
125	4164	4	26.74
12559	9	8	77.07
243	429	3	12.12
119	1696	10	62.18
5415	12	20	82
507	15309	6	86.5
10888	12467	3	55.62
3654	12	6	4.7
1954	116	7	37.6
333	4661	6	64.86
338	911	3	18.17
653	107	13	37.77
4161	104	3	9.24
51444	14	3	16.55
3243	6274	5	77.23
27381	12	3	10.16
12	384	48	34.19
189	232	5	15.67
9136	647	3	35.98
282	160	6	20.12
1888	34775	3	54.01
26348	14	3	8.62
12	7107	5	7.62
279	5204	3	27.41
102	53313	3	24.09
188	699	7	40.62
5903	844	3	34.33
684	12575	3	38.43
102	3843	10	34.39
427	211	7	37.29
3688	12	7	7.06
396	678	3	17.52
102	20256	5	29.68
305	386	5	27.09
115	536	4	7.62
690	1982	10	114.08
894	104	29	133.07
2464	23170	5	91.92
103	2796	6	20.42
101	4099	4	6.05
725	886	8	74.83
1114	128	4	16.44
102	508	65	210.98
101	1364	10	12.32
791	12	30	27.84
825	194	3	13.68
12399	6625	3	52.29
12	7974	12	44.95
112	8309	4	26.76
1561	123	5	25.19
3038	393	3	26.38
1404	2757	4	46.07
275	1944	3	21.36
1837	103	3	4.27
2185	155	3	17.13
3210	157	11	100.94
533	15427	8	123.45
109	11195	3	18.2
37590	14	3	12.18
206	425	16	111.11
5411	1003	3	34.87
6049	490	3	31.59
4159	160	3	21.11
389	979	3	19.47
6714	12	5	7.27
9872	14	11	39.38
8856	1667	7	109.98
123	5789	15	155.82
124	447	31	200.27
41246	2270	3	59.65
12	345	35	8.31
6225	12	11	31.76
240	144	7	20.11
37304	14	3	12.18
15543	8102	10	222.41
770	5500	5	61.28
34823	5748	3	60.89
6065	116	7	54.22
7	617	6	7.64
8566	733	5	66.21
109	1144	3	4.88
1338	12	13	6.44
398	57	7	13.31
12	12753	3	5.13
137	1095	3	11.48
710	114	6	17.09
3531	137	3	18.45
1182	642	4	33.02
7	450	8	10.32
24709	12	4	16.81
190	114	11	16.52
110	912	3	4.59
258	706	9	64.97
800	106	14	45.88
3387	1897	3	35.82
8364	14	14	53.57
5761	101	5	12.69
35	32107	5	60.07
31604	175	3	36.85
467	695	4	26.84
3948	101	8	21.49
2602	538	3	26.85
13310	28539	5	119.72
201	2079	18	184.93
167	118	8	7.93
18467	163	3	31.12
17681	14	6	22.03
108	2788	3	9.23
129	2890	3	16.41
1167	182	4	22.26
12	17978	3	7.32
209	480	15	105.77
586	4386	4	43.15
2252	101	9	17.22
7197	202	3	27.26
1606	930	7	75.26
101	2244	8	13.48
4337	184	6	54.97
944	9920	3	38.39
546	147	3	8.42
927	940	12	129.26
892	32804	3	47.2
2523	101	13	36.4
6996	3176	3	43.54
35	23103	7	84.1
386	1050	5	38.05
1945	131	4	21.33
102	4088	4	7.09
12	2769	8	6.52
2	3328	4	11.8
12	932	17	6.6
13325	12	3	5.58
125	770	4	13.73
3223	107	4	14.51
9023	101	4	11.74
7615	106	11	84.42
145	147	5	4.62
146	517	4	12.88
117	169	8	7.59
238	447	4	18.46
29239	14	5	27.58
360	961	3	18.81
688	109	6	12.16
149	339	19	107.33
4870	101	3	3.91
2760	840	4	41.95
1358	1419	4	40.47
17626	21648	4	88.67
101	7852	3	6.54
183	386	8	40.38
2131	370	50	727.44
103	3070	4	11.17
183	681	6	32.57
695	480	4	27.08
696	104	11	24.84
868	432	3	19.16
149	988	26	215.09
269	130	5	10.69
101	19338	3	12.61
460	121	12	51.51
15478	14	9	39.47
149	4202	3	20.28
1094	169	3	13.61
4559	4735	3	43.2
197	3973	7	66.27
2748	107	3	8.34
109	1080	5	12.04
11534	12	4	8.48
193	5024	3	24.34
5519	407	3	30.07
261	2225	3	21.98
14907	14	5	13.21
111	706	3	4.14
1392	1416	4	40.61
4965	171	3	22.83
102	10616	3	9.13
1235	10799	14	254.51
12	15683	5	16.94
112	609	25	128.26
9	981	3	6.1
31190	336	4	59.94
48547	14	3	16.55
6227	114	6	43.09
7	4018	3	9.72
57	986	4	9.27
1495	109	3	6.35
108	5322	5	26.74
8176	783	8	115.3
1851	115	34	295.34
2842	959	3	30.59
101	10343	3	8.11
7624	12	7	16.39
7772	113	8	66.31
1352	425	5	41.53
261	3810	4	35.75
805	112	3	4.89
135	2151	9	66.73
14562	9	3	22.53
1418	2741	5	60.04
1364	4267	3	35.21
106	519	5	4.37
57	1630	4	13
226	2732	3	22.19
341	2652	6	58.04
14634	122	7	76.92
101	19288	3	12.61
2699	12	18	38.76
17	1775	3	11.5
1300	24602	5	88.39
12946	16905	3	58.41
8591	12	15	71.76
101	1894	10	17.7
315	129	3	4.69
20849	14	3	6.62
102	4221	3	4.13
2489	1416	4	45.37
12	8186	4	5.81
25294	14	3	8.62
6004	475	10	132.19
153	5512	5	42.73
183	456	3	10.23
102	288	219	1059.41
12	1587	21	30.52
313	2517	5	45.01
7979	102	4	12.29
31716	14	3	10.08
119	1214	5	20.67
301	1102	3	18.6
4101	5406	7	115.12
1138	471	19	206.84
102	7348	6	22.41
102	5616	9	36.4
12	4316	9	15.39
33002	14	5	27.58
12	870	18	6.85
101	754	17	20.01
1652	247	3	19.68
3310	35714	3	57.36
40386	101	3	18.52
3841	14617	4	69.37
17672	3439	3	50.65
760	8	5	13
12	190	61	5.56
103	1309	24	112.9
2198	141	6	40.46
2162	12	9	5.89
12	6788	4	4.34
2972	866	3	30.36
2428	3547	5	68.07
4439	12	5	3.98
254	14912	4	48.05
145	880	16	110.19
17	195	5	4.64
2625	109	4	14.71
236	27187	6	92.7
291	3108	5	46.42
6869	362	6	70.74
2171	106	3	6.83
133	751	4	14.69
734	49296	3	52.87
25829	14	5	22.3
375	3164	3	26.3
377	2420	4	35.31
3638	12	8	9.47
114	2555	3	11.71
712	367	3	17.32
385	12839	3	35.49
10886	3028	15	310.65
53466	122	3	39.13
843	5130	3	33.52
12966	14	8	27.46
22657	8389	3	58.21
12666	21	9	91.25
26002	14	4	14.69
1192	179	3	14.94
8	24148	4	39.81
2351	10486	5	79.97
40741	117	4	48.96
6508	14	21	91.03
28245	14590	3	65.06
16012	12	4	11.38
108	2061	4	12.21
4419	33400	4	85.03
767	117	17	90.62
3414	1370	33	569.48
109	280	20	53.81
609	102	67	247.43
26507	14	3	8.62
6290	732	4	47.79
12	12166	4	8.48
1075	107	21	99.28
101	10181	3	8.11
5823	394	3	30.36
234	200	30	206.01
139	657	3	9.06
613	14	236	1140.7
4324	242	3	25.36
142	1062	5	24.35
1452	116	5	20.42
26364	14	4	14.69
15934	42758	3	72.46
107	1762	3	5.97
7840	34966	3	62.95
258	206	8	36.49
109	2756	3	9.65
432	20175	5	72.8
180	222	4	9.98
816	707	3	21.47
1296	107	3	4.46
12	4883	6	7.17
10839	101	3	8.49
101	299	18	4.11
310	142	3	5.63
635	17	5	14.81
12	632	44	53.33
1054	1443	6	62.58
4055	126	3	18.15
145	421	4	11.67
4741	234	3	25.67
31029	14	3	10.08
900	19772	3	43.41
53179	117	3	36.72
15645	1664	3	44.84
6110	193	3	25.56
12165	7972	3	52.9
39087	117	3	32.23
4448	115	5	31.46
312	1581	3	20.97
17634	12	3	7.32
102	590	12	7.58
149	17566	5	56.85
104	962	15	50.74
354	370	256	3850.59
18832	14	7	29.34
101	5635	5	12.36
102	4458	6	16.21
101	7359	8	32.21
960	101	11	9.2
3759	3546	5	72.55
101	4153	4	6.05
118	18811	3	25.69
121	208	6	9.21
155	535	4	14.34
158	939	3	12.12
184	513	3	10.77
102	23901	4	22.67
872	137	3	10.31
2298	9241	9	155.05
1231	127	3	11.27
536	867	3	20.25
501	3743	4	40.69
106	1660	5	13.41
286	2304	3	22.79
2	8915	3	13.01
12	9475	4	6.56
3016	106	4	13.49
326	610	24	228.27
102	12885	4	16.41
12	10251	4	7.44
10022	542	4	49.68
252	9222	4	43.23
288	372	19	149.8
107	1322	3	4.57
640	5012	3	31.89
45	8671	5	84.25
107	3125	4	14.22
644	21	10	36.46
133	294	4	8.53
501	618	3	18.14
27266	244	3	38.19
105	6967	3	12.78
112	1506	26	182.69
684	127	5	18.4
229	110	11	16.76
13148	14	11	49.77
1063	30729	3	48.14
1007	163	42	408.55
1515	626	3	24.46
265	14	471	2047.37
32003	14	4	17.19
253	102	30	22.38
11281	14	9	30.24
414	26488	3	41.53
3539	102	7	17.83
38976	106	3	26.82
5572	19449	6	121.58
322	435	3	13.95
1787	1338	3	29.81
260	345	3	11.54
192	979	5	29.18
142	4726	5	39.58
616	989	5	41.55
614	229	3	13.64
3363	3620	3	39.67
576	10192	5	66.17
167	194	5	11.11
204	12	80	35.18
295	3214	3	24.96
39766	164	3	38.18
48028	14	3	16.55
6567	12	4	4.1
257	318	244	3271.74
57	532	7	16.13
3263	14	36	136.48
859	111	16	75.94
107	466	30	118.06
20622	999	4	61.66
32322	104	3	23.5
3781	14	13	21.79
6907	185	5	49.15
114	461	12	41.25
40338	111	3	30.28
6881	2579	3	42.02
103	9995	3	13.67
372	111	5	6.53
2094	2007	4	46.89
2	11744	3	14.96
101	10861	4	13.72
531	380	5	31.6
8	234	7	8.86
3487	28130	3	55.5
5978	24862	4	80
1047	4082	4	46.68
953	221	4	22.94
225	124	4	5.26
22733	14	4	12.9
105	229	23	41.85
6905	104	4	18.91
2118	147	16	141.26
48563	14	3	16.55
337	486	4	22.07
6070	101	3	5.01
543	4027	5	54.68
763	5492	4	47.04
101	2718	5	6.04
12	609	21	4.87
1681	104	3	4.52
7371	249	4	40.98
25539	399	3	41.35
48320	14	3	16.55
414	544	3	16.49
13890	12	3	5.58
1477	6920	3	38.85
17	2002	4	18.63
1441	619	23	284.46
13	752	3	12.78
1204	109	7	22.65
560	15514	3	38.46
44007	12	3	18.18
104	6835	3	12.14
12	7710	5	8.41
17775	211	3	33.94
2042	1497	5	57.63
1025	652	3	22.31
12	7925	4	5.48
102	2152	12	32.11
7756	113	3	18.23
4199	33709	3	58.87
15905	17611	3	61
2	803	20	67.39
1371	7579	4	54.6
5971	5408	3	45.9
2193	102	5	5.97
360	644	11	90.12
1888	955	3	28.15
10836	19317	3	59.08
6411	21381	3	56.52
239	3536	9	93.08
738	550	4	28.41
1974	146	7	47.97
807	12	37	47.34
1390	257	3	18.94
1534	11486	3	42.6
6570	866	10	144.86
19781	12	6	27.57
107	5151	3	11.87
105	816	4	3.91
290	246	5	21.72
106	2141	5	15.95
29230	117	3	30
12	24745	5	25
160	1847	3	16.35
29064	102	4	27.16
101	9332	7	30.04
401	12	30	6.71
759	15810	4	57.38
6241	12	6	9.84
2726	58	4	17.22
12	13704	4	9.76
2337	101	7	10.7
431	5143	15	205.1
35316	14	4	22.06
26643	244	3	38.19
58	318	5	5.37
726	12384	3	38.74
23584	14	6	27.48
365	109	10	19.53
102	9279	3	8.42
13028	12	3	5.13
37085	14	3	12.18
254	38888	3	42.34
639	156	3	10.14
2297	137	3	16
6698	12	5	7.27
35	9276	18	216.3
441	1628	3	23.03
346	473	3	14.9
240	10283	5	57.55
5258	101	3	4.34
6856	1168	10	151.47
5152	247	4	37.8
1379	104	7	18.48
12	1564	11	5.3
2	2690	3	6.21
1299	105	12	44.03
101	7771	6	20.88
19306	12	5	20.02
12	7472	6	12.17
382	57	6	9.44
14069	12	3	5.58
928	1196	8	83.12
1496	300	4	29.65
153	1607	19	167.75
1651	503	3	23.79
2	219	29	49.85
104	350	12	16.95
5202	474	3	30.43
2352	14	33	88.93
107	9719	3	15.97
339	1664	35	441.97
686	118	3	5.89
4906	5392	3	44.67
267	41083	3	47.2
4673	377	3	28.72
751	530	11	100.75
351	388	11	80.16
352	248	3	11.31
4057	431	3	28.41
12	50400	3	18.18
19857	6066	3	55.02
12	158	352	715.57
104	2123	3	5.75
11442	12	3	4.36
102	7309	7	28.54
275	334	5	24.29
48253	14	3	16.55
30653	14	4	17.19
117	123	28	53.01
145	164	7	12.51
150	2113	3	16.24
17782	102	5	27.94
35	53671	3	36.04
1895	12	14	15.07
145	6761	4	32.98
423	1905	7	67.95
102	447	27	38.65
122	345	3	4.58
216	2904	7	64.1
17	1179	3	9.12
1294	1627	3	29.07
1232	6237	3	36.98
3189	24007	3	52.06
9916	102	5	20
357	104	10	11.49
518	4857	7	83.88
101	5494	3	4.49
579	312	3	15.33
1386	12725	3	42.58
1373	2163	3	31.31
13044	12	3	5.13
1177	672	3	23.16
5060	12454	5	90.3
1918	106	3	6.12
155	3772	10	93.08
731	141	8	40.88
727	1622	11	124.08
12	2135	11	10.05
189	199	7	23.15
101	156	47	10.51
102	1330	6	4.37
391	23695	3	40.03
4574	243	3	25.7
47636	102	3	24.09
521	212	14	99.21
3243	50859	3	61.74
9288	694	3	36.33
340	277	4	17.96
35	50102	3	36.04
21593	12	3	9.02
874	12	33	39.57
12	3022	7	5.08
795	109	5	9.7
12	773	23	12.67
8524	299	4	44.05
127	161	5	4.46
102	5200	3	5.08
2911	101	5	6.7
3931	14	7	5.12
12	6444	4	4.1
33782	12	3	13.78
1824	12	16	19.78
532	6799	7	89.63
1419	1038	3	26.83
881	106	8	19.12
369	2271	5	45.69
12	10420	4	7.44
1215	4147	3	34.27
57	1242	5	15.71
128	7933	5	43.37
536	4135	6	68.17
5166	14	23	87.69
832	106	7	14.52
57	3726	3	12.82
128	2031	4	21.34
30605	14	4	17.19
135	126	13	24.05
12482	5060	4	69.92
862	8373	4	51.62
1860	109	3	7.5
429	525	4	24.22
30102	14	5	27.58
2727	9	8	47.25
112	223	10	15.54
103	13144	3	15.41
234	767	8	55.56
14616	10868	7	150.57
1342	109	6	19.13
1658	124	3	12.75
322	567	12	94.7
110	2696	4	16.05
108	323	11	18.97
467	23924	4	57.69
164	629	3	10.47
163	1025	3	12.85
29919	14	5	27.58
16073	101	3	11.07
7723	12	4	5.17
4836	21	4	22.96
1160	352	3	19.74
200	1607	26	272.79
773	695	5	40.38
4680	14	33	161.77
12	12005	3	4.72
526	1058	3	21.22
8391	2267	3	42.74
22924	14	7	38.61
5050	101	3	4.04
7090	104	3	12.39
6071	14	26	129.27
2622	459	11	126.2
3862	3862	5	73.71
12	983	36	55.95
2229	1122	4	42.5
248	545	5	27.35
3346	200	8	75.8
9533	107	4	23.3
18935	106	3	19.91
3753	102	10	33.92
5861	14	5	4.06
363	7181	3	31.33
180	381	3	9.17
971	3942	3	32.68
104	1943	3	5.26
280	1283	3	19.07
281	113	16	49.03
282	494	10	69.97
2294	125	3	14.89
29696	14	5	27.58
415	806	4	27.15
12	6899	6	11.16
351	488	4	22.44
509	2263	4	36.79
4092	102	3	3.9
2359	3622	4	52.46
12	7332	7	15.75
19137	21871	4	89.95
1026	417	3	19.95
2555	101	6	8.38
28302	116	3	29.97
142	30273	3	34.38
116	517	3	4.28
16207	9191	3	56.24
3427	2648	3	37.99
361	1231	11	103.76
42411	34271	3	80.18
5534	568	4	44.84
4510	566	8	98.72
36946	14	4	22.06
269	1012	3	17.28
48044	14	3	16.55
104	801	6	8.76
10090	14	7	16.89
9579	2392	9	157.04
279	267	3	10.43
1746	128	5	27.33
497	103	9	10.61
102	10956	10	61.4
4352	14	6	3.93
8	2105	5	22.54
924	128	3	9.71
2484	6680	9	148.72
107	1480	3	5.1
30249	14	5	27.58
3262	101	4	4.54
57	6829	3	16.39
537	1627	12	130.81
812	734	4	31.19
7555	4723	4	64.62
941	2143	9	107.47
7240	118	4	28.33
1316	5443	4	51.29
2756	14	46	187.65
136	237	3	3.92
185	15993	3	32
5477	1906	3	38.87
9554	101	6	24.36
105	3065	3	7.96
254	128	7	18.13
437	5858	4	43.55
19913	106	4	30.69
305	9594	4	45.66
8079	12	4	5.48
121	25292	5	58.81
536	1908	5	46.99
473	279	3	13.57
4047	101	4	5.89
2716	107	6	24.48
2026	12	10	6.93
12	10662	3	4.03
10780	4565	3	48.84
399	118	4	6.68
435	128	4	10.18
1320	1328	3	28.04
436	4742	3	29.44
354	9636	16	254.33
12	15112	4	10.52
208	48150	3	45.32
580	12113	3	37.08
330	3277	3	25.76
139	590	3	8.55
1520	3479	7	93.73
8141	14	15	58.4
164	155	23	97.95
128	198	9	21.8
289	1948	4	31.44
921	4804	3	33.63
322	2433	16	183.59
130	58	15	10.16
4791	12	6	7.17
345	240	3	10.99
3409	606	3	29.31
338	11737	11	164.27
652	436	11	94.03
169	513	7	33.93
677	1107	3	22.87
201	1463	12	103.19
104	8762	4	20.91
12	9877	4	6.98
779	250	4	22.78
14173	14	12	66.19
111	1876	3	9.06
1126	1754	9	106.2
102	31306	3	17.44
105	390	6	4.02
7	274	12	13.98
767	2494	5	53.11
3230	310	7	71.43
160	1107	5	27
14090	110	3	20.55
102	27095	5	34.79
27714	12	4	16.81
262	20643	3	36.45
1586	643	3	24.91
640	1314	5	44.89
25133	14	5	22.3
1069	493	3	20.97
2508	109	4	14.35
58	3215	3	12.05
12318	102	3	10.41
112	1973	10	55.58
452	102	23	27.65
7205	14488	4	74.93
101	4881	5	10.9
1840	2479	3	33.88
51824	14	3	16.55
751	387	6	44.49
181	1000	45	465.43
755	1211	3	24.13
23505	12	4	14.98
12	1026	27	30.26
10280	12	5	11.52
101	3135	4	4.31
862	367	6	45.01
22474	14	3	7.51
184	944	3	13.97
122	16	49	131.13
313	332	3	12.44
101	3436	4	4.9
16	595	4	7.82
1574	116	4	15.23
409	12405	6	81.73
116	500	4	7.35
1496	155	4	21.93
101	53521	3	22.98
123	833	3	8.62
19107	165	4	45.89
101	3763	5	8.66
111	1440	3	7.57
5729	131	3	20.67
12	9021	4	6.17
11398	16	5	41.09
4459	109	5	25.86
4053	1162	4	47.41
23728	111	3	25.24
22631	32129	3	68.39
1119	14	92	309.73
11362	21	5	40.55
1071	288	5	35.22
2948	26455	4	74
113	479	7	17.28
58	2058	10	55.9
11197	101	3	8.49
35064	5090	3	60.07
4259	295	5	49.88
976	1226	5	47.82
39581	14	4	22.06
7044	101	3	5.81
713	528	11	99.26
142	379	3	6.65
19577	101	4	19.72
5714	41441	3	65.17
376	162	6	23.46
207	9762	3	29.47
1167	13520	3	41.89
339	15854	6	84.09
1630	102	18	52.57
1243	21	3	7.66
702	928	4	31.88
7959	14	11	32.92
15532	106	4	27.4
1591	679	12	135.55
2621	31801	3	53.73
50851	131	3	40.11
18949	14	9	49.64
112	250	6	5.95
13817	14	10	44.61
3711	106	10	56.58
1698	145	4	21.69
23858	12	4	14.98
20790	102	3	13.69
112	2491	4	16.75
468	203	3	11.23
200	5512	6	59.34
559	1119	3	21.85
7754	316	3	30.77
762	398	5	35.51
312	1640	4	30.6
51615	14	3	16.55
299	13347	5	63.78
101	1768	6	5.11
4953	103	3	9.48
6997	14	14	45.93
40619	14	4	22.06
3037	146	3	18.03
15541	12	3	6.09
53384	14	3	16.55
1889	341	3	22.68
1095	110	5	13.45
5980	12	5	6.31
8256	448	3	33.33
455	3401	3	27.63
2084	101	5	4.18
115	685	5	13.43
2858	1101	13	177.78
507	32316	3	44.07
1596	3141	3	34.27
12	7816	4	5.48
2492	858	3	29.19
103	2391	3	5.55
12	3570	7	6.83
764	429	4	27.04
693	145	7	33.61
28061	18983	3	66.49
58	11693	4	29.71
102	7726	11	58.25
2832	126	3	16.1
390	613	3	16.96
12	36967	3	13.78
12023	101	3	8.91
12376	5377	6	112.63
129	16225	3	27.69
2	18673	3	17.98
749	211	5	28.35
32253	14	5	27.58
10149	12	3	4.03
1135	1306	6	62.16
719	241	3	14.75
180	140	7	14.6
2890	2890	3	37.45
16058	12	3	6.66
6492	14	22	99.55
520	1350	3	22.8
125	102	421	1381.95
101	192	44	23.36
12	4807	5	4.57
2097	31884	5	98.74
12	14346	3	5.58
1732	106	4	9.41
9509	14	4	4.83
1037	12	19	12.05
562	2447	4	38.1
2413	116	4	18.66
948	1146	4	35.57
129	989	5	21.79
1068	8317	3	38.01
4080	14	38	183.71
35589	14	3	12.18
674	5195	7	88.16
109	4675	4	19.29
101	27156	3	14.79
57	4922	3	14.5
3125	1262	5	60.09
676	12	22	7.77
109	360	51	256.4
333	12631	5	63.74
2296	152	3	16.93
1584	8140	4	56.09
2031	57	4	14.66
167	1069	5	27.16
1385	3240	3	33.69
6599	12	10	27.55
397	667	7	52.57
114	801	3	5.5
103	16233	3	17.19
8417	4671	3	47.12
11463	1077	4	56.54
1181	103	4	4.6
9174	1049	3	38.58
112	18866	3	23.59
29191	14	4	17.19
953	904	7	67.24
115	11672	3	22.04
4469	143	3	20.23
844	212	3	14.65
842	955	4	33.37
141	1487	7	43.55
101	11056	3	8.49
102	1250	44	187.08
12	7219	4	4.87
21418	12	6	30.73
14961	14	10	48.59
362	4650	3	28.49
239	350	24	187.99
751	153	7	36.78
2253	14	71	373.59
719	279	29	287.16
2050	5553	3	39.31
4516	14	10	15.51
5120	807	4	46.82
5117	1470	6	82.73
6590	106	3	12.96
12	20227	4	13.55
207	186	27	164.62
101	6505	5	13.76
298	12053	5	61.8
862	204	3	14.35
12	4523	5	4.17
102	5312	8	29.14
5357	101	5	11.74
12	2911	9	9.58
102	3702	6	14.02
383	118	4	6.43
2972	1958	4	49.53
445	158	4	13.28
8503	14	16	68.76
102	2341	7	12.83
440	14941	3	37.21
455	5952	4	44.13
289	16292	3	35.59
755	214	3	14.18
988	11600	6	90
522	1985	3	25.1
102	695	12	9.73
827	262	40	429.66
12	7521	4	5.17
8083	104	3	13.21
2	4914	7	34.31
19371	161	4	45.64
12	5409	9	19.38
313	12357	3	34.18
101	8797	3	7.11
29065	40981	4	105.6
1070	161	13	94.69
3119	165	3	19.64
358	25567	5	76.37
8	616	3	4.21
11230	12	4	7.94
9755	610	3	36.05
3163	5359	10	167.09
195	6726	8	87.87
1428	149	33	317.71
320	12	69	65.2
108	3639	3	10.62
290	194	5	18.67
107	216	14	16.36
105	619	5	4.77
3705	782	3	31.06
4302	16108	3	51.15
2020	10261	6	96.94
834	1896	5	50.94
57	3157	3	11.86
10100	643	9	133.24
536	1957	3	25.19
9900	102	5	20
174	273	3	6.96
101	15237	3	10.44
467	8085	3	33.21
113	2424	3	11.32
110	18569	5	44.3
7748	106	3	13.99
367	1403	3	21.25
26782	14	4	14.69
775	2631	3	29.03
3876	1396	3	34.72
947	5320	3	34.36
2927	101	6	9.83
11077	199	9	114.24
105	2029	3	5.84
29611	14	5	27.58
266	18968	4	50.58
109	5129	4	20.01
8235	106	5	29.85
12	27050	3	10.16
223	461	3	11.85
4789	148	3	20.99
7	1465	3	4.39
5909	710	3	33.37
8327	148	9	96.73
1896	186	3	18.15
7202	12	4	4.87
2060	1510	4	44.31
16661	102	5	26.48
168	119	16	38.23
202	2939	3	21.61
233	698	13	100.54
34772	12	3	13.78
173	11950	9	112.32
17738	14	5	15.74
2911	3412	3	38.6
12	7283	4	4.87
102	2798	5	7.74
23652	14	7	38.61
102	933	13	17.12
104	537	6	5.51
12	1736	11	6.74
155	112	24	48.03
2194	21	3	10.93
2946	102	5	8.17
870	847	3	22.76
8348	14	15	60.9
460	242	3	12.45
4361	16	4	22.48
117	1462	3	9.42
14782	14	6	18.59
4775	551	3	30.82
1357	1987	17	237.73
208	1409	3	17.44
116	781	3	6.16
210	35	773	9460.85
333	257	4	17.14
743	27309	4	62.98
2193	2181	7	92.47
7961	12750	8	164.88
102	2615	4	4.38
101	1247	9	8.43
156	828	3	11.42
122	158	6	5.63
1981	1381	3	30.7
114	9830	3	20.02
8280	150	3	24.65
5234	7	3	11.31
15056	102	3	11.49
101	6263	3	5.19
21837	131	5	58.48
148	1144	4	18.61
145	214	4	6.63
718	118	4	10.15
626	128	3	7.82
1322	12	18	16.45
816	284	5	32.68
8709	283	3	31.09
3493	1718	7	95.56
15068	14	8	31.63
19476	318	7	106.75
522	262	4	20.31
1033	204	3	15.33
43158	113	3	35.65
149	3159	5	36.18
3032	16	6	34.49
25354	115	6	73.08
311	106	8	7.17
219	767	3	14.36
824	290	3	16.76
282	573	19	163.89
10268	14258	3	55.74
634	123	3	7.33
431	9803	3	34.17
2589	105	7	27.72
125	6042	3	20.64
895	162	4	18.41
102	2584	6	10.32
277	1092	8	63.42
101	3515	4	5.03
1929	11627	5	79.62
3651	183	3	22.03
6525	101	3	5.39
1092	245	7	51.61
115	880	9	37.9
6373	766	5	63.22
13	33439	3	39.6
3209	106	5	19.58
3209	2580	5	67.65
26804	724	3	44.44
449	6105	3	31.19
155	148	58	329.61
120	7	32	16.75
15337	12	3	6.09
3700	7008	4	61.79
1877	32139	3	51.71
1371	4374	3	35.42
697	791	8	72.55
101	4866	3	3.91
102	5724	4	9.51
6951	101	3	5.81
175	1818	3	17.26
2826	394	3	25.95
1558	8836	3	40.69
117	278	7	13.07
11718	14	6	15.02
749	403	9	74.62
101	6220	3	5.19
12	1073	23	21.44
102	1860	9	16.72
187	465	19	134.76
101	677	12	6.58
1545	1813	3	30.78
9541	180	4	40.06
1072	102	8	6.33
8	410	6	11.76
113	286	51	274.06
137	384	4	10.69
324	16622	3	36.16
2068	101	5	4.18
570	1892	27	357.54
473	241	5	25.97
12752	5619	3	51.13
102	29683	4	27.16
226	206	15	82.79
13780	2	3	15.99
106	685	5	6.19
12	30244	3	11.65
703	4079	3	31.02
119	12777	10	112.64
11669	101	4	14.32
5453	414	4	42.64
405	9	6	11.32
32383	14	4	17.19
1914	9357	4	59.08
1667	101	6	4.69
27569	12	4	16.81
734	38668	3	48.37
560	3144	14	178.36
7013	14	17	65.71
142	5821	4	31.6
26034	14	3	8.62
156	12678	6	66.54
1670	7017	3	39.65
101	11598	4	14.32
7	3288	6	25.34
106	3692	4	15.02
323	440	6	36.15
6264	628	5	60.89
226	3213	3	23.05
1150	101	11	11.81
106	2083	9	38.42
14386	559	3	38.43
57	197	20	46.04
540	1299	9	88.42
7498	101	3	6.29
472	520	5	33.27
28799	12	4	19.34
136	23017	3	31.21
8269	207	4	40.41
101	27631	5	32.93
603	8592	5	64.55
21949	1940	3	49.09
58	107	34	4.66
17682	159	5	58.46
1632	3044	3	34.33
12	835	18	6.29
103	1690	10	34.22
101	951	14	16.49
2	1327	5	8.74
217	1590	3	18.5
6826	101	3	5.6
101	2812	6	9.48
101	4428	4	6.56
4470	1694	3	36.8
12	4544	7	9.51
1801	1696	4	44.11
238	288	81	811.29
10272	647	3	36.76
8217	5601	4	67.02
118	213	32	134.5
117	584	3	4.89
1956	102	11	25.55
2915	175	4	29.22
1543	122	10	63.94
39730	14	4	22.06
8740	12	5	9.79
179	541	4	16.52
1469	286	3	20.01
5081	12	9	18.26
26414	316	3	39.97
5526	902	3	34.29
153	810	4	17.01
7469	9	3	17.96
12235	1904	5	79.5
4157	6966	3	45.13
102	3520	5	9.64
14285	2832	3	47.46
1466	107	5	12.77
790	4908	3	33
2074	21	3	10.56
2	426	18	38.32
53285	14	3	16.55
12	1973	11	8.5
4404	664	4	44.18
1681	1470	3	30
216	566	3	12.68
250	101	22	4.51
2496	105	29	204.77
3522	106	16	106.23
336	179	13	73.37
892	10098	6	85.89
175	351	3	8.47
211	1092	3	15.9
623	116	3	5.14
102	19830	3	13.69
243	754	5	30.19
5894	131	12	121.19
309	22617	3	38.61
4502	34770	4	85.25
24197	12	5	25
158	311	3	6.66
4717	244	9	99.13
12	3617	8	9.47
867	612	3	21.02
5	192	3	16.87
2907	244	3	23.04
309	5219	3	28.08
477	317	3	14.4
1655	5874	6	85.95
711	3451	3	30.12
839	699	3	21.54
101	15638	7	39.37
715	807	4	30.94
1547	626	3	24.63
102	8815	4	13.12
57	633	9	27.61
1656	116	3	10.11
1096	14194	6	93.54
440	973	5	38.37
3092	207	18	203.45
57	7001	3	16.65
5036	159	3	22.24
161	3261	4	28.6
3320	109	6	29.64
25720	14	3	8.62
500	218	5	24.96
12	14385	5	15.74
140	395	5	15.89
2661	114	3	11.98
616	9	3	4.06
19870	14	7	32.71
497	1331	4	32.24
1018	19352	6	100.42
1389	325	5	39.19
15739	12	10	60.62
218	15297	3	32.77
9753	105	5	30.57
3716	394	3	27.48
53582	14	3	16.55
9291	104	4	21.38
26209	14	5	22.3
2900	2634	16	258.39
1462	2259	3	31.86
193	2027	4	27.6
107	500	5	4.53
58	16832	3	22.63
16013	4323	4	71.35
831	557	4	29.32
765	471	3	19.09
375	7519	14	201.75
28	1862	90	1384.47
2335	1168	5	56.22
2006	448	5	46
501	813	39	465.29
3811	12	6	4.89
742	102	11	8.61
10800	19062	4	82.11
111	1687	3	8.47
198	154	47	298.04
8569	320	16	241.65
13360	21712	3	61.62
5194	177	7	67.91
102	9501	3	8.42
174	206	5	13.13
2985	6743	3	42.94
199	21	381	3408.79
12636	181	3	29.91
40848	14	4	22.06
7	5127	5	23.72
19817	102	3	13.69
30215	35	5	60.07
105	2229	4	10.55
641	1003	3	22.13
134	160	7	11.22
106	543	8	13.1
131	505	4	11.35
128	7315	4	31.9
1218	18152	3	44.27
1193	740	6	56.17
132	17960	4	41.59
112	2127	13	81.84
10719	14	13	56.66
114	2525	4	17.86
1861	2	4	7.7
7206	102	3	7.01
12	10970	4	7.94
661	11211	3	37.29
19224	101	3	12.61
121	12839	3	24.51
328	14	53	16.52
487	29284	4	62.52
12	11432	3	4.36
3261	3132	4	53.88
712	16964	3	40.46
3542	295	3	25.57
1083	127	4	16.14
1971	602	6	60.37
13036	14	11	49.77
612	4472	5	56.95
17	13716	3	24.34
1816	407	3	23.37
288	107	8	6.94
57	1105	4	9.97
21938	47674	3	75.12
2654	20614	7	135.74
165	17727	4	44.61
4704	378	3	28.74
5015	1296	5	65.32
4668	104	4	15.57
39116	14	4	22.06
12	8160	5	9.3
18089	404	3	38.29
9198	12	4	6.56
104	718	11	25.43
1891	286	3	21.57
1031	58	6	19.09
21560	571	4	59.17
12	21464	3	9.02
16916	2919	3	48.95
2115	160	11	92.59
9	27945	5	58.97
6246	184	6	59.83
1201	1609	3	28.43
116	346	7	15.86
21117	14	8	44.13
269	170	4	10.63
756	335	3	17.22
243	148	6	16.07
2435	104	3	6.39
40182	474	4	67.37
828	288	4	24.55
103	621	56	280.33
104	341	9	8.47
18184	105	4	28.51
103	4562	7	32.94
1140	4661	7	93.68
382	2	7	3.95
12	7479	4	5.17
8618	3913	3	46.34
18763	14	3	5.88
351	2360	3	24.25
12	6758	4	4.34
897	101	18	26.97
10305	1196	3	40.16
752	143	3	10
7227	184	4	37.7
25268	14	3	8.62
2118	723	3	27.35
1987	150	3	15.8
30448	12	4	19.34
3491	3268	3	39.3
4329	111	3	13.84
18752	14	7	29.34
16	2022	3	10.73
816	101	20	30.56
12	2889	8	6.9
101	3013	5	6.84
1858	116	5	22.91
746	132	3	9.29
35	45245	3	36.04
12151	101	5	20.44
168	741	3	11.59
102	8982	5	18.77
31869	14	3	10.08
41548	553	3	51.3
5815	4137	9	155.18
12	25195	3	10.16
24349	10821	3	61.35
506	102	20	22.3
4945	368	3	28.95
1111	27589	4	65.92
193	2204	4	28.32
2575	103	4	9.94
101	9560	3	7.75
112	2625	4	17.11
58	768	57	416.03
204	107	10	6.01
167	187	5	10.51
9723	2835	3	45.12
2	11735	3	14.96
4104	12	7	8.32
4261	128	3	18.61
135	232	7	18.73
185	24680	3	35.9
20455	1768	5	86.26
1013	14	19	5.85
10505	102	3	9.13
608	150	3	9.25
129	1815	4	20.5
672	102	15	16.08
105	238	9	4.67
10610	14	4	5.64
443	4495	4	41.29
471	3570	3	28.21
442	160	62	554.28
10383	294	3	32.54
3475	2887	5	69.88
1796	217	20	207.98
10300	130	5	46.7
8962	1915	5	75.85
21915	14	6	27.48
102	9352	9	47.66
263	14142	5	62.18
349	203	3	9.85
173	30149	3	36.78
3307	126	4	24.97
749	316	23	224.78
14883	12	3	6.09
1475	157	8	54.96
28431	12	3	11.65
52497	14	3	16.55
18934	14	9	49.64
39215	163	3	38.07
45458	14	3	16.55
25470	14	4	14.69
5862	106	6	33.29
24464	8218	3	59.45
20906	14	3	6.62
2396	111	4	16.11
7882	107	3	14.63
1621	1621	3	30.43
188	413	13	79.84
1744	1933	3	31.96
898	1695	5	50.42
102	763	18	28.28
427	3263	3	27.06
17306	24645	4	90.6
119	4120	3	16.66
1293	440	3	21.66
2249	104	5	14.77
3274	103	3	7.11
685	255	4	22.05
845	58	7	21.89
272	225	3	9.11
150	143	6	7.39
9948	136	3	24.95
456	3643	4	39.77
11582	283	7	91.83
18422	12	3	7.32
123	148	9	11.86
12	1352	18	17.09
9615	458	3	34.52
38291	13530	3	66.68
11724	732	3	38.27
149	24168	6	83.05
473	31608	3	43.79
102	4752	7	21.81
12	6069	5	6.31
12	424	46	34.6
156	1797	4	23.47
113	15180	3	22.8
590	13654	5	69.92
12	4892	5	4.57
1296	12	20	20.73
9251	14	11	37.53
2184	1128	5	55.32
240	2544	3	22.09
259	9855	6	71.93
4295	4797	3	42.89
6230	10721	4	69.95
288	11912	3	33.18
585	308	3	15.32
12	24055	3	10.16
3826	17309	5	92.5
2460	102	5	6.73
12	639	21	5.66
1240	105	4	6.38
4278	102	3	4.13
7339	12	11	36.02
446	373	10	73.97
8243	174	3	26.65
20492	35	8	96.11
12	6030	6	9.45
49222	14	3	16.55
12	1321	13	6.32
1143	729	4	33.59
7979	404	3	32.53
102	22499	3	14.68
2981	102	9	24.62
2499	374	4	35.49
2185	9	4	16.33
3852	101	4	5.59
2316	679	6	63.64
273	1998	6	51.64
313	33633	4	64.3
11809	12	3	4.72
440	9248	4	47.74
13623	12	4	9.76
1266	3187	6	74.79
529	9417	3	34.82
104	2595	3	6.7
960	106	4	5.43
3929	143	4	28.33
8241	141	5	45.98
102	4451	14	63.3
513	123	6	19.98
507	39429	3	46.3
1266	13737	6	95.59
25653	106	5	46.78
616	300	8	56.95
50296	14	3	16.55
102	10397	4	14.57
526	133	3	7.52
7140	109	4	22.68
1868	14261	8	141.03
134	1328	9	57.61
28619	1629	3	50.88
324	366	4	19.76
47240	14	3	16.55
7119	753	3	35.01
9295	14	16	75.96
6900	4568	3	45.77
508	904	3	20.2
1203	10207	10	164.81
411	411	3	15.16
536	212	19	147.61
24003	101	3	13.59
222	417	14	95.28
8	7260	23	272.88
102	9003	4	13.12
136	3524	9	76.09
5067	7040	3	46.3
1863	2008	4	45.91
811	2154	3	28.04
23513	14	7	38.61
368	1487	3	21.59
101	8445	3	6.82
263	1705	3	20.32
121	15614	3	25.66
344	927	3	18.39
1909	334	3	22.58
129	1848	3	13.8
288	2100	5	42.32
608	111	9	27.51
1130	18380	3	43.73
23216	14	5	19.46
253	109	8	7.77
107	2277	10	47.89
2481	101	8	14.86
50785	14	3	16.55
58	3591	4	19.3
12	11223	3	4.36
156	9711	4	37.78
464	12	30	10.03
12	8842	6	13.96
101	5326	3	4.34
33481	12	3	13.78
2340	11907	4	63.07
362	21369	3	39.56
30659	14	3	10.08
36562	14	4	22.06
554	257	6	35.69
115	251	11	26.13
2380	2620	3	35.69
7	13651	3	17.49
286	14667	3	34.8
23866	14	4	12.9
4412	14414	3	50.8
437	11022	3	35.09
307	128	10	36.52
48496	14	3	16.55
6256	126	3	20.89
1684	180	25	254.94
693	530	4	27.66
13458	12	4	9.76
4388	10939	4	67.41
4126	7	3	9.86
6005	101	4	8.72
126	196	4	4.24
103	2060	3	4.82
1528	147	5	28.34
12	4307	6	6.15
104	6018	5	24.36
10325	112	4	28.76
34060	2252	3	55.15
117	103	57	31.06
116	1267	4	13.64
3700	16905	4	69.96
102	17472	3	12.86
18046	14	8	37.98
302	724	3	16.35
2625	102	13	41.67
8921	14	13	48.79
110	14241	4	30.09
339	313	42	401.44
21306	12	5	22.13
17611	28461	3	66.49
12	5193	6	7.75
414	308	3	13.56
142	9856	5	47.95
725	6004	3	33.72
313	3159	9	96.51
102	1434	14	30.49
12	183	91	37.05
103	1302	4	5.35
9346	21	7	59.43
47959	14	3	16.55
12	14695	3	6.09
172	141	17	60.61
27059	14	6	33.09
473	886	7	58.24
405	300	5	27.31
3864	157	3	20.42
226	2651	5	41.91
106	570	19	62.35
169	16800	10	143.49
110	2085	3	8.93
1	62	7	38.83
7	105	153	128.12
8140	496	3	33.47
114	874	3	5.86
5439	14	21	78.16
647	249	5	29
779	111	10	36.74
103	9463	3	13.31
102	9578	3	8.76
16126	227	7	95.32
170	234	6	18.68
102	14792	3	11.49
21779	12	5	22.13
104	13087	4	24.34
2075	8272	4	58.82
3018	421	3	26.57
913	619	4	30.85
992	15303	4	58.28
7	3971	4	15.02
108	2264	7	30.39
142	34947	3	36.61
166	229	4	9.04
1182	1546	7	77.67
675	174	3	11.55
102	31883	3	17.44
983	798	4	33.29
9420	107	4	23.3
1489	334	8	72.05
1083	105	6	12.06
1432	114	4	13.43
675	6598	6	76.69
804	1146	3	24.04
19536	12	3	8.09
28905	28167	5	136.02
110	380	5	5.68
107	1771	10	42.5
57	256	6	5.69
22909	14	4	12.9
1556	21143	3	46.68
102	13180	3	10.41
8157	44336	3	67.45
352	304	3	12.71
963	1	3	9.92
12	2625	7	3.89
126	2775	3	16
875	16	3	6.1
34284	15747	3	67.96
209	2949	3	21.89
1738	255	4	29.3
146	526	4	12.97
107	8357	3	14.93
362	276	3	12.12
732	2891	3	29.22
3223	12	10	13.86
23435	12	3	9.02
5559	12	10	23.71
12	1540	16	15.26
103	357	232	1694.29
600	1475	4	34.47
19619	14	6	24.36
214	1	11	33.24
101	7859	5	15.95
32374	14	5	27.58
422	157	27	189.26
243	163	5	13.5
7102	8040	4	68.52
162	13647	4	41.47
29965	126	3	32.94
46440	150	3	41.52
9489	104	3	14.18
623	17599	4	57
7754	403	3	32.21
123	3097	3	16.15
121	2337	5	28.25
8103	14	18	82.45
14464	12	4	10.52
236	155	4	8.6
282	16179	3	35.39
205	281	9	44.8
5011	12	6	7.45
106	1945	3	6.18
107	1813	6	19.86
1368	200	14	123.04
469	281	3	13.6
31793	14	3	10.08
36722	105	3	26.12
2724	105	3	7.31
1716	9887	3	42.07
9726	207	11	144.15
6397	101	13	64.1
620	597	14	133.49
1192	107	5	10.83
12535	30834	3	63.9
280	25104	3	39.21
7117	2612	3	42.37
294	39908	3	43.48
787	12932	3	39.22
7485	5601	5	85.4
4735	113	3	15.17
805	116	4	10.39
202	1268	3	16.56
13341	1300	3	42.73
3314	608	4	41.18
101	1731	8	9.94
17739	106	4	29.43
41382	174	3	43.54
51705	14	3	16.55
1170	129	4	16.83
1629	14472	6	100.24
102	23948	4	22.67
22072	14	3	7.51
10424	14	13	56.66
12	41022	3	13.78
852	6050	4	48.59
6177	575	3	32.75
12	16780	3	6.66
22618	12	3	9.02
241	372	3	11.43
546	1246	5	42.68
866	14	153	652.38
1886	101	27	100.98
53668	14	3	16.55
157	585	3	9.71
667	276	58	654.3
17261	12	3	7.32
5684	105	3	11.43
559	8898	3	34.75
12	713	24	12.1
101	1100	9	6.65
2	1176	39	213.17
3109	131	20	196.46
2052	17	3	12.43
4956	54226	3	64.38
14024	11688	3	56.63
12	17669	3	7.32
102	16943	5	26.48
487	5012	4	42.9
2285	139	6	40.72
238	6596	5	51.87
5321	7335	3	46.95
1329	101	11	14.79
10191	12	3	4.03
101	2463	15	45.46
10601	16	3	20.7
12	354	55	43.08
905	22826	3	44.44
1022	206	10	75.61
157	6189	3	23.46
22575	14	4	12.9
10142	1101	3	39.63
118	30491	5	61.88
398	2	11	13.61
2447	12	10	9.57
404	3375	11	129.97
1007	116	13	68.21
39337	14	4	22.06
43146	9	3	35.38
21101	14	7	32.71
42568	28	3	45.77
11255	101	3	8.49
2328	12	9	6.7
1660	154	4	22.62
1662	944	3	27.3
12	15226	4	10.52
9214	12	5	10.32
102	8965	4	13.12
13540	14	11	53.92
45623	14	3	16.55
1580	127	3	12.75
12	15884	3	6.66
5307	1915	3	38.67
12	13390	4	9.76
11772	14	10	38.93
471	835	11	100.56
109	4743	3	12.72
181	9500	7	78.53
800	101	16	18.4
108	129	29	30.43
129	155	34	140.23
2685	221	4	31.4
57	540	4	5.58
2203	494	4	36.37
1570	16118	4	63
10959	507	3	35.79
138	1238	4	18.68
1856	107	4	10.38
136	3745	4	27.45
913	101	12	10.74
8356	12	7	17.82
24859	16	6	72.16
8	5956	3	16.64
3679	101	4	5.3
101	15069	3	10.44
1762	2509	4	47.14
49552	14	3	16.55
462	112	4	5.21
6021	101	3	5.01
1548	339	5	40.85
227	2805	5	42.43
197	700	7	41.84
540	290	5	29.18
5779	6630	3	47.04
30370	14	3	10.08
24455	1537	5	90.03
110	5461	3	14.47
1261	10397	3	40.55
17924	14	7	29.34
2683	107	4	13.03
2409	154	12	104.77
399	3011	4	37.44
913	3935	3	32.28
7967	12	4	5.48
650	1674	12	135.98
15863	101	3	11.07
12	12787	3	5.13
113	6051	9	71.9
36057	14	4	22.06
25695	427	3	41.66
12	11603	3	4.72
169	888	4	18.94
4259	1517	3	35.79
1613	17081	5	82.15
8362	157	4	36.35
674	334	6	41.18
133	1395	9	57.84
4377	102	4	7.61
2873	2784	4	52.1
36268	14	4	22.06
508	146	3	7.98
38021	14	4	22.06
142	22513	4	45.26
11338	113	3	20.7
313	28242	3	41.49
22647	162	3	32.99
6462	106	18	155.86
9152	14	8	20.71
19063	12	3	8.09
6843	207	6	63.09
236	4618	6	59.93
15010	14	9	39.47
103	2579	3	5.93
13254	12	4	9.76
126	5262	3	19.83
2588	101	6	8.53
35	39740	4	48.05
50892	14	3	16.55
15328	101	3	10.44
6471	12	8	18.18
12	18667	3	7.32
9978	14	15	70.68
1537	139	33	317.41
118	8028	3	19.98
2215	43650	3	59.57
37043	14	3	12.18
553	185	3	11.19
6484	12	8	18.18
1497	149	7	44.74
479	147	3	7.86
47943	14	3	16.55
57	28473	3	27.88
27043	14	5	22.3
104	2546	3	6.62
104	194	28	45.11
2	565	7	7.02
1067	34344	3	50.38
102	6112	6	19.89
142	10179	6	61.08
1685	3366	7	94.64
35717	14	3	12.18
454	836	4	27.99
427	866	4	27.81
8	43146	3	35.58
1219	10652	4	56.34
17269	1458	5	82.52
117	660	3	5.39
7939	519	4	47.49
17	380	3	3.96
238	2841	30	383.25
12768	12	5	13.78
3275	1200	3	32.79
57	15721	3	22.43
22812	14	7	38.61
101	2665	7	12.12
103	3968	3	8.15
1749	1019	3	27.97
6958	12	4	4.6
9460	14	14	58.68
2014	177	3	17.99
12	6227	7	13.51
21485	2213	4	69.92
16076	122	3	26.94
169	445	3	9.03
129	430	13	62.06
1755	287	4	30.42
109	2501	7	32.88
129	629	18	109.93
164	214	3	4.78
346	767	3	17.48
704	4742	3	31.98
3059	127	5	32.93
1224	442	3	21.27
500	344	11	83.82
1514	1149	5	51.49
153	12227	3	27.51
38202	14	4	22.06
5610	101	3	4.66
142	3300	4	26.87
18643	12	5	18.34
976	106	4	5.57
195	905	4	21.21
346	1196	3	19.87
6096	101	3	5.01
7	4331	6	28.66
132	5174	8	71.4
5645	1939	6	87.49
358	13940	3	35.56
1152	113	3	7.05
317	2315	3	23.4
2363	1821	4	47.13
14677	14	11	60.67
7860	12	5	8.84
12	10749	3	4.36
4460	21	26	262.68
1966	884	5	51.82
5820	101	3	4.83
38740	14	4	22.06
844	772	6	52.83
101	15339	7	39.37
138	112	19	24.08
3745	448	26	375.86
137	499	3	7.52
174	126	10	22.06
200	817	6	35.92
102	5672	4	9.51
574	113	4	7.15
1594	114	3	9.07
9941	21	3	19.98
101	826	10	5.47
102	1681	5	3.91
3791	102	5	10.22
725	2062	3	27.22
12	2807	11	14.36
2468	1986	4	48.02
134	12512	3	26.65
145	115	14	17.8
487	4474	7	81.93
102	16698	3	12.13
145	952	9	52.79
1323	2315	5	57.73
254	9241	3	30.63
967	12	19	10.51
155	1738	11	86.56
246	411	3	12.01
758	109	6	13.18
103	3529	3	7.54
3827	107	3	10.18
125	4795	3	19.25
11557	14453	4	79.43
104	435	7	6.2
3791	1503	4	49.1
37217	102	3	19.63
315	169	3	7.33
738	27487	4	62.9
178	3111	3	20.64
37245	14	4	22.06
8235	8516	3	50.86
284	23365	6	89.61
5074	13615	3	51.08
12258	530	3	37.01
36205	14827	3	67.29
11892	106	5	34.03
2	6723	3	11.33
3453	150	3	19.04
6041	157	3	23.23
12	5714	8	15.87
104	636	5	4.47
103	404	17	33.17
633	1296	11	116.24
2262	101	7	10.38
316	764	3	16.88
5121	14	15	39.62
195	8986	3	28.13
18418	122	4	39.83
940	57	3	5.25
2977	107	3	8.81
831	8707	3	36.98
426	3042	3	26.72
1541	161	5	30.5
36920	14	4	22.06
2493	3612	3	37.87
12	4553	6	6.64
103	7258	3	11.79
355	1551	3	21.66
12	828	17	4.83
101	960	17	25.42
13676	12	7	26.62
5772	101	3	4.83
4751	14	23	81.48
23717	14	7	38.61
121	1692	10	63.92
9646	299	3	32.2
102	1288	6	4.07
12	499	30	11.52
101	112	154	32.55
6517	731	4	48.12
101	6794	3	5.6
2394	1578	3	32.56
7186	172	3	25.66
36429	14	4	22.06
119	114	20	16.92
48278	14	3	16.55
758	24159	6	106.32
5985	393	4	43.24
240	6971	4	40.32
12	17126	3	6.66
12	22833	3	9.02
12	3825	6	5.08
30015	14	5	27.58
1375	3004	3	33.18
479	214	3	11.8
103	4259	3	8.55
101	5575	3	4.49
12	7559	4	5.17
355	139	18	97.87
7343	109	4	23.05
3283	101	5	7.6
7277	174	16	204.14
36383	14	3	12.18
727	1071	10	101.72
215	103	45	110.35
2	634	7	8.16
103	262	56	185.62
423	106	10	16.68
4593	15527	3	50.96
30006	14	3	10.08
2115	494	5	47.36
12	16927	10	60.62
19194	12	3	8.09
9283	14	14	58.68
129	300	24	128.46
33915	12	3	13.78
102	11305	3	9.52
234	473	4	18.79
1257	106	4	7.23
169	1012	3	13.22
1698	153	6	39.12
35345	14	4	22.06
261	104	16	21.72
2310	101	6	7.55
13029	141	3	27.04
2143	21100	7	132.77
3320	102	8	21.51
769	414	11	96.59
11124	352	4	47.94
105	1600	4	8.13
110	301	14	34.72
258	1996	3	21.1
35850	14	3	12.18
110	1658	3	7.65
1217	131	8	46.09
16590	14	6	20.16
136	594	3	8.44
12	8917	4	6.17
946	575	8	72.57
1424	1190	4	39.18
35451	14	3	12.18
113	583	13	51.36
102	16083	3	12.13
4800	101	3	3.91
17401	14052	5	107.35
19778	141	3	30.49
408	282	4	19.54
11368	103	3	14.47
1570	8769	3	40.74
47272	14	3	16.55
166	2029	3	17.13
21648	12	3	9.02
108	1691	3	6.51
1068	7011	3	36.83
119	1280	10	56.43
2668	690	5	52.67
7941	244	6	67.92
19508	12	3	8.09
12	1400	15	10.89
544	103	10	14.66
2314	20761	8	159.88
102	971	17	31.23
1600	109	4	11.04
587	2051	3	26.05
12536	128	3	25.8
36252	14	3	12.18
180	2013	5	35.56
12197	12	3	4.72
456	207	3	11.3
101	373	27	25.3
2288	3299	3	36.92
103	1985	6	16.56
12	1066	24	23.67
598	106	8	14.42
28355	43300	3	77.95
312	814	4	25.04
796	313	114	1577.83
283	123	5	10.24
247	114	5	4.54
30691	14	3	10.08
758	1053	3	23.32
450	118	4	7.33
365	16280	3	36.97
1832	312	7	63.24
3130	23047	3	51.94
146	383	35	245.93
3108	14	23	57.26
784	7424	5	64.73
105	414	7	6.5
444	4459	18	249
2401	10804	7	119.69
256	119	6	10.87
442	494	8	59.02
7021	12	8	19.52
47454	14	3	16.55
12	13218	4	9.09
12	15067	3	6.09
58	1856	5	19.9
35765	14	3	12.18
559	287	5	29.28
12	10936	4	7.94
127	10450	4	35.08
1667	106	3	5.41
1395	2016	3	30.82
106	381	7	6.88
8	18493	7	73.5
1527	2532	4	46.06
1695	334	6	52.09
1752	496	6	56.58
113	18829	3	24.22
2636	101	7	11.93
913	503	3	20.19
114	4076	3	14.38
12	14102	3	5.58
140	109	12	3.84
185	14556	3	31.33
6390	34528	3	61.58
9	185	33	108.58
127	14233	7	76.55
27027	14	4	14.69
234	267	7	33.02
12962	104	3	16.29
3598	145	5	36.88
1122	103	4	4.32
109	104	177	265.84
106	1269	11	40.39
950	111	3	5.42
36995	14	4	22.06
133	710	13	75.99
131	446	3	6.46
3770	212	3	23.52
612	2112	4	37.68
7253	101	4	10.22
772	1158	3	23.91
34856	333	3	44.12
201	19708	5	64.38
8303	328	3	31.55
208	9193	6	67.77
42767	183	3	44.16
4524	6966	5	82.15
201	271	3	8.16
26609	5020	3	56.07
17245	12	3	7.32
11937	101	4	14.32
22559	14	4	12.9
3530	1378	3	34.13
24775	34479	4	102.96
20120	50672	3	74.09
12	13243	3	5.58
647	157	4	15.79
128	8263	3	22.96
11528	8	5	41.1
197	1051	3	15.05
256	135	7	20.04
292	102	102	322.34
321	2086	5	43.37
2361	4215	3	38.6
19758	14	5	17.39
192	733	14	103.28
1817	101	9	13.65
22252	21	4	38.13
589	160	6	27.89
32505	14	5	27.58
12515	14	9	34.12
6210	12	5	6.61
58	132	330	2164.19
111	502	4	5.36
745	2528	4	40.53
15800	12	8	38.68
101	11624	3	8.91
3903	6015	3	43.85
11823	148	5	50.77
5384	11589	13	279.44
848	101	23	42.02
18720	14	4	10.35
2	17873	3	17.98
1171	1	3	10.91
554	165	4	15.25
6949	54467	3	66.59
360	245	4	17.27
1034	3870	3	32.83
156	492	5	19.41
2	152	19	5.37
12	1729	12	8.54
101	2125	11	23.73
13357	2564	5	84.47
12	4110	8	11.29
12	7276	5	8
633	5395	5	59.5
123	7130	8	73.97
52364	14	3	16.55
28089	19512	4	94.51
12	3349	10	14.53
14726	12	3	6.09
4718	104	3	9.98
5505	123	3	19.54
12367	17165	4	82.19
17778	12	3	7.32
102	22195	5	31.85
108	8959	4	23.97
149	2517	5	33.91
12	18762	3	7.32
11	9	5	16.85
31678	14	5	27.58
12	16650	3	6.66
4134	131	4	27.36
1322	107	3	4.57
275	2627	5	43.85
1677	2112	7	87.89
416	179	6	26.99
266	10809	7	89.46
350	2	8	5.14
127	341	4	8.66
186	299	3	8.19
2320	105	7	26.29
102	1531	27	97.29
101	2321	5	4.92
12	2461	13	17.89
311	101	52	87.27
662	2592	3	28
1407	107	4	8.39
101	7079	3	5.81
12	4971	9	17.73
273	179	5	16.74
118	615	20	107.43
242	3495	3	24.08
12	24415	3	10.16
4640	12	8	13.12
1015	1399	10	113.66
5643	199	3	25.31
224	548	3	12.66
5845	105	3	11.64
128	362	72	576.24
431	813	12	109.16
369	3531	3	26.83
8104	101	3	6.54
487	27080	3	42.31
716	14	158	597.44
12	15808	3	6.66
2151	368	8	80.03
101	13694	4	15.71
2785	1104	10	129.96
3829	11820	4	67.04
127	11364	6	59.41
5263	8331	4	66.47
676	107	6	9.57
8535	186	4	38.95
108	4950	21	182.75
981	14	165	859.15
297	23866	4	54.45
2898	262	3	23.57
346	200	11	62.61
51455	14	3	16.55
1429	129	4	18.61
318	429	3	13.85
2330	1019	45	739.15
3535	12	6	4.36
27300	115	6	73.08
4355	103	3	8.7
1862	8	3	9.73
268	4840	4	38.1
494	14	241	979.83
1172	8376	12	195.39
5543	12	5	5.49
9592	375	4	47.24
744	154	9	51.68
2368	265	9	87.68
40033	14	4	22.06
3505	312	3	25.79
8727	128	3	23.29
107	2247	4	11.82
105	898	4	4.41
6718	1614	3	39.21
28	15663	11	167.95
3544	968	5	58.6
12	4730	5	4.36
12	518	23	4.03
1208	107	12	46.09
102	1259	6	3.9
6282	1148	3	36.47
4687	113	3	15.17
365	9316	3	32.97
12	4514	9	16.27
338	2407	3	24.07
182	101	31	4.47
107	8731	3	15.26
253	10642	8	102.51
106	10712	5	32.42
555	230	3	13.06
358	2189	8	80.01
35079	34812	4	110.6
102	2348	6	9.43
101	1542	7	6.12
22234	22234	3	65.56
10516	101	3	8.11
25385	14	6	33.09
731	1804	4	37.46
104	2433	10	44.35
104	340	10	10.88
1177	648	7	65.93
20914	107	3	21.13
3854	4276	4	57.79
1030	101	8	4.14
411	8728	3	33.26
6884	101	4	9.58
379	3083	3	26.13
108	5930	3	13.48
1118	850	5	45.45
14356	147	3	27.8
129	1406	4	18.47
131	103	36	24.07
226	672	3	13.93
769	2074	4	39.17
16769	162	3	30.34
29849	14	4	17.19
27772	7826	3	59.13
1159	12	44	96.88
111	1431	3	7.57
808	126	3	8.91
111	1679	5	18.84
3629	101	5	8.28
12	8653	5	9.79
106	871	4	4.9
605	406	3	17.06
701	1941	8	87.24
163	1480	9	65.11
134	573	12	64.63
3287	393	3	26.84
12	41197	3	18.18
8937	14	14	55.98
1659	844	4	37.86
2332	122	5	29.25
2296	21	4	17.13
260	499	3	13.3
108	2390	47	421.74
17956	14	7	29.34
380	1730	3	22.67
9455	2	3	13.35
571	653	3	19.2
36578	14	4	22.06
143	30912	3	34.42
12	15722	4	11.38
2093	12	9	5.45
463	3526	3	27.97
8450	14	15	60.9
102	8871	3	8.1
58	4594	3	14.18
430	112	5	7.78
1451	111	4	12.25
102	8560	3	7.8
25521	12	3	10.16
3298	17	4	22.53
20246	131	4	42.4
12	16035	3	6.66
146	31147	3	34.48
1131	1494	9	103.3
1800	10555	4	59.61
110	254	33	121.71
107	1893	5	15.24
2687	102	7	14.51
323	128	3	4.72
8769	431	3	33.44
3720	107	4	15.47
104	246	18	25.49
13766	193	8	103.71
12	1901	13	12.75
101	1761	8	10.2
103	1038	4	3.92
43073	183	3	44.16
5248	13311	5	91.98
12	3577	6	4.53
353	124	3	4.97
1054	2859	13	176.75
102	4893	4	8.38
12437	12	4	9.09
216	6396	3	27.06
3692	102	14	57.08
5780	10167	3	49.94
11204	12	3	4.36
11104	141	3	26.07
692	363	4	25.13
657	1494	3	24.67
146	191	4	5.36
37686	117	4	48.96
2	1272	7	15.72
12	747	34	35.8
5357	171	3	23.21
1210	139	22	178.94
101	879	15	17.5
102	7733	9	42.99
575	979	3	21.44
9940	187	11	140.13
12	7174	4	4.87
12	4800	5	4.57
12	580	32	20.38
16361	102	3	12.13
220	432	3	11.4
2248	19500	3	49.07
9946	14	12	46.25
257	406	3	12.29
930	26486	3	45.84
30536	14	3	10.08
505	128	10	44.83
7	5870	11	74.95
6604	3970	5	79.65
106	7746	3	13.99
860	139	36	305.77
1124	111	3	6.19
101	16167	3	11.07
36445	14	4	22.06
980	103	9	19.85
5512	8	16	146.94
17825	14	9	49.64
8197	12	10	33.88
39706	12	3	13.78
944	106	4	5.36
12	12241	4	8.48
3057	224	3	22.6
569	112	5	9.83
107	3295	3	9.34
2782	14	30	86.23
674	724	8	70.59
798	2901	11	140.13
108	591	4	4.11
101	30867	3	16.33
12459	35	13	156.2
4590	102	6	16.52
15727	649	3	40.01
477	25036	3	42.26
643	118	3	5.64
19178	12	3	8.09
190	1932	3	18.35
2	9934	3	13.71
102	9702	5	20
19389	109	3	22.57
140	5814	4	31.44
529	1004	3	21
2124	4323	3	38.1
18163	14	8	37.98
1130	2509	4	43.32
12346	12	4	9.09
431	5614	3	30.52
35	31165	4	43.05
438	23422	4	57.25
1481	12	13	8.03
3053	154	3	18.89
38251	14	3	12.18
4250	14	38	193.99
105	662	5	5.13
4381	398	5	52.95
22664	27476	4	93.4
10506	902	4	54.02
707	6846	3	34.31
35910	14	4	22.06
1232	1838	4	41.65
239	194	8	33.56
143	2504	4	24.69
16183	14	6	20.16
364	147	3	6.58
1447	186	5	32.61
9742	684	4	51.43
221	570	6	33.84
127	636	3	7.89
9614	1316	4	56.58
13105	12	3	5.13
3134	116	3	13.74
12	4231	7	8.6
512	2460	3	26.29
10280	107	5	33.02
283	169	3	6.81
6314	12	4	3.87
1211	223	3	16.97
2	1508	12	42.84
2436	528	3	26.47
2117	853	4	40.01
585	4890	3	31.2
13156	12	3	5.13
239	874	3	15.69
29562	14	5	27.58
242	408	4	18.11
149	2603	3	17.33
16	2185	3	11.24
1561	591	3	24.39
21759	24274	4	93.4
101	6032	5	13.03
132	25644	3	32.14
762	12	24	14.2
113	15552	5	44.29
2	5071	3	9.69
12	5630	7	12.11
101	7738	4	10.56
5176	137	3	20.75
10182	16	16	192.47
971	109	3	4.23
5088	101	3	4.19
583	583	94	1302.55
2701	146	4	25.4
389	733	3	17.86
3461	115	5	28.8
22897	770	3	43.61
2502	547	5	49.85
12	992	17	7.66
479	1211	4	31.2
102	5514	3	5.4
58	11449	5	38.97
10549	14	9	28.63
482	1039	3	20.78
7097	2083	3	41.01
12	6890	6	11.16
21931	14	3	7.51
3893	264	6	59.18
12	2444	15	24.41
245	1	4	6.2
1716	101	14	30.8
101	467	21	17.74
12	327	54	34.01
3915	8213	7	121.61
143	4945	3	20.92
5252	2603	5	73.03
118	696	5	14.43
119	464	15	68.67
22452	14	6	27.48
3522	452	3	27.85
212	14	566	2299.99
1232	101	12	16.04
20122	14	7	32.71
19101	101	5	27.84
2766	3575	4	53.85
1261	1531	3	28.48
230	9979	4	43.04
927	3326	4	44.16
1373	299	13	125.93
25957	14	4	14.69
1334	263	4	27.46
17029	12	3	6.66
764	906	3	22.51
104	529	12	23.68
12	3334	7	5.99
7852	2022	3	41.72
101	1350	7	4.99
12	1481	13	8.03
255	29374	4	57.47
1145	1629	7	78.15
3219	109	4	16.18
1498	101	9	10.82
3547	104	4	13.31
101	6067	3	5.01
356	1026	5	37.03
5112	126	4	28.59
12534	9	7	64.65
2098	11356	5	79.65
8643	1778	3	41.53
141	30013	3	34.33
32312	14	3	10.08
17400	12	7	33.09
934	782	3	22.76
1553	14679	4	61.96
907	2599	11	139.38
5406	19396	5	98.04
3896	35	44	529.05
2992	6076	7	112.03
1148	140	4	18.13
1460	224	3	18.15
108	7121	3	14.65
2213	12	16	25.46
25288	9961	3	60.52
114	1476	8	38.06
15741	3721	4	69.96
11130	101	5	19.64
6304	341	10	127.23
2008	13093	9	161.23
101	9447	5	17.6
1698	387	3	22.78
22711	501	5	76.23
6365	101	3	5.19
112	518	18	74.66
12	14036	3	5.58
430	19793	7	110.74
103	25784	3	21.03
948	21375	4	62.81
2100	1723	5	59.36
17407	19163	4	87.15
11881	154	3	27.56
407	945	3	19.4
405	155	8	35.88
323	2070	3	22.81
106	2312	4	11.58
371	116	4	5.79
282	8907	5	57.47
5916	177	5	46.2
13882	14	8	29.37
45265	14	3	16.55
1901	4891	3	38.11
1701	14	91	452.49
113	243	224	1846.44
18613	14	5	15.74
8174	4934	4	65.96
318	116	4	4.82
105	364	9	10.06
107	984	4	6.02
258	3318	3	24.14
1943	3545	5	65.79
18494	18938	3	61.76
5043	12	6	7.45
357	110	10	21.58
488	3615	3	28.35
5692	12	8	15.87
3369	12	6	4.03
2897	8591	10	178.95
478	392	3	15.69
188	11	5	31.06
20263	14	7	32.71
1298	101	14	23.68
103	2417	7	24.02
5778	339	6	67.99
32131	14	4	17.19
12	1922	10	6.17
695	211	3	13.51
1272	173	7	47.08
316	110	5	4.39
118	23168	3	27.58
512	1128	3	21.43
9468	4368	9	167.17
556	618	6	45.72
242	1573	3	19.21
3914	105	13	80.32
12	17488	3	7.32
28022	24792	3	69.63
361	1034	5	37.21
585	2891	3	28.07
12	533	34	20.36
53636	14	3	16.55
104	1740	4	8.22
102	3445	4	6.06
386	415	4	22.12
101	6760	5	14.15
547	127	4	11.51
101	4344	4	6.38
139	15468	4	40.18
3858	12	7	7.53
11755	101	3	8.91
2468	4027	3	38.47
109	9428	10	85.72
31828	16	3	29.36
10290	15120	3	56.34
313	19283	5	69.8
2155	131	5	30.02
4936	1101	4	48.82
11199	32754	3	62.93
10893	659	3	37.27
1875	102	7	10.17
289	6603	3	29.22
105	125	25	10.31
8689	109	5	33.4
11488	3645	3	47.82
8388	12	4	5.81
229	233	3	8.38
1824	107	10	43.37
262	3551	3	24.63
141	1742	13	102.05
138	535	16	93.95
233	1581	3	19.07
562	7282	4	47.25
11607	398	3	35.12
690	32277	3	45.79
103	9918	5	28.42
13202	1042	4	56.99
133	4349	12	113.95
21031	14	7	32.71
538	165	4	15.04
163	305	4	11.16
110	220	24	65.72
25066	14	6	33.09
5164	5458	4	62.38
14061	14	9	36.54
24613	12	3	10.16
3526	14121	4	67.79
232	2011	3	20.52
5249	842	6	76.44
42800	12	3	18.18
1389	1701	5	54.97
173	5471	4	34.21
25555	5020	3	56.07
1039	116	4	12.06
576	15797	3	39.39
12	10145	3	4.03
15072	109	5	40.08
3845	334	3	26.75
111	311	5	5.22
3407	103	5	17.01
2064	2234	6	76.77
1971	327	4	32.38
1135	11264	3	40.22
20325	101	7	47.63
109	448	5	5.65
1630	122	5	25.61
2960	6930	4	60.16
5943	2238	3	40.28
13099	1226	3	41.73
128	5657	4	29.61
2578	12	12	15.8
256	2640	5	43.11
108	1274	5	12.89
3166	106	11	61.12
4407	12	6	6.39
7832	16	3	18.94
801	125	3	8.86
11458	1366	3	41.97
435	1028	3	20.15
5217	219	3	25.58
2181	12	12	12.78
12	14979	3	6.09
1156	102	7	4.97
8	569	4	7
234	7431	14	185.48
127	11171	4	35.68
2634	105	3	7.14
299	5361	3	28.14
103	9492	3	13.31
106	846	4	4.74
1183	758	6	56.47
4795	111	3	14.49
471	1382	3	22.5
11663	14	7	20.12
129	418	3	6.03
772	403	7	54.77
1050	3283	11	148.31
192	6311	4	36.69
136	1596	4	20.59
651	101	196	1249.89
159	21061	3	31.91
1101	7	4	5.78
169	7032	4	35.78
103	8834	3	12.97
106	20834	3	20.77
3086	527	4	39.36
123	8567	12	131.75
296	1374	5	38.44
12	14014	3	5.58
102	13207	8	47.11
111	692	3	4.06
347	129	3	5.2
3507	737	3	30.46
570	659	51	634.08
193	335	7	32.56
324	165	3	7.17
159	3893	3	20.65
4215	783	3	31.96
3517	111	4	19.1
18177	37767	3	68.72
10966	252	4	44.9
183	699	9	56.52
604	14	191	752.07
13226	160	3	28.48
5901	12	6	9.08
123	410	3	5.39
632	110	7	16.93
101	3612	7	15.81
5625	113	3	16.29
712	10295	4	52.27
4110	14559	3	50.32
479	696	5	36.06
5528	598	6	73.17
478	332	4	21.88
964	3625	3	32.03
4243	17919	3	51.91
143	3194	3	18.19
15877	12	4	11.38
11473	34647	4	93.85
102	36591	3	19.63
5414	12	6	8.38
1325	3917	5	63.13
6440	102	10	46.25
5471	105	4	17.3
17432	12	3	7.32
101	838	10	5.65
125	756	5	19.14
12	2819	12	17.79
1821	44015	3	58.3
51942	14	3	16.55
4688	6481	3	45.43
3607	105	3	8.83
101	477	13	4.07
3619	109	3	11.15
40081	14	3	12.18
53937	14	3	16.55
1893	120	3	12.61
756	1682	4	37.24
16	1271	7	30.17
197	3717	3	22.61
28681	12	4	19.34
197	2120	3	19.4
192	155	8	22.66
14605	12	7	28.41
25619	14	6	33.09
931	8656	3	37.59
1702	1834	3	31.49
11836	14	13	64.63
10814	101	3	8.49
259	22049	4	53.09
18843	14	7	29.34
112	865	4	8.86
4144	265	6	60.09
201	41020	3	40.47
1971	102	10	21.47
2998	12	14	26.04
3487	15750	4	69.6
107	1287	3	4.42
110	862	10	35.79
289	3177	4	35.41
27747	12	3	10.16
1425	2545	10	133.55
57	7790	3	17.19
16071	891	3	41.68
254	754	5	30.76
39273	14	3	12.18
487	10642	4	49.53
2235	452	3	25.19
1964	374	3	23.4
1582	1606	4	42.64
137	269	20	100.14
12	13064	4	9.09
236	2063	8	71.68
844	325	18	170.63
975	245	3	16.44
309	8709	3	31.61
16652	2445	4	66.72
642	116	5	13.21
169	16463	3	30.82
118	1020	8	35.54
29052	12	3	11.65
358	7926	10	134.6
1322	796	5	46.92
107	8821	6	39.77
38994	448	3	45.74
26710	12	3	10.16
26907	10600	3	60.92
6317	102	3	6.13
2257	106	3	7.04
725	1585	3	25.51
221	110	8	7.56
127	1057	8	42.88
102	6092	3	5.94
12	4855	7	10.17
413	102	88	312.35
101	6962	3	5.81
1060	21	6	21.06
12	4640	10	20.65
12	3025	9	10.08
22276	294	3	38.42
103	1851	18	86.85
3524	105	4	13.81
32018	14	3	10.08
275	2198	3	22.19
870	150	3	10.99
7131	14	12	34.49
4204	5745	4	61.33
424	387	9	64.77
102	22536	3	14.68
178	157	213	1994.78
6371	122	4	29.6
6824	107	3	13.55
305	699	4	23.87
23023	12	3	9.02
995	1150	3	25.2
110	27738	3	25.69
8649	4517	5	84.81
8885	1196	4	54.6
10320	107	4	24.35
4061	2734	3	39.14
12595	14	6	16.07
1781	2	3	4.15
27973	153	3	35.31
35843	12	4	24.25
157	548	3	9.3
12	1295	13	5.97
40768	14	4	22.06
2	2186	4	8.97
184	533	5	23.18
102	833	11	10.11
175	512	3	10.19
243	410	4	18.16
9794	109	3	17.38
1377	364	3	21.09
1601	116	3	9.95
549	1687	4	34.92
145	360	4	10.64
117	466	9	28.8
1035	473	5	39.61
127	2468	4	22.79
103	3929	20	136.32
188	681	3	12.31
12	693	40	47.34
101	4287	4	6.21
1918	2749	5	63.16
4121	150	4	29.22
12405	12	9	38.9
102	6135	9	37.81
103	3267	10	47.4
188	386	6	27.07
12	366	57	49.84
101	234	26	7.7
125	336	4	8.39
194	8428	3	27.74
101	17821	4	18.49
26900	14	4	14.69
255	12216	4	45.73
176	105	23	26.3
6434	527	3	32.41
2524	101	7	11.56
928	1367	3	26.08
103	932	6	8.64
12	2107	12	12.3
3218	872	5	56.56
215	216	4	11.78
12	1252	15	8.75
514	4430	5	55.25
102	4723	6	16.84
653	1538	3	24.81
211	104	27	47.55
16	138	29	65.27
10082	6412	16	355.79
800	114	3	5.5
28238	42041	3	77.95
109	519	11	28.96
7	2002	9	36.54
149	14551	3	28.65
5344	101	6	16.21
1129	3374	7	88.46
3597	101	8	20.1
8039	369	3	32.04
111	5107	3	14.85
12	9537	5	10.9
14946	14	10	48.59
1191	12	23	25.15
138	1250	5	25.69
139	139	93	565.5
12	14251	4	9.76
7627	3249	3	44.21
535	790	6	48
5681	268	6	64.45
30818	12	3	11.65
224	444	6	31.31
18094	14	6	22.03
5659	11771	3	50.62
101	29542	4	25.68
36204	14	3	12.18
1625	4757	3	36.9
9837	120	3	22.71
4323	40490	3	59.03
164	1995	4	24.87
163	1863	6	41.34
1419	111	3	7.52
101	9168	4	12.18
18267	21	5	47.25
13410	12	7	26.62
36723	14	4	22.06
3743	101	4	5.44
114	361	5	7.61
113	609	13	52.39
112	4021	8	52.67
2690	3734	5	69.87
137	236	4	7.04
710	106	46	251.63
101	8519	6	22.14
1759	342	3	22.23
1310	111	4	11.58
105	337	9	9.15
102	31749	3	17.44
133	231	12	43.05
12	28081	4	19.34
2518	1892	3	34.11
2550	3052	3	36.99
275	11203	3	32.32
6097	1107	3	36.04
3457	14	10	10.68
333	109	52	255.11
688	111	12	45.61
12	8251	4	5.81
2429	2	5	14
8177	458	9	123.71
12	5767	8	16.41
140	10615	4	36.69
31447	12036	3	63.4
15913	9	3	23.2
277	104	24	50.97
665	2182	6	62.71
12	7380	4	4.87
126	8262	6	54.94
8582	23993	3	58.54
356	109	6	6.63
103	4654	3	9.15
12	5520	5	5.49
6057	27622	3	57.29
27102	14	6	33.09
1065	121	3	9.23
1866	1428	3	30.5
11813	525	3	36.45
1323	419	3	21.63
102	16657	4	18.88
3459	247	3	24.08
5084	142	6	50.99
102	1364	9	12.15
101	508	15	7.51
248	698	4	21.91
1206	7988	3	38.42
1439	1783	3	30.22
963	147	4	17.26
1566	123	3	12.12
101	4744	4	6.93
12	5123	6	7.75
10391	12	6	16.19
14958	213	3	32.65
1178	6004	3	36.41
482	115	6	14.8
104	1343	5	9.99
12	935	19	9.74
101	819	13	11.31
5707	14	15	43.11
12	21825	3	9.02
3974	102	5	10.63
10877	4681	4	68.09
117	166	13	20.88
1017	12042	8	126.76
308	9304	3	31.95
197	2800	3	20.99
317	419	8	52.1
134	2610	8	60.38
12	10710	3	4.03
24476	16	6	72.16
192	34360	3	39.99
199	201	6	19.46
5756	101	3	4.83
113	915	6	19.42
101	14637	4	16.52
255	20143	3	36.27
17793	14	9	49.64
2171	160	3	17.36
106	516	15	39.72
107	123	19	4.68
193	1655	6	43.81
18029	127	5	53.95
1155	7131	3	37.27
102	27217	5	34.79
346	6413	3	30.28
192	430	3	10.25
7722	109	6	40.57
2384	14	47	173.63
534	2297	3	26.18
7291	12	5	8
101	15963	8	51.35
5988	162	3	23.52
3464	190	4	31.39
111	4834	3	14.49
101	12087	3	8.91
2	8395	3	12.69
2817	5383	6	91.78
102	14862	10	73.65
410	767	7	54.93
1367	575	13	141.47
5039	16	3	15.94
21594	11402	3	60.1
192	629	3	12.17
57	2726	6	30.33
307	14697	4	49.8
1662	3472	3	35.16
3014	12	10	12.61
8159	471	10	140.83
25204	14	6	33.09
550	6555	4	46.07
101	4458	4	6.56
416	2484	4	36.22
924	29524	3	47.36
445	1992	4	34.75
102	4153	9	30.29
219	385	17	119.82
1840	926	3	27.81
20644	14	7	32.71
12	2571	11	12.91
246	376	3	11.56
11820	14	6	15.02
794	179	4	19.25
12	203	101	73.2
2	1685	6	14.83
103	6039	7	37.2
102	5900	3	5.75
6007	265	4	39.84
12564	101	4	14.98
5080	194	5	46.35
5110	12	6	7.75
1981	13	7	54.84
119	593	7	24.74
144	487	4	12.49
1769	482	3	24.03
1604	21	61	587.08
509	22762	3	41.26
216	101	36	18.71
2707	133	4	24.47
7667	14	21	107.83
12	8181	4	5.81
636	1695	11	122.45
122	269	9	26.57
104	663	5	4.66
578	4986	3	31.34
1478	14	46	108.88
5058	161	3	22.3
721	513	3	19.03
28	50	21	302.85
13100	14	10	41.51
799	332	4	25.48
1278	2	4	5.26
769	1072	4	33.6
208	13703	3	31.84
2649	734	3	28.76
734	37845	3	48.37
40254	14	4	22.06
1700	5295	4	53.07
6597	618	3	33.37
264	14	500	2297.73
8	1138	6	21.54
8538	159	7	73.28
53710	16	3	36.08
10881	14	15	82.74
1038	154	27	233.16
1752	407	3	23.11
4314	1010	4	47.06
982	901	4	34.11
1122	6721	3	36.84
21	22747	5	51.23
765	13	4	19.39
107	2563	4	12.79
12626	14	8	27.46
535	5902	3	31.84
24785	9639	3	60.52
10344	14	13	56.66
174	911	3	13.14
15704	12	3	6.66
155	14039	3	28.71
12	10993	3	4.36
370	454	7	46.87
13637	101	4	15.71
294	4290	14	172.41
199	132	10	28.06
58	1657	3	8.39
35	48776	3	36.04
7521	33801	3	62.65
105	7179	3	13.04
1785	101	7	7.61
320	2714	6	57.32
375	7485	3	31.81
57	1413	5	16.98
108	2032	4	12.12
242	302	11	65.72
1168	14	122	542.26
47894	106	3	31.31
2669	655	3	28.15
9121	12	4	6.56
2556	19108	3	49.68
458	390	3	15.44
101	1425	8	7.6
1413	24373	4	68.03
12	3409	7	6.4
6486	4167	3	44.62
1056	250	10	80.82
52936	14	3	16.55
12017	102	3	9.95
127	5918	3	20.56
3860	126	4	26.19
280	1107	5	35.22
6077	1915	6	88.28
485	1476	3	22.93
15742	35	10	120.15
12	17087	6	23.3
14307	14	8	29.37
521	325	38	386.5
1062	101	34	100.45
389	155	7	29.19
451	116	4	6.85
2495	3524	4	52.76
12	412	37	16.79
4908	12	25	113.14
121	4010	3	17.04
220	584	4	19.53
12	2265	8	4.46
8586	12	4	6.17
2356	783	3	28.42
18501	14	7	29.34
3345	153	8	68.25
141	9779	10	113.89
39592	14	4	22.06
25534	14	3	8.62
2700	12	8	6.15
691	137	3	9.16
704	1481	3	24.97
286	3445	3	25.14
165	1816	4	24.21
156	31125	3	35.51
5272	1453	3	36.92
733	1981	4	38.33
405	733	7	54
366	7274	4	44.36
102	11793	3	9.95
103	11406	3	14.47
12	10538	4	7.44
2027	137	5	30.5
476	17823	3	39.08
40602	14	3	12.18
40247	117	4	48.96
464	21	6	13.05
114	2260	21	163.29
231	200	32	222.84
9659	12	5	10.9
17202	783	4	58.67
253	2599	21	246
195	696	4	19.33
193	1947	11	97.95
12	32264	3	11.65
128	1889	3	13.88
159	2471	3	18
22340	14	5	19.46
6510	482	3	32.04
7	1271	4	6.87
612	283	15	123.82
10162	12	3	4.03
226	1125	7	50.89
12959	14	5	11.3
7688	403	3	32.21
774	16	3	5.64
432	4237	3	28.72
102	15395	5	25.22
2210	1722	3	32.73
11195	14	15	82.74
746	21	7	22.61
1858	120	3	12.48
1334	13111	3	42.33
1144	16312	3	43.05
1069	1488	7	75.83
119	25561	4	43.03
12	10278	3	4.03
6185	124	3	20.72
32200	14	3	10.08
1941	116	4	16.93
128	1934	9	62.05
105	1096	4	5.46
12	32293	3	11.65
12456	5950	8	159.29
3352	102	8	21.81
986	836	3	23.46
408	2772	9	98.83
1863	653	4	37.07
124	12751	4	36.63
4170	163	9	84.64
2063	112	4	15.36
3469	102	11	37.54
10814	5781	4	69.93
16312	14	9	43.27
329	105	10	11.11
12665	239	5	60.08
35	29371	4	43.05
201	637	27	234.4
1397	103	5	9.01
107	6293	13	99.99
3442	482	4	39.83
6659	33358	3	61.83
322	4907	3	28.07
9359	14	13	51.09
12213	159	3	27.96
129	121	18	33.33
141	17964	4	42.39
107	1340	3	4.65
40877	12	4	24.25
5513	163	6	54.73
370	3999	3	27.67
18815	193	4	47.11
102	8994	3	8.1
101	9925	4	12.66
2952	101	4	4
838	109	4	6.57
12731	12	4	9.09
330	1123	5	37.06
9721	14	11	39.38
294	1993	8	75.23
19765	12	3	8.09
678	267	48	519.04
7079	425	3	31.89
57	24190	3	26.3
1116	3757	5	60.59
35818	14	4	22.06
37567	14	4	22.06
8955	12657	3	54.06
3922	107	4	16.01
3817	559	4	41.65
115	516	3	4.15
116	123	11	5.87
1196	952	4	35.96
145	1338	4	19.76
150	938	3	11.39
148	164	4	3.94
38004	9	3	30.89
2917	102	7	15.58
102	775	20	35.47
1204	111	6	20.75
36525	14	3	12.18
3103	324	6	59.14
102	4476	4	7.79
479	204	3	11.38
103	6751	3	11.29
120	786	3	7.76
101	1471	14	26.7
12	3452	8	8.94
5503	805	4	47.35
1779	23341	3	48.55
3916	101	6	12.83
4711	107	3	11.35
12	24014	3	9.02
238	139	13	51.21
42938	44112	3	84.68
721	4060	4	43.96
9187	14	15	66.91
12	6285	4	3.87
21328	221	3	36.19
39149	104	3	25.72
101	1010	10	7.79
12	3119	10	13.22
101	2723	6	8.99
1111	2325	6	69.29
310	103	10	7.47
12	445	33	12.76
3762	58	3	13.01
30111	14	4	17.19
282	106	15	25.44
2	7507	3	12.11
204	9799	4	41.62
240	172	18	97.32
5251	101	3	4.34
238	930	4	23.63
852	383	10	86.06
6411	33258	4	88.28
150	1527	3	14.2
17271	101	3	11.78
872	1858	3	27.49
49456	117	3	36.72
108	4582	3	12.02
347	202	4	15.12
3410	200	3	22.36
207	10087	4	41.87
322	861	3	17.5
735	312	11	89.43
108	601	116	897.3
593	1577	8	81.32
678	473	4	26.79
205	246	6	23.18
300	952	3	17.76
993	9853	4	54.15
170	259	3	6.25
16539	14	6	20.16
300	115	14	45.3
233	545	7	42.13
102	9268	4	13.57
2573	407	3	25.48
254	1364	4	27.35
380	5286	3	29.49
8536	101	3	6.82
7053	12	5	7.62
163	3410	4	29.13
3164	140	12	107.41
7	138	33	35.38
162	191	5	10.32
1182	968	8	83.33
854	111	11	43.92
506	3510	3	28.34
688	9673	5	66.99
747	3314	4	42.7
199	12	55	4.43
34133	12	4	24.25
779	130	3	9.01
1391	433	3	22.03
882	113	3	5.79
12	9105	4	6.56
26904	102	4	24.56
2540	101	11	27.19
19809	115	3	25.98
13334	12	4	9.76
19548	15952	4	86.05
108	1351	15	72.49
47852	14	3	16.55
24517	4926	3	56.07
16397	14	5	14.37
4539	102	5	12.02
732	128	4	13.51
824	118	3	6.76
101	2152	5	4.45
102	3339	4	5.79
599	358	4	24.04
124	139	142	920.47
1240	3078	3	32.63
278	3598	4	35.91
12	888	19	8.79
3581	101	4	5.16
24879	12	4	16.81
2972	157	4	27.61
10084	7	6	39.82
175	1437	4	23.4
12	20325	5	20.02
2113	3273	3	36.31
939	158	3	12.12
2561	102	13	41.25
8250	2835	4	61.33
4424	327	5	51.18
13889	12	3	5.58
271	126	5	10.36
424	153	20	126.54
17876	14	6	22.03
1731	26983	4	69.62
11543	12	3	4.72
20706	12	3	8.09
278	728	3	15.72
12	1569	18	20.96
157	248	4	9.03
577	358	5	31.98
3036	107	3	8.91
12	5503	7	11.69
3128	150	4	26.94
6069	101	7	23.05
5047	746	3	32.72
418	126	4	9.78
121	2308	9	61.54
30322	14	4	17.19
149	6659	4	33.42
491	406	11	86.95
1800	1007	9	104.95
19390	41946	3	74.09
102	7927	3	7.52
48103	49504	3	84.68
127	899	3	9.58
21042	35	8	96.11
2563	576	5	50.81
5566	14	6	5.91
902	111	6	17.7
304	4230	3	26.83
1805	943	3	27.74
44697	12	3	18.18
10113	102	3	8.76
180	104	15	8.44
110	13789	4	30.09
338	273	8	46.46
815	113	3	5.46
29214	14	5	27.58
14305	136	7	78.85
207	105	16	16.46
115	1258	4	13.39
5502	145	4	31.13
247	452	11	74
309	7089	5	55.75
511	104	8	10.11
122	366	4	8.37
123	234	6	11.85
47301	14	3	16.55
12	3552	6	4.36
29701	14	4	17.19
27437	14	3	8.62
216	4501	14	164.1
200	12157	4	43.1
101	5786	3	4.83
103	5043	3	9.48
32798	12	3	11.65
16	339	4	4.66
178	249	19	107.98
206	5429	3	25.6
19069	6158	4	76.54
6080	102	3	5.94
189	20750	3	33.67
473	13614	5	67.93
308	958	3	17.89
101	34752	4	30.64
520	4599	3	30.15
6068	14	24	109.94
102	4576	3	4.51
931	3081	14	191.24
58	15241	3	21.96
1797	13544	12	233.91
2	363	10	9.7
278	202	6	24.57
102	3088	8	20.34
2261	129	3	15.04
12	11841	4	8.48
370	3300	7	74.26
17310	152	4	43.3
327	114	8	16.93
111	996	4	9.52
7935	12	7	17.08
1733	575	6	58.37
14872	14	6	18.59
167	290	4	11.05
43461	12	3	18.18
13841	12	4	9.76
1151	339	3	19.47
108	991	3	3.85
1342	111	3	7.26
610	139	4	13.75
257	902	6	41.03
24577	16	4	40.48
217	14941	3	32.76
109	17651	4	31.82
12	15717	3	6.66
30942	199	3	38.06
3295	7140	14	259.48
2	8646	6	35.19
103	14029	6	42.06
216	10115	5	55.48
4523	102	8	26.67
109	2013	4	12.72
19021	180	3	33.36
373	1974	3	23.4
1492	12	35	80.01
2833	10373	3	45.52
5307	4658	4	61.37
5376	101	3	4.49
136	524	4	12.41
137	888	8	43.03
4720	101	4	6.93
660	20434	3	41.69
764	6589	3	34.55
2419	29341	3	53.27
514	115	63	456.54
50312	14	3	16.55
12	7311	7	15.75
109	26152	4	36.53
763	4479	3	32.16
5298	5499	4	62.65
11983	51982	3	70.13
4665	407	3	29.13
1197	950	3	25.22
115	121	24	34.06
14756	101	3	10.44
243	234	7	31.43
102	20350	3	13.69
9407	14	14	58.68
1574	128	7	41.49
907	109	10	33.98
395	411	3	14.99
454	1776	4	33.99
9569	6956	3	50.75
2407	245	4	31.56
550	1459	3	23.52
270	611	6	37.53
10759	565	6	82.73
846	104	10	24.03
35802	14	3	12.18
381	688	3	17.36
102	6753	9	40.2
8651	101	4	11.74
1204	2937	3	32.14
2325	2365	3	35.06
1041	12048	3	40.22
101	1330	14	24.44
927	7335	3	36.32
3759	1744	3	35.94
28054	8534	5	113.53
573	452	10	81.9
12	4178	13	30.35
5657	14	29	151.32
220	896	3	15.19
35265	14	3	12.18
5296	150	4	31.31
12	2721	20	47.42
387	4714	4	40.99
2080	22484	3	49.53
12	1012	25	24.58
102	1799	5	4.4
27134	14	4	14.69
2378	2	3	5.59
102	18960	8	58.01
9915	102	4	14.05
118	4664	3	16.61
823	386	3	18.46
824	246	4	22.99
102	3152	5	8.62
20260	105	3	20.09
963	326	4	26.56
18227	14	9	49.64
1010	5907	7	95.56
9215	102	6	25.71
12	9277	4	6.56
296	6553	3	29.42
9203	14	13	51.09
2331	102	6	9.43
607	128	4	12.35
2713	1316	7	87.94
29926	14	3	10.08
134	6676	5	42.82
105	6258	3	12.07
49823	14	3	16.55
4943	122	9	78.2
105	344	9	9.41
26308	7278	3	58.55
7	228	94	429.27
106	624	5	5.62
2444	102	5	6.73
102	9709	5	20
38142	110	3	29.49
12	8406	4	5.81
369	196	14	87.61
7111	114	3	17.81
1107	902	3	24.46
19297	12	5	20.02
137	445	3	7.03
9	1522	3	8.44
48719	14	3	16.55
231	767	13	102.74
432	463	4	23.45
590	501	3	17.89
112	4494	3	14.23
1734	394	19	219.69
12	13865	3	5.58
537	1471	3	23.43
831	1395	13	150.44
1855	105	4	9.14
471	4328	3	29.36
3868	101	5	8.85
797	103	8	13.49
1819	104	6	17.29
702	672	13	127.16
1395	2358	19	278.81
16	10417	16	192.47
168	201	6	16.22
432	600	7	52.15
1896	105	3	5.48
368	406	4	21.6
23051	12888	3	61.07
12	11535	3	4.72
15416	239	3	33.55
1221	232	3	17.47
8	382	12	36.77
168	1575	3	15.81
45329	14	3	16.55
138	288	47	326.11
113	2491	3	11.49
780	393	9	74.84
369	152	3	7.08
28315	221	3	39.02
3147	12	7	5.43
1812	31820	3	51.51
112	16915	5	44.52
1368	7277	3	38.76
1118	247	7	52.06
7954	14	19	91.85
101	32497	3	16.33
195	233	13	66.47
571	3186	3	28.5
12423	101	3	9.37
4979	12	6	7.45
102	27443	4	24.56
5941	106	6	33.29
133	656	3	8.66
2652	12	7	4.02
2090	107	7	27.34
11473	10737	4	75.85
39893	107	4	42.22
169	1166	3	13.96
102	13749	5	24.11
1452	2500	3	32.33
527	885	8	69.94
112	479	50	306.59
2149	12	10	7.78
17206	1098	4	61.03
1898	6583	3	39.91
12216	14	9	32.05
3574	1380	3	34.26
986	1548	3	27.11
110	4704	3	13.56
28	54679	3	45.77
1968	21	64	668.81
110	2193	10	54.84
8220	9122	3	51.55
1120	14	81	244.69
31178	14	5	27.58
2610	12	28	85.57
2211	1378	29	454.6
1188	150	7	41.28
649	1067	4	32.29
2638	104	3	6.78
101	11865	5	20.44
52129	102	3	24.09
157	2638	3	18.14
3191	12	8	7.97
2902	24933	3	52.85
101	1311	15	27.57
11147	14	5	9.79
5463	12	8	15.36
1532	173	3	16.13
577	471	9	72.6
12	5929	7	12.55
31885	14	5	27.58
420	297	3	13.47
1887	162	3	16.52
127	17082	3	27.58
10146	12	3	4.03
2665	1492	3	32.87
102	19628	3	13.69
209	3456	6	54.31
6495	14	24	118.54
14966	177	3	30.81
23956	368	5	73.69
1034	3796	4	46
554	102	13	8.41
4447	186	4	33.42
115	110	70	135.65
783	732	3	21.45
480	178	16	106.45
280	710	7	48.37
101	3784	4	5.44
1177	928	3	24.99
1234	2383	5	57.16
1113	7	4	5.87
104	3850	6	25.85
32735	14	5	27.58
600	110	5	8.81
2689	15827	3	48.44
103	1217	26	121.74
2	1865	4	7.77
46367	14	3	16.55
599	471	7	53.29
488	241	4	19.19
9469	12	5	10.32
1064	746	3	23.25
12	22236	3	9.02
237	16	58	309.35
46420	14	3	16.55
5983	12	5	6.31
12	2766	9	8.88
1267	198	3	16.27
127	415	6	19.23
102	1768	5	4.26
101	657	13	8.05
40618	14	4	22.06
8408	106	4	21.9
574	289	4	22.11
103	5331	6	28.11
927	294	8	62.58
4785	4650	4	60.61
123	7537	3	21.7
1039	120	4	14.3
24472	2325	3	51.5
9825	106	6	40.66
3334	103	3	7.21
1283	14	117	562.64
26518	116	5	55.75
13295	34045	4	95.32
136	1127	3	11.61
536	2408	4	37.65
923	250	8	58.99
4561	12	7	9.51
1279	102	15	31.47
2296	12	10	8.73
1629	2963	16	242.42
222	2979	4	32.28
772	1037	4	33.44
261	184	3	7.29
14166	14	7	22.96
4767	2361	19	336.03
142	663	3	9.24
7449	6242	4	66.7
8	8203	7	57.19
712	7282	4	49.01
13056	5418	3	50.92
137	865	7	35.43
27664	106	6	62.61
4525	161	3	21.78
14431	315	3	35.36
7	832	13	39.93
53711	18995	3	73.22
19019	9	4	36.11
2777	105	3	7.48
227	288	4	14.94
15146	249	3	33.77
1462	374	3	21.57
476	134	3	7.27
440	1590	9	89.06
52775	14	3	16.55
8689	141	3	24.52
146	12602	3	27.18
101	10778	4	13.72
114	6439	4	25.51
45527	14	3	16.55
137	203	4	5.73
19853	14	5	17.39
510	6456	3	32.23
486	548	8	61.87
904	181	5	27.52
966	102	44	161.39
2313	2387	4	49.05
12	33039	3	11.65
102	3436	16	67.81
12	7155	7	15.14
12	1881	13	12.52
404	8321	3	32.85
12	3862	26	99.85
45698	184	3	44.2
3305	12	14	28.58
1679	116	5	21.87
487	5527	3	30.93
105	12176	4	24.18
115	4845	3	16.21
5628	12	5	5.75
530	31104	3	44.33
5596	1677	4	53.45
149	392	33	233.21
480	613	5	35.04
314	6736	5	55.4
1114	299	3	18.6
435	9490	4	47.7
119	26057	5	57.92
7207	12	4	4.87
12	10312	3	4.03
38522	263	3	42.58
156	13818	3	28.75
2305	364	4	34.66
35010	122	4	52.18
258	1170	4	25.96
227	234	4	13.17
802	105	10	24.42
106	121	45	47.72
7182	2090	15	268.59
397	375	20	173.3
50328	14	3	16.55
12	15965	3	6.66
112	2424	4	16.52
101	13979	5	22.3
9927	14	12	46.25
103	8490	4	19.3
101	9745	3	7.75
9538	200	3	29.05
165	22068	3	33.17
134	3638	3	18.46
4217	101	6	13.63
285	109	9	12.4
192	300	18	113.12
105	1563	3	4.52
798	6882	6	79.23
12	26757	3	10.16
857	1069	4	34.27
109	4831	6	34.39
3917	8593	3	46.34
923	336	9	74.66
3384	102	7	17.29
324	747	3	16.86
110	2724	3	10.37
1306	196	4	24.2
3465	107	4	14.97
37112	14	3	12.18
1424	2981	3	33.33
680	115	5	13.36
37333	224	3	41.34
326	480	36	357.98
6644	149	4	33.42
40168	106	4	41.74
7243	12	10	30.41
12	1154	18	12.41
30079	14	4	17.19
1479	180	26	259.64
1510	422	3	22.41
115	624	5	12.74
102	32876	4	27.16
1807	1544	3	30.78
2383	107	4	12.23
4669	102	23	138.12
15063	14	10	48.59
1095	164	4	19.95
8209	5733	3	48.26
101	3940	4	5.73
12	1959	10	6.46
155	402	3	7.87
2	4935	5	20.95
1374	2579	6	73.28
2392	107	5	17.42
38090	14	3	12.18
102	3474	6	13.32
10699	193	16	238.1
124	544	10	45.11
21406	15838	3	62.9
5449	120	3	18.88
17722	14	6	22.03
118	2890	5	28.03
2314	467	4	36.38
850	852	3	22.67
524	731	5	37.13
2949	102	5	8.17
360	1121	4	28.55
2087	1146	3	29.81
7780	12	4	5.17
333	1985	6	54.1
6767	6045	3	47.26
2937	14	28	79.24
12	6360	4	3.87
5708	101	3	4.66
12467	5060	3	50.34
12	817	22	11.97
123	1638	3	12.39
22771	415	3	40.29
13366	12	3	5.58
303	29678	3	41.39
37426	14	4	22.06
498	570	5	34.53
15649	160	3	29.63
163	839	3	11.8
47820	14	3	16.55
363	10155	3	33.7
2844	58	4	17.48
1155	3465	3	32.78
12308	310	3	34.14
26916	14	5	22.3
20418	12	3	8.09
2544	2	3	5.89
469	194	6	29.6
13990	139	5	51.95
2268	2303	4	48.7
8	16758	3	23.4
608	1910	5	48.28
3352	3862	6	89.29
17074	14	4	9.39
112	4757	5	29.52
914	113	5	14.49
27983	101	5	38.3
205	194	4	10.1
169	747	21	163.84
8033	136	4	33.94
4044	628	5	56.11
12	12384	3	5.13
26451	12	3	10.16
135	461	3	7.15
2722	101	10	24.09
377	113	4	4.83
18953	519	3	39.48
565	2685	9	103.13
1725	196	7	54.24
57	1791	4	13.61
106	360	6	4.27
37929	14	3	12.18
2301	120	24	216.73
1309	112	3	7.33
3924	428	3	28.25
233	2115	3	20.92
230	166	3	5.33
137	366	9	36.75
101	15208	3	10.44
402	1318	9	84.46
12	1090	24	24.36
103	3795	5	18.05
1809	1969	4	45.44
995	2823	3	30.84
12	4289	9	14.97
6037	101	3	5.01
8551	14	16	68.76
375	9630	3	33.49
2053	105	6	19.36
30290	14	4	17.19
5764	400	3	30.39
239	126	24	113.86
119	371	3	4.01
3858	20078	3	52.19
654	146	4	14.53
793	19828	4	59.98
13857	12	8	33.61
1164	703	3	23.38
928	719	7	64.1
963	214	5	30.71
266	9115	4	43.88
1682	105	5	12.47
12	236	49	8.43
12	2473	9	7.24
543	800	7	58.48
10992	177	3	28.7
2	5141	3	9.69
122	888	4	14.01
102	930	14	20.09
271	18078	3	35.79
7208	28854	5	111.93
360	265	22	174.05
1444	437	3	22.3
437	15131	5	68.37
421	439	5	30.94
1864	113	3	9.87
17842	6857	3	54.87
686	290	3	15.77
5446	179	4	34.7
24952	12	3	10.16
269	1095	3	17.69
3273	101	4	4.54
7396	109	3	15.46
3240	1306	3	33.3
455	1177	7	61.43
102	139	54	17.23
104	757	5	5.62
415	7597	3	32.33
2230	102	13	37.85
3253	2	5	16.7
1115	141	11	71.81
13645	161	3	29.06
218	1792	3	19.17
2940	211	3	21.94
649	8419	3	35.32
14962	14	9	39.47
25090	107	3	23.38
12	269	105	138.27
312	521	3	14.68
103	3617	3	7.66
575	421	4	24.92
18347	12	3	7.32
101	4853	5	10.9
7000	58	3	16.84
4295	104	3	9.38
35	3243	7	43.23
2889	339	3	25.17
654	8	3	4.45
12	17848	3	7.32
3110	202	4	31.61
6047	159	7	67.7
17944	115	8	91.17
862	19896	4	60.54
876	704	5	41.52
178	1930	7	53.67
2188	267	3	22.06
119	669	11	50.49
626	116	5	12.97
1003	5961	28	513.85
1130	9229	3	38.97
101	6249	3	5.19
12	6621	5	7.27
2972	249	5	44.12
39212	14	4	22.06
127	400	6	18.9
277	1392	15	146.89
247	101	25	7.71
123	590	3	6.99
122	203	6	9.83
11788	14	7	20.12
1693	9191	3	41.57
108	8918	5	32.47
7873	102	5	17.69
5418	858	6	76.99
404	25845	3	41.43
208	1739	4	27.28
1065	263	4	25.48
584	116	3	4.87
1955	102	5	5.04
26901	131	6	80.22
57	9129	3	18.47
184	165	8	23.26
27648	106	3	23.02
12	1690	10	4.62
277	233	3	9.48
455	17184	5	71.51
1945	1402	4	43.25
9490	353	10	138.75
18859	14	7	29.34
101	5285	3	4.34
102	4428	10	37.53
5047	716	3	32.42
28236	12	3	11.65
111	2941	3	11.6
3810	12	6	4.89
747	102	9	4.94
23703	1674	3	48.17
3409	19806	3	51.52
49244	106	3	31.31
3774	221	3	23.74
228	3975	6	57.62
133	1290	34	310.34
922	107	9	25.11
674	4939	4	45.19
4435	489	4	41.99
1428	1495	3	29.1
128	4423	3	18.92
105	2047	3	5.9
166	160	11	32.81
640	395	4	25.32
12658	14	6	16.07
19869	14	5	17.39
4682	1196	4	49.05
743	5916	6	76.42
101	10229	4	13.17
170	163	16	60.75
169	533	3	9.88
496	613	3	18.04
3532	12	6	4.36
101	8616	3	7.11
32758	117	3	30
7529	24323	3	58.83
113	297	9	19.39
3269	447	7	76.1
12425	9	4	31.18
22186	14	4	12.9
54091	14	3	16.55
128	3241	3	17.01
7317	101	5	15
2279	17900	3	48.19
373	5945	4	42.5
254	2548	3	22.49
674	2017	3	26.56
2718	128	7	49.36
7	6724	6	34.43
255	4528	21	277.99
339	9080	12	172.36
232	14	371	1168.62
136	2405	5	32.22
58	5708	4	23
1456	7	5	11.54
40222	14	4	22.06
12	5423	7	11.69
7031	101	4	9.89
103	4239	3	8.55
102	6220	4	10.31
355	120	44	284.48
250	17	12	34.85
727	268	3	15.52
104	281	11	10.34
160	9345	8	88.68
11711	14	11	46.52
270	116	9	20.11
6948	101	3	5.81
211	233	6	23.05
659	7	10	22.05
307	535	4	21.98
46030	2065	3	59.09
391	1642	3	22.57
423	17	3	4.39
34517	101	4	30.64
35	35336	4	48.05
313	7236	6	70.09
10995	255	4	45.09
1437	490	4	32.72
383	134	6	20.11
16848	177	4	44.81
1301	224	3	17.51
12	2957	8	7.31
7679	38662	4	89.74
15338	12	3	6.09
4372	104	4	14.94
573	101	22	26.17
1115	7636	4	52.69
7135	213	4	39.11
5472	106	4	18.19
12	21730	3	9.02
361	2456	4	35.09
1137	482	3	21.24
212	2011	6	48.06
17	484	8	27
144	195	15	56.28
340	217	8	42.25
53147	14	3	16.55
29864	104	4	35.28
2	2058	16	77.01
496	178	24	180.34
2415	3165	3	36.94
111	1396	3	7.43
2305	3039	5	66.2
6460	14	14	42.9
4418	103	3	8.84
142	3422	29	331.65
12	12619	4	9.09
806	122	3	8.43
1215	5847	3	36.44
253	5012	5	49.53
145	8756	17	220.76
12	26518	5	25
159	171	6	12.02
197	523	6	30.83
106	110	164	314.22
105	875	4	4.22
706	241	3	14.65
6479	14	22	99.55
53889	14	3	16.55
8	192	19	45.99
1157	2	4	4.52
313	15969	9	138.27
2279	6990	4	57.97
325	1	4	8.24
7012	1402	3	38.59
875	12098	3	39.23
1015	7295	21	371.09
162	1947	4	24.52
3709	12	7	7.06
193	610	6	32.34
3955	6250	4	61.33
108	258	7	4.98
110	6888	8	59.4
410	200	10	58.19
51391	14	3	16.55
29672	12	4	19.34
623	12495	3	37.97
26331	14	4	14.69
1612	5454	3	37.84
112	286	19	61.2
1285	58	3	7.03
35392	14	3	12.18
886	180	42	417.31
191	913	4	20.79
107	1648	3	5.66
942	194	9	62.88
10235	2686	5	81.38
169	816	3	12.09
1931	7677	4	57.39
16635	14	8	34.38
1189	501	8	73.82
3191	12518	3	47.58
944	109	4	7.27
431	287	3	13.29
103	11121	3	14.47
23005	14	7	38.61
2692	5568	3	40.94
497	124	3	6.38
602	45401	3	51.82
108	2179	4	12.69
166	130	12	28.41
165	508	4	14.62
674	717	3	20.45
9928	21	14	151.06
341	1781	7	64.14
30815	131	5	66.85
3326	568	3	28.69
6323	109	4	21.68
106	636	7	11.74
196	616	3	12.3
643	115	3	5.16
2933	1818	3	34.74
1398	146	6	35.02
407	109	18	57.32
12	13172	3	5.13
230	12	45	4.39
16162	14	9	43.27
12	8442	4	5.81
103	11810	4	22.47
7111	130	4	31.66
101	8845	3	7.11
463	104	26	82.86
3327	107	10	55.5
109	5809	3	14.03
110	5437	16	138.44
890	244	100	1306.36
13237	180	4	43.33
106	2272	7	27.64
1276	106	3	4.11
7	1055	22	99.71
2104	588	4	37.41
864	458	129	1976.04
15154	14	7	24.71
7633	12	4	5.17
10730	1783	4	59.52
316	1265	5	38.03
104	3616	4	13.47
102	3988	12	46.59
102	1755	6	6.58
49738	14	3	16.55
48826	14	3	16.55
361	2152	10	104.43
54063	106	3	31.31
796	19106	3	42.76
749	3788	10	129.53
35	210	10	17.08
5831	101	3	4.83
2795	107	4	13.4
587	3521	7	80.85
8693	32154	3	61.37
2164	2605	8	110.48
12	1442	17	16.17
157	123	6	5.62
313	2439	7	67.53
3547	134	3	18.33
417	2356	4	35.74
1436	1896	14	189.22
38702	14	4	22.06
102	2846	11	33.34
102	853	11	10.34
101	2036	6	6.36
4213	3925	3	41.61
118	1291	3	9.1
5380	162	3	22.88
115	118	38	67.86
16	2967	3	12.94
131	12	423	713.81
105	969	4	4.83
106	194	15	14.13
107	565	5	5.35
832	130	7	33.05
1878	6079	3	39.37
1848	128	3	13.74
21863	1597	6	109.3
373	3811	6	63.35
1981	11113	3	43.78
11161	12	3	4.36
2182	101	7	9.92
1159	103	7	14.13
1931	126	4	20.75
945	111	18	93.08
12	8652	5	9.79
296	447	7	43.73
779	494	4	28.05
780	113	11	45.49
3269	145	3	18.35
47921	14	3	16.55
313	14333	4	49.03
50881	14	3	16.55
955	855	3	23.34
1365	1555	4	41.19
540	104	22	68.41
8567	2711	4	61.38
905	11900	8	125.09
27328	14	3	8.62
5579	9	5	32.08
18822	427	3	38.52
9455	14	8	20.71
6963	12	12	40.66
106	1591	11	45.38
257	866	6	40.52
259	113	7	10.22
58	4903	11	84.2
4138	14	28	104.93
153	9340	9	101.23
263	111	6	6.21
16538	150	3	29.32
714	144	3	9.68
101	13918	4	15.71
58	4593	5	28.89
713	4510	4	44.95
4041	2376	9	136.9
15135	735	7	109.06
3707	14	40	185.8
16462	14	10	55.16
2806	17283	3	49.4
117	1115	3	7.85
103	1043	5	6.55
4879	14	14	32.86
12	3875	9	13.43
6221	131	12	123.43
5529	597	14	199.55
30381	14	5	27.58
24684	111	5	52.56
12	6217	14	48.76
101	5822	3	4.83
2	680	21	66.33
102	2261	7	12.49
1680	3705	3	35.55
101	21502	3	13.59
457	112	8	19.55
621	103	6	5.44
118	1858	5	23.61
551	106	9	16.75
19066	12	4	13.55
12	18337	3	7.32
175	1359	5	31.07
266	8605	3	30.64
12202	12	3	4.72
36255	14	4	22.06
103	4170	17	110.79
219	262	9	44.55
1142	3294	4	45.68
127	2549	4	23.03
1146	105	4	5.75
2	2088	3	4.98
281	347	4	18.33
2975	16	5	26.68
773	9507	12	190.41
14002	109	4	28.94
143	2205	4	23.78
21305	104	3	20.69
209	172	5	13.08
3650	101	7	15.81
476	14786	9	141.35
876	153	5	24.12
2345	104	8	31.37
640	12558	10	160.16
15390	273	5	63.73
3275	672	3	29.52
16	322	5	7
440	8323	3	33.19
12	21088	3	8.09
2	721	9	15.59
102	441	72	231.94
189	1604	3	17.19
12	1184	13	4.45
18213	12	3	7.32
114	9331	3	19.65
12	7600	5	8.41
101	5488	4	7.98
633	5591	3	32.61
101	1801	6	5.28
102	3107	11	35.32
1046	14534	4	58.67
4200	12	13	31.03
116	225	15	41.43
18774	14	5	15.74
8351	12	4	5.81
1136	163	16	125.35
2939	12	9	9.58
2	2119	10	39.11
125	125	15	26.84
3894	106	12	74.02
135	12525	3	26.67
52674	14	3	16.55
12	787	31	30.05
4246	3176	3	40.31
218	359	3	10.45
1882	107	5	15.24
11775	14	6	15.02
12	20224	3	8.09
4839	295	4	39.13
922	10293	3	38.65
3109	315	9	96.21
551	125	3	7.02
2204	210	5	38.98
106	2884	4	13.22
681	643	3	20.03
138	538	4	12.72
114	776	3	5.41
12	10410	4	7.44
26267	14	3	8.62
2026	403	3	24.03
494	205	3	11.53
2342	4248	3	38.51
12	11107	4	7.94
255	22036	3	37.29
102	10309	3	9.13
163	19051	7	93.32
1860	101	13	28.62
19731	14	4	11.5
1195	17	3	9.23
8	947	3	6.09
2930	106	11	59.38
32454	14	3	10.08
5366	866	4	47.57
7	812	4	4.13
1816	3293	4	49.66
7349	1939	3	40.84
40512	117	3	32.23
102	32466	3	17.44
638	1	9	42.53
222	758	14	110.63
1450	769	5	47.48
4191	106	15	102.98
112	218	26	82.59
12	15698	5	16.94
54192	14	3	16.55
35	47432	3	36.04
20353	14	6	24.36
702	9	3	4.59
57	713	6	15.05
191	429	6	28.12
10101	1137	5	71.51
5238	12	7	11.28
885	2763	5	55.25
13855	14	10	44.61
175	3197	3	20.59
993	101	10	7.55
101	4586	9	29.11
18923	14	3	5.88
102	4025	3	3.9
20676	14	8	44.13
2358	111	6	28.82
6397	12430	5	93.24
104	1156	4	5.37
7917	14	7	13.71
2	1548	4	6.48
12	993	15	4.79
103	3566	4	12.2
12	2443	12	14.9
12404	101	5	21.32
118	697	3	5.95
4838	109	3	12.89
422	1742	4	33.39
5697	35	30	360.6
459	3745	3	28.33
1541	685	3	25.03
212	2	12	5.38
238	6152	3	27.33
554	143	14	80.6
521	2048	5	47.46
1143	178	10	72.58
9038	12	4	6.56
220	4044	3	24.15
12	1623	12	7.6
2	142	30	19.77
2492	452	4	36.76
589	12536	4	52.89
351	1130	3	19.57
141	12670	4	38.72
313	299	19	145.03
31269	14	4	17.19
101	1347	7	4.99
102	173	52	39.67
12	1486	23	34.13
149	5101	6	51.81
1571	1360	5	53.9
3478	3943	4	56.45
5753	5286	3	45.48
25928	14	5	22.3
3226	12	7	5.8
109	181	16	20.92
11126	14	12	51.57
1082	18409	4	60.93
20151	14	4	11.5
35	30034	4	43.05
23281	12	4	14.98
32275	14	3	10.08
5097	2621	3	40.35
1695	245	22	237.08
610	705	5	38.34
1527	101	6	3.95
12	24859	4	16.81
347	304	4	19.03
32780	14	3	10.08
12862	102	3	10.41
142	1550	10	70.65
101	14463	4	16.52
107	19775	3	21.13
20725	101	3	12.61
198	3046	4	31.07
1042	14	143	670.2
593	338	3	15.95
1369	13354	4	60.18
6082	12	5	6.31
198	374	11	63.8
8607	762	3	36.57
113	238	23	77.5
294	2801	4	34.62
174	280	3	7.14
102	13936	5	24.11
109	5499	3	13.62
641	6601	12	173.26
28383	149	3	34.79
954	224	5	31.05
2300	547	8	86.51
7	2466	14	75.61
10193	1663	4	59.02
19630	14	8	44.13
162	283	12	56.5
556	104	7	8.24
1572	103	8	22.76
334	342	3	13.03
32250	12	3	11.65
566	11595	4	51.87
9975	14	13	53.68
8656	3723	11	205.43
1269	1608	3	28.87
20068	105	3	20.09
127	1269	22	173.29
104	570	6	6.03
11145	12	3	4.36
102	2831	13	43.86
7753	126	3	22.19
1912	775	4	38.56
101	7632	3	6.29
10794	6807	3	51.32
148	483	3	8
31580	5659	3	58.44
5563	1086	3	35.28
1655	481	4	33.87
8587	101	3	7.11
245	199	3	7.37
101	2361	6	7.81
542	3190	5	52.19
16945	14	9	43.27
4911	101	3	4.04
2134	291	3	22.51
101	691	11	5.2
12	2668	8	5.98
7040	105	9	60.26
117	292	4	4.39
9003	372	3	32.72
1117	681	3	22.96
4397	13515	3	50.03
256	17944	3	35.43
231	828	8	56.21
263	3774	4	35.81
1221	326	5	37.84
139	1121	3	11.77
169	3557	42	567.68
233	1288	3	17.85
101	14509	3	10.44
1424	4127	3	35.26
1931	2299	3	33.71
1614	681	6	59.24
2062	180	23	241.44
576	43894	3	51.6
14837	14	3	4.7
132	290	4	8.3
501	4941	4	43.05
1307	4096	21	338.52
102	25503	3	15.89
8397	14	18	86.54
5271	268	4	38.86
1284	273	5	36.59
140	106	45	76.28
15356	14	10	48.59
1609	12	54	188.28
606	21138	3	41.29
9958	101	3	7.75
402	439	11	84.67
7554	104	3	12.93
201	3366	8	76.05
6363	146	4	32.34
7487	109	3	15.74
1281	4637	4	49.76
134	7253	10	104.15
16708	162	3	30.34
7534	12	8	21.04
4215	2290	3	38.43
6151	23433	3	56.05
1182	3341	3	32.66
146	119	7	4.59
15710	107	3	19.52
14618	101	4	16.52
6144	102	4	10.03
523	166	5	20.7
44216	53771	3	84.68
29488	14	5	27.58
42783	330	3	48.55
103	4057	7	31.06
12	821	26	19.91
6347	161	8	80.7
50686	14	3	16.55
1503	126	3	12.32
22989	14	4	12.9
27245	14	6	33.09
964	12	29	33.08
12	7188	4	4.87
282	336	29	247.43
103	3394	3	7.32
188	514	3	10.83
101	113	122	14.74
29509	14	4	17.19
102	49298	3	24.09
10330	12	5	11.52
4037	14	10	13.25
3013	101	11	30.74
108	9839	4	24.96
25235	139	3	32.63
1166	210	3	16.24
4427	17	3	16.94
17	497	5	12.65
37753	14	4	22.06
206	1174	5	31.99
115	435	11	37.47
270	105	66	272.05
12	5442	7	11.69
449	1408	5	42.35
9814	102	9	49.07
50560	21	3	35.75
104	2409	7	25.99
12	1979	9	4.77
157	622	3	10.01
9642	9	6	48.75
3283	102	4	5.79
215	12	55	9.12
102	399	45	97.41
20201	12	3	8.09
666	788	5	40.1
631	119	3	6.29
54472	5778	3	65.39
1057	1328	3	26.56
35	22446	7	84.1
16146	14	6	20.16
1802	3142	3	35
2283	101	8	13.66
3458	150	28	321.12
12	40874	3	13.78
37139	14	3	12.18
23510	14	6	27.48
109	11318	3	18.2
320	1260	3	19.73
4281	102	4	7.43
5335	1930	3	38.74
471	719	8	65.64
1489	717	4	35.74
1080	118	3	8.04
432	17933	4	54.33
12	15768	5	16.94
112	1016	6	19.27
49113	14	3	16.55
2029	166	4	25.15
1632	119	3	11.28
234	847	3	15.4
9248	14	13	51.09
2884	362	4	36.42
12309	12	4	9.09
254	2057	16	169.72
57	2285	3	10.09
57	424	5	7.17
110	308	8	12.35
2715	157	8	65.12
20969	12	3	8.09
13961	115	3	23.08
196	128	4	4.4
106	118	74	108.21
129	1452	4	18.67
12	8916	4	6.17
101	11025	6	26.16
49712	14	3	16.55
6971	265	3	29.02
317	34904	3	43.8
14680	14	4	8.56
2984	102	5	8.31
11461	180	4	41.85
8322	14	20	110.32
21981	106	3	21.79
12	10372	3	4.03
17856	102	3	12.86
18785	141	3	29.62
4796	14	27	112.35
38727	14	3	12.18
107	829	5	8.01
7	581	11	24.09
106	953	10	29.28
14445	12	3	6.09
23525	131	3	30.56
8076	14	15	58.4
1840	44340	3	58.37
20903	14	6	24.36
130	6306	7	62.31
202	1070	6	39.2
716	2	18	53.17
234	810	4	22.49
268	1245	3	18.54
500	2491	3	26.25
5030	12	12	30.77
979	2428	3	29.81
369	3530	4	38.17
38168	3718	3	58
13953	3217	3	48.12
1009	101	14	17.75
12	12072	3	4.72
40435	465	4	67.23
9	597	3	3.94
7933	14	14	51.4
204	1037	11	85.14
614	170	3	10.68
109	17685	4	31.82
48373	12	3	18.18
12	13561	3	5.58
3357	7153	4	61.1
11912	117	14	171.41
733	451	9	75.57
2362	113	3	11.23
2419	8110	5	77.09
109	5310	3	13.43
885	1415	5	48.46
109	3696	4	17.31
1303	8454	3	39.32
1551	851	4	37.36
1145	14657	3	42.38
9	1347	4	12.56
172	749	3	12.13
704	18890	5	75.39
645	359	3	16.72
203	3512	3	22.71
12	8941	5	9.79
2990	1738	3	34.59
1682	29864	4	72.01
226	615	4	20.29
133	921	3	10.33
2660	17098	3	48.34
108	1387	16	80.28
45950	14	3	16.55
1227	7	4	6.58
275	710	3	15.47
12055	1407	4	58.84
32259	14	4	17.19
795	864	4	32.23
349	4265	3	27.67
5329	12	6	8.06
188	471	6	28.93
3580	12	11	19.09
3461	20073	3	51.52
12	4727	6	6.9
12	6375	4	4.1
450	348	4	21.9
445	1803	5	44.69
2832	204	5	41.01
726	2020	11	129.32
154	14	1123	5058.42
2161	136	16	139.44
35	7673	3	18.61
12892	14	12	59.27
47024	14	3	16.55
102	20983	3	13.69
1065	1163	3	25.57
182	102	43	27.77
3242	12	16	36.36
239	723	5	29.55
9796	133	3	24.68
127	20695	6	70.58
13401	2	4	23.97
51545	14	3	16.55
30782	106	5	52.18
12	7864	5	8.84
32361	14	5	27.58
12	3650	10	15.62
101	3279	5	7.6
314	16	76	497.67
10607	14	15	75.39
12	1169	51	128.88
250	122	14	50.43
9615	795	3	37.48
711	11693	3	38.13
867	428	5	37.04
7972	179	3	26.68
182	1503	3	16.6
2381	207	3	20.6
2019	3409	8	114.07
1329	20570	3	45.79
101	20700	3	12.61
57	7479	5	34.19
4486	37217	3	59.19
21100	102	4	21.18
24175	12	4	16.81
1663	127	4	19.71
192	3865	5	43.04
3149	1646	7	93.2
397	101	26	25.14
101	12749	3	9.37
1388	8030	6	88.27
645	120	7	26.84
21112	14	5	17.39
423	25223	4	58.97
230	179	4	10.38
141	1930	4	22.57
114	1092	4	11.3
106	718	5	6.51
7	322	15	26.77
4827	111	8	55.28
643	155	4	15.67
226	176	5	14.39
3504	146	6	46.34
190	7552	3	26.78
109	134	22	21.48
129	546	18	104.85
2902	5235	3	41.26
13513	14	7	22.96
23253	210	3	35.82
261	697	4	22.38
8263	14	16	68.76
590	2140	3	26.39
36507	12	3	13.78
7598	21	4	26.9
506	593	4	26.23
106	2114	4	10.99
6188	7244	3	48.03
226	1570	3	18.8
2050	393	3	24.01
584	127	11	54.48
181	3406	3	21.31
24927	2964	3	52.96
40682	14	4	22.06
893	107	13	44.76
22059	14	3	7.51
121	505	4	9.48
155	117	58	241
120	1	20	40.09
4240	1162	4	47.82
10767	799	6	86.59
101	3715	5	8.47
13	9	7	5
11144	813	3	38.4
46175	14	3	16.55
101	5993	3	5.01
40859	14	4	22.06
3086	28048	5	102.51
6373	733	8	108.99
11444	23752	4	83.64
115	911	3	6.71
26705	244	5	72.12
14491	313	8	115.78
2897	13284	4	66.36
1229	2276	3	30.8
14242	101	3	9.88
181	2500	32	377.01
119	53149	3	37.99
118	449	16	70
2053	116	3	11.37
207	4881	3	24.86
29087	12	3	11.65
125	628	4	12.33
12	2691	12	16.76
350	14	268	939.58
450	140	3	7.31
2425	193	5	38.54
14435	15830	4	82.72
351	577	6	40.42
3447	105	5	19.26
414	145	15	81.4
903	35696	3	49.5
183	1128	3	14.86
12	218	51	6.14
26085	14	5	22.3
869	3220	6	70.15
2467	146	32	346.17
6652	758	3	34.77
40177	14	4	22.06
16322	105	3	18.48
628	157	3	10.05
101	5683	3	4.66
14576	12	3	6.09
1845	14	64	248.24
1177	733	6	55.83
153	1292	10	70.06
102	805	18	29.43
5155	12	7	10.9
424	704	5	35.14
109	10316	4	26.25
150	165	19	70.19
108	11065	4	26.09
1096	40069	3	50.53
1054	6636	6	82.24
215	230	6	23.22
104	914	9	21.12
103	125	35	18.99
932	179	4	20.38
101	8104	4	10.93
866	2	9	18.07
12	3085	10	12.91
2	3548	6	23.16
1301	107	3	4.5
2321	109	4	13.8
4304	3211	4	56.23
124	626	11	54.67
104	1567	3	4.2
573	217	3	12.81
3643	350	3	26.69
478	1883	3	24.46
146	225	3	3.94
7301	102	3	7.01
363	4305	6	64.52
45688	14	3	16.55
2402	12	43	171.81
2982	1167	5	58.69
161	8487	4	36.74
20251	101	3	12.61
752	465	17	167.58
579	1826	3	25.28
8471	212	3	28.63
12	7074	4	4.6
1683	16	4	14.99
12	351	43	19.94
101	220	58	68.74
9893	12	4	6.98
51894	14	3	16.55
6169	8586	16	343.23
748	3925	6	71.46
6236	14	10	21.79
17224	12	5	18.34
7	3108	3	8.3
227	145	79	598.95
801	2357	4	40.38
6902	490	5	59.89
291	14	86	65.75
1215	3958	4	47.72
1310	101	49	209.4
2366	193	9	80.22
7182	7847	3	49.64
610	1640	6	58.25
1046	1240	4	37.09
40129	14	4	22.06
8	319	9	20.04
17203	12	3	7.32
295	102	36	47.15
3366	12	13	25.16
141	157	141	1052.19
52083	117	3	36.72
501	7982	3	33.53
5237	408	11	141.65
25551	101	3	14.79
605	1958	4	36.91
32486	14	3	10.08
7209	102	5	16.73
6191	12	16	61.58
487	13852	3	37.14
162	7650	3	25.05
3956	104	4	14.17
5488	3719	6	94.95
226	1200	3	17.11
192	206	25	150.61
10405	14	12	48.72
404	1072	12	114.27
8933	131	3	23.57
2602	544	5	50.1
26299	14	3	8.62
1284	2339	5	57.47
262	372	10	63.48
102	1377	8	9.44
4524	11041	3	48.84
15693	153	5	56.22
35814	114	3	31.3
1834	21	4	15.3
272	1175	3	18.14
243	1801	3	20.07
1228	107	7	19.95
176	5266	3	23.72
2535	105	4	11.39
30832	14	4	17.19
13	19103	6	79.23
1139	181	3	14.73
127	7218	3	22.02
7603	14	10	26.41
12	918	39	61.05
1373	8206	6	88.86
432	9357	7	92.72
7854	1240	4	54.12
247	217	4	13.03
101	2899	4	4
355	832	4	26.3
1437	127	5	25.29
10606	101	5	18.9
12142	679	3	37.88
104	612	5	4.2
862	5347	4	47.53
20887	14	4	11.5
3755	2851	4	54.5
18624	14	3	5.88
2910	40500	4	81.63
238	3751	3	24.37
335	213	3	9.99
4842	12	7	10.17
128	14882	3	26.95
394	203	3	10.47
299	43448	3	48.04
278	493	6	35.47
602	2875	4	40.02
102	2684	4	4.48
1439	157	6	37.38
101	7517	3	6.29
12752	35846	3	66.13
11611	101	3	8.91
2	14848	4	24.81
101	9373	3	7.42
32345	14	3	10.08
3164	1580	3	34.32
1721	101	6	4.93
193	283	8	36.62
835	2507	4	41.18
51561	14	3	16.55
108	3064	6	27.62
19598	14	8	44.13
53310	14	3	16.55
258	5120	12	144.62
7051	14	16	58.75
1046	150	8	47.32
8810	131	3	23.57
2002	2	11	43.76
2750	186	3	20.36
192	648	7	40.37
20209	127	3	29.21
1153	1939	6	67.23
1112	10521	5	72.1
12	12214	3	4.72
2030	101	5	4.02
1389	1317	6	65.17
413	11940	3	35.3
35	47411	3	36.04
1988	25859	3	50.47
560	551	3	18.06
42361	35	3	36.04
9597	3567	6	102.79
142	4115	32	395.96
2790	123	5	31.03
138	145	17	47.73
113	171	13	18.39
1282	4033	9	125.19
5377	12	14	43.86
8974	196	7	79.43
539	178	8	43.46
11053	102	3	9.52
706	387	9	72.87
14574	25023	3	63.47
16399	12	3	6.66
10129	180	8	95.04
3258	12	8	8.2
132	181	7	13.55
4407	149	10	94.7
106	2242	5	16.33
6931	7063	3	48.51
107	5112	5	24.99
20119	14	8	44.13
113	898	3	5.9
1577	890	3	26.56
508	18668	3	39.35
298	932	5	34.46
12	15650	3	6.09
50780	14	3	16.55
161	20810	3	31.97
103	11308	3	14.47
101	10058	4	12.66
2684	58	3	11.04
3474	102	4	6.06
1246	5897	4	51.3
26692	14	4	14.69
885	369	5	36.02
342	1263	6	48.92
193	2423	9	80.49
162	3249	3	19.69
2094	114	6	29.5
8	7799	6	46.11
6628	12	6	10.7
369	5843	3	29.98
7518	41799	3	67.15
432	4540	14	184.75
5382	28779	5	108.63
17622	101	3	11.78
112	2038	6	27.54
50734	14	3	16.55
4778	8276	3	47.29
132	199	5	8.06
134	958	3	10.69
1693	1528	3	30.27
804	759	129	2112.82
134	111	11	5.03
253	645	3	14.46
8257	20362	4	79.49
7464	10777	3	52.14
471	1367	4	32.26
744	753	6	51.37
8	2185	5	22.93
113	209	9	12.84
114	6523	5	34.3
17639	14	9	49.64
4335	122	7	54.71
1336	1812	3	29.95
413	689	4	26.03
104	6040	3	11.46
31529	12	3	11.65
4808	110	3	13.73
146	486	8	35.59
22039	177	4	48.71
35	53623	3	36.04
5471	116	4	25.2
8186	12	4	5.81
17812	14	4	10.35
876	530	22	239.44
242	1110	5	33.51
362	4289	4	39.52
102	16693	3	12.13
9062	127	3	23.6
23738	14	4	12.9
1981	12	15	18.92
15303	117	4	34.57
103	1285	5	8.35
732	186	6	33.38
3517	101	6	11.63
1466	480	3	22.86
1503	1143	7	76.79
249	57	7	7.8
2497	102	20	80.67
1443	5180	4	51.43
624	114	7	20.55
12	17261	4	12.38
149	2401	4	24.95
2	20462	3	18.84
305	924	3	17.68
101	36148	4	30.64
8334	12857	3	53.72
5470	674	4	45.98
661	1247	7	67.23
12	1516	15	12.5
101	3629	9	24.69
1237	12	17	12.34
217	745	9	62.21
827	700	3	21.51
102	6960	4	11.23
58	9204	6	46.77
29993	14	3	10.08
141	5458	3	21.41
12	15202	3	6.09
5947	3787	3	43.34
27543	14	6	33.09
4976	101	3	4.04
344	913	3	18.29
5814	1135	4	50.4
35754	14	4	22.06
10672	12	4	7.44
160	611	3	10.16
21808	12	5	22.13
106	246	9	6.22
642	105	16	47.21
475	466	3	16.43
3979	4939	4	59.36
844	312	5	33.88
9216	162	5	49.67
4010	1048	4	46.68
12	11329	3	4.36
777	3672	5	57.15
810	166	6	31.62
7799	153	3	24.85
702	989	4	32.34
109	844	8	22.89
3446	3077	3	38.82
2037	334	4	32.93
855	1370	3	25.6
27022	14	5	22.3
7019	6215	3	47.76
35	26527	4	40.42
467	664	3	18.16
12	10244	3	4.03
977	111	21	116.78
136	1310	4	19.09
2688	379	4	36.23
776	115	4	10.04
16754	134	3	28.47
516	2246	5	48.29
107	29221	3	24.96
102	2200	13	37.5
15308	14	11	60.67
24786	12	5	25
1927	809	9	102.76
555	103	6	4.53
7520	185	6	62.68
2592	14	47	184.91
12027	12	4	8.48
1602	570	10	106.16
3719	649	4	42.48
16	57	428	2359.44
118	1679	3	10.58
119	4063	5	32.8
3079	232	3	23.02
1601	105	3	4.66
17843	9	6	59.33
2581	14971	3	47.47
17987	14	7	29.34
24357	107	6	63.34
101	1707	7	7.18
19714	131	3	29.53
102	4529	3	4.51
2110	1063	6	67.57
101	5650	3	4.66
4442	14	36	183.17
11921	315	3	33.7
121	6817	4	29.45
12	7630	4	5.17
101	2487	5	5.45
101	254	27	11.45
103	1489	4	6.14
188	358	10	53.54
125	284	3	4.04
1057	573	9	85.59
20844	12	3	8.09
149	3575	3	19.29
2118	874	4	40.18
453	118	4	7.33
17	686	22	131.48
1647	105	3	4.8
12	20126	3	8.09
11508	12	4	8.48
1060	103	4	3.99
1944	264	3	21.12
149	19297	3	30.95
103	3973	8	37.35
12	689	29	20.39
1438	7263	3	38.96
1144	249	11	92.68
102	8979	3	8.1
12	10282	3	4.03
35	45238	3	36.04
2212	104	3	6.02
142	528	4	12.91
1163	898	3	24.67
713	379	4	25.67
9115	759	3	36.9
108	5132	4	19.27
4624	3026	6	90.69
105	4081	3	9.47
106	3337	3	9.01
1213	107	10	34.85
18734	21	5	47.25
674	245	6	37.03
738	3319	6	68.94
53029	14	3	16.55
798	5076	19	294.4
982	659	9	86.58
1617	27154	4	69.13
139	173	4	4.28
843	3676	4	44.34
112	143	25	44.45
58	769	5	11.91
24893	14	6	33.09
49854	16665	3	72.46
3169	2682	12	187.39
3358	33875	4	82.72
2757	109	3	9.65
101	9262	3	7.42
7889	102	3	7.52
102	27521	4	24.56
405	777	3	18.42
14413	12	3	6.09
2687	5842	3	41.36
602	31650	4	64.11
3741	103	5	18.05
18608	14	8	37.98
16127	35	10	120.15
2899	34413	4	81.63
7260	9	23	271.37
25427	14	4	14.69
2091	6504	4	56.62
137	2443	3	16.34
2721	12	7	4.16
102	7617	5	17.19
12	599	25	9.59
1751	316	6	51.77
2	3659	3	7.81
11578	101	9	50.9
102	38364	4	32.13
391	2599	8	83.88
3724	180	13	136.48
587	235	37	357.25
389	206	7	36.14
662	571	4	27.96
3039	1437	4	47.07
3071	106	5	19.21
103	898	5	5.56
101	1621	7	6.67
3217	570	3	28.48
127	1475	3	12.33
20103	14	6	24.36
12	5216	14	41.76
2	4722	13	80.43
112	11052	3	20.07
12502	3770	5	87.3
149	2900	15	142.11
1198	190	3	15.37
16	893	3	6.26
115	529	6	15.52
12	21021	3	8.09
491	13	4	16.16
396	643	4	25.32
853	15548	3	40.76
489	14	269	1203.34
870	200	6	36.59
845	21	5	13.97
148	892	3	11.02
1900	15842	3	46.36
103	6736	3	11.29
169	14729	3	30.15
2	789	13	32.86
102	557	30	57.7
5361	12	11	27.57
183	13	5	12.31
215	309	4	14.91
3888	113	9	62.57
3186	12681	3	47.58
13722	14	12	66.19
3840	4361	3	41.62
18810	102	3	12.86
767	148	5	22.07
20561	14	7	32.71
3256	112	3	12.36
149	12317	3	27.5
13384	676	7	106.08
377	288	4	19.13
106	7145	5	27.82
8231	14	19	96.99
433	335	14	109.63
3082	394	13	155.3
1861	14	61	227.15
576	9096	3	35.39
7870	150	5	46.19
639	18946	3	40.7
4651	12	10	20.65
204	403	16	108.99
750	46254	3	53.06
135	1956	10	74.29
10927	184	7	82.44
260	918	3	16.55
258	176	15	78.77
32302	431	4	61.69
2714	115	26	232.68
164	302	4	11.26
108	620	12	35.3
57	2692	3	10.95
123	26644	3	30.86
2754	111	4	17.19
616	777	4	29.73
28980	28553	3	71.22
6269	101	3	5.19
365	101	38	54.12
1424	972	3	26.51
2476	180	11	101.44
8904	12	4	6.17
2160	11444	3	44.31
101	11993	4	14.32
278	741	3	15.83
3350	12	12	21.39
101	3535	9	24.32
827	654	10	95.11
26470	117	5	55.8
828	1034	3	23.61
183	423	8	41.43
198	11770	3	30.22
12	5801	6	9.08
101	6172	4	8.72
2642	7232	10	171.55
1438	559	5	44.3
363	34243	3	44.64
47149	14	3	16.55
452	1379	3	22.21
13007	14	13	71.7
1331	5267	4	51.09
1133	1097	6	59.74
19261	101	4	19.72
272	526	3	13.86
2085	120	7	42.62
28918	12	3	11.65
11356	243	3	31.49
116	343	4	5.35
602	20374	3	41.24
305	13	4	13.03
103	4561	3	8.99
20305	14	3	6.62
101	5366	3	4.34
102	4190	5	11.06
101	3912	6	12.83
7242	101	7	26.05
488	22963	3	41.09
216	150	5	10.71
25256	101	3	14.79
101	4774	4	7.12
10734	4399	5	86.27
11414	101	4	13.72
823	471	8	67.62
12717	14	6	16.07
216	1821	13	123.35
824	110	3	4.18
2193	1285	5	56.91
247	2709	3	22.63
901	14	159	730.44
17	163	6	4.23
1705	1226	3	28.96
102	16627	3	12.13
107	12566	5	35.54
2797	146	4	25.67
273	235	6	26.77
1383	288	8	68.62
455	702	4	26.77
389	648	7	52.16
102	20620	5	29.68
2	3357	4	11.95
126	2520	7	48.08
127	543	6	21.72
7881	1056	3	37.62
1211	17	3	9.31
102	1640	8	11.59
22027	14	6	27.48
8376	106	8	56.7
7635	325	3	30.88
219	4825	6	59.3
15566	12	3	6.09
19408	8	3	25.02
35	20475	3	25.48
123	3040	6	40.59
103	645	10	17.42
37862	14	3	12.18
102	1041	32	100.35
12779	12	3	5.13
3128	101	5	7.13
3575	241	3	24.2
12	17308	3	7.32
6947	12	6	11.16
102	35736	4	32.13
412	10402	6	78.54
11579	136	14	190.33
1094	12	14	4.71
2642	17542	5	88.73
102	5029	3	4.93
35	37558	4	48.05
446	113	24	112.23
417	836	23	241.39
101	3582	6	11.86
16490	102	3	12.13
1271	118	3	9.06
2643	2	4	10.22
102	282	24	15.5
101	1205	8	5.67
102	50270	3	24.09
667	553	83	1132.15
2584	2203	34	601.3
415	394	5	30.02
12	6551	4	4.1
277	1553	4	29.04
2134	101	9	16.38
4576	421	4	41.27
552	105	7	8.91
486	169	3	9.47
117	12	204	13.13
118	483	23	120.15
12	20321	4	13.55
4876	325	3	27.94
628	249	3	14.22
207	792	3	14.13
23360	14	3	7.51
12	24634	3	10.16
730	866	6	52.3
12	2552	8	5.48
101	2164	7	9.92
3760	604	7	82.2
12	188	92	39.94
9943	14	9	27.18
1340	28073	3	49.69
1124	1705	5	52.56
198	800	18	146.95
141	3518	15	145.86
58	8026	4	26.06
129	1270	11	70.88
7853	24881	3	59.13
7502	12	5	8.41
5431	7338	4	65.51
767	112	3	4.73
292	310	51	492.19
704	1196	8	78.99
1953	9635	3	42.88
12	10763	4	7.94
1577	12	13	8.95
7586	147	3	23.79
111	2054	3	9.59
28	17164	10	152.67
4679	122	4	27.16
17985	14	5	15.74
20027	103	3	18.79
3113	14	42	176.04
358	30115	4	60.4
500	609	3	18.05
173	1918	3	17.52
111	409	4	4.42
1284	2838	3	32.42
8429	14	20	110.32
379	4104	3	27.94
2611	374	3	25.13
6160	1804	3	39.11
984	2780	5	56.5
410	828	3	18.77
30696	14	5	27.58
166	236	3	5.46
285	547	12	90.94
637	103	8	10.95
228	4149	4	35.37
129	683	7	30.52
5968	101	4	8.72
110	7100	3	16.04
109	6704	3	14.94
30101	122	3	32.41
112	378	6	10.07
9	2487	3	11.23
328	128	7	21.52
1345	130	3	11.98
7327	209	3	27.55
1639	5923	3	38.32
6579	619	3	33.4
101	5008	5	11.17
12812	161	3	28.51
6957	2041	3	40.93
52197	49983	3	84.68
103	1600	4	6.68
101	301	22	9.46
102	1231	8	7.97
694	1249	41	560.24
1108	303	75	1001.32
103	3214	5	16.44
142	13527	4	39.56
555	1615	5	45.57
521	312	14	111.76
102	18622	5	27.94
22810	21	5	51.23
119	306	4	5.98
12	32958	3	11.65
17122	14	4	9.39
102	16886	5	26.48
3752	157	4	29.42
26170	12	3	10.16
143	404	4	11.38
149	3823	3	19.7
180	2688	3	19.99
17	637	4	10.26
1644	834	14	169.15
22172	12	3	9.02
26708	14	4	14.69
940	282	3	17.28
487	2698	54	872.74
697	161	11	67.6
12	3123	7	5.43
3280	107	7	33.55
102	7584	3	7.26
3035	2612	3	37.18
5622	107	3	12.44
1564	402	13	136.6
12	4607	5	4.17
155	778	3	11.11
2474	10178	3	44.64
13319	783	4	55.76
21635	12	3	9.02
12142	915	3	39.52
500	8309	4	47.64
102	7151	4	11.23
101	5914	6	17.4
2022	6915	24	478.46
783	185	4	19.64
12093	128	4	36.37
7743	371	4	44.85
1575	114	8	39.08
7133	12	4	4.6
179	3718	17	188.33
3852	102	9	28.97
213	130	4	5.28
101	17446	3	11.78
101	7361	3	6.04
10923	48994	3	69.66
35845	14	4	22.06
8290	14	7	14.42
913	177	11	77.23
289	36456	3	43.3
140	586	3	8.58
167	164	7	15.7
10822	9024	7	139.98
49251	14	3	16.55
23722	14	5	19.46
110	112	223	804.43
1121	111	12	56.01
2	29973	3	22.65
13681	12	4	9.76
3831	7	3	9.46
6645	43762	3	66.33
27343	27343	3	68.04
12	25155	3	10.16
2996	973	5	57.1
41509	296	3	48
2003	315	3	22.48
3807	101	9	25.48
2787	14	36	120.96
112	963	4	9.55
576	15937	5	72.18
102	9006	4	13.12
1253	12	18	14.85
140	3583	3	18.77
202	1792	3	18.58
173	323	5	17.75
3906	3071	3	39.63
30009	14	4	17.19
8420	21	13	129.1
911	334	5	35.27
1105	2213	5	55.32
128	1230	16	114.04
706	153	6	28.85
106	1022	4	5.79
109	3858	3	11.54
225	103	14	9.84
4165	9835	4	65.84
1425	109	7	25.03
9803	101	3	7.75
12	26568	3	10.16
2291	26980	3	51.42
133	6718	5	42.52
106	5016	3	11.35
131	275	3	4.15
106	2414	6	22.53
8456	16	4	28.17
1044	781	4	33.52
530	320	27	254.85
1547	3818	3	35.36
616	7353	3	34.13
5280	101	4	7.75
7836	417	3	32.64
58	1220	12	58.45
113	662	28	159.92
878	118	4	11.43
678	652	7	58.82
48847	14	3	16.55
3167	7956	3	44.4
1214	109	3	5.22
11088	106	5	33.19
110	2993	4	16.85
5722	2607	9	145.62
1186	12	67	214.86
13441	40481	3	66.68
107	5697	3	12.44
174	1406	5	31.25
168	103	96	294.29
3236	101	4	4.54
2307	154	10	82.43
234	1362	4	26.62
114	242	5	4.4
1008	106	4	5.72
370	834	7	54.52
12	9163	4	6.56
1426	6584	8	119.51
1183	417	3	20.77
36712	14	4	22.06
3740	101	4	5.44
253	547	3	13.52
5612	129	4	29.69
23940	14	5	19.46
3025	107	3	8.91
13383	12	7	26.62
5041	14	29	132.22
35	12200	14	168.22
25383	104	3	21.92
256	123	6	12.85
36637	14	3	12.18
3147	178	3	20.64
11556	12	3	4.72
110	40803	3	29.49
404	2074	6	56.96
49462	14	3	16.55
268	126	14	55.23
18583	109	3	21.7
101	15211	3	10.44
12	6661	4	4.34
47499	14	3	16.55
126	4943	5	37.8
104	1193	5	8.79
757	3078	3	29.84
103	3794	9	43.42
2081	146	4	23.34
39369	13106	3	66.13
850	264	18	162.86
12	20523	4	13.55
23134	21	5	51.23
206	277	9	44.46
718	104	14	38.51
240	514	31	279.91
719	575	16	160.21
34037	244	3	42.01
4848	101	6	15.16
103	1160	9	22.18
12	229	86	64.17
238	18365	7	98.72
12	2478	15	24.81
10896	1663	3	42.72
11984	2445	6	101.33
101	4813	3	3.91
284	3621	5	47.63
184	188	5	12.57
155	105	15	4.9
29217	14	4	17.19
102	2772	14	48.93
44396	115	3	36.54
101	5309	3	4.34
480	12	29	9.68
102	4389	9	31.24
10039	14	4	5.22
13347	12	8	33.61
115	174	7	5.89
798	8669	7	99.61
5533	102	4	9.27
22450	12	6	30.73
28756	14	5	27.58
27006	14	4	14.69
2284	1534	3	32.22
34138	12	3	13.78
3994	163	4	30.41
102	5115	4	8.81
478	185	3	10.53
516	109	18	63.77
3253	14	33	116.24
4305	7	5	21.74
648	320	23	218.5
11742	12	6	18.04
111	4107	4	20.38
8663	14	18	91.58
289	1030	3	17.92
106	2785	9	43.75
161	118	16	32.11
21033	12	3	8.09
2615	127	4	23.28
7528	17056	5	98.57
4145	1935	4	52.03
8366	102	3	7.8
13713	12	3	5.58
3604	7693	6	99.35
23626	14	6	27.48
8386	14	19	96.99
947	2780	3	30.45
20562	12	5	20.02
14744	14	11	60.67
365	742	8	62.62
1449	922	3	26.27
18301	14	7	29.34
1613	5362	25	451.84
58	714	6	15.41
12	14372	4	10.52
261	146	5	12.28
1308	105	8	23.36
15249	14	4	8.56
4411	628	13	177.18
798	4215	5	58.83
376	57	5	6.38
345	578	20	183.41
233	139	88	686.95
102	8796	3	8.1
496	3206	3	27.65
1421	105	4	7.27
564	223	3	12.83
764	369	7	53.52
1335	57	3	7.06
4717	255	3	26.23
3375	107	3	9.45
121	1103	12	70.15
631	124	3	7.59
1330	8002	3	39.15
14032	186	4	43.68
101	16559	3	11.07
2345	184	4	28.24
12	23542	3	9.02
1537	2643	6	74.96
11	4644	3	35.21
521	1847	3	24.69
1065	509	3	21.08
213	306	3	9.49
660	809	4	30.36
519	4258	4	41.94
11268	12	4	7.94
207	3211	3	22.3
1374	106	4	7.87
355	105	13	21.57
16082	14	9	43.27
9329	367	7	90.8
34277	12	3	13.78
727	244	29	277.98
2	437	47	187.57
103	1096	13	39.66
1022	300	3	18.14
101	5118	3	4.19
37580	14	4	22.06
2834	101	5	6.42
50622	14	3	16.55
101	133	55	6.98
101	17954	4	18.49
115	1343	3	8.83
17	819	3	7.29
106	14949	4	27.4
11451	847	3	39.07
904	104	5	6.72
47173	14	3	16.55
2464	22243	6	114.71
127	121	8	5.09
102	2115	10	23.05
12	816	21	10.27
2937	2	5	15.81
103	7286	4	18.1
9364	14	14	58.68
250	16	10	20.74
16489	12	4	11.38
603	102	28	54.92
1621	2	5	10.38
3766	141	4	27.84
102	684	9	4.01
2740	139	3	17.14
10671	14	16	88.25
1530	1939	4	43.89
2347	131	4	22.86
306	1	7	20.86
393	163	3	8.15
108	8458	4	23.52
8314	3619	3	45.46
40597	14	4	22.06
1868	7773	13	225.02
150	286	4	9.38
308	160	3	6.8
333	512	4	22.24
4667	159	3	21.89
35	35341	4	48.05
17079	15089	3	59.57
101	1498	42	176.61
102	387	19	14.48
126	1984	11	80.46
3702	109	3	11.28
3608	2826	3	38.65
17421	12	5	18.34
12	6384	5	6.93
218	429	4	17.29
12	841	20	9.24
102	2092	13	36.17
101	38976	3	18.52
6110	1694	3	38.72
1228	796	4	35.03
117	574	4	8.34
6016	5820	11	205.88
1323	317	20	212.84
392	623	49	566.05
902	160	6	32.39
520	1264	7	64.3
46960	14	3	16.55
2598	106	8	35.61
3108	686	3	29.32
102	38481	3	19.63
124	2173	6	37.2
103	3382	10	48.25
102	3514	6	13.55
15303	475	6	85.98
6449	107	3	13.31
40078	14	4	22.06
16018	12	3	6.66
42320	42465	3	84.68
682	230	3	14.16
14294	14	6	17.24
111	1397	3	7.43
101	9052	3	7.42
9029	180	7	78.51
17599	41830	3	73.22
708	335	5	33.08
5092	24521	3	56.25
1491	1360	11	135.86
208	11176	3	30.32
12075	551	3	36.74
572	4066	5	55.28
501	791	4	28.22
3326	265	12	132.91
258	1130	5	34.36
107	849	7	15.43
370	222	3	10.76
173	142	5	7.24
1157	14	127	582.51
296	356	5	26.02
2689	12	8	6.15
650	883	5	40.9
36688	2100	3	54.67
156	15078	4	41.9
11676	14	14	77.22
744	1604	4	36.81
101	13642	3	9.88
818	8529	3	36.53
11597	24826	5	112.36
320	1248	11	101.42
8597	12	4	6.17
191	359	11	61.36
1151	1074	4	36.49
12391	7212	10	212.64
640	2820	3	28.48
31726	14	5	27.58
2749	147	3	17.48
35	15192	11	132.16
107	5430	4	18.66
2067	102	18	61.53
46116	122	3	39.13
25284	14	6	33.09
17268	28129	3	66.49
14806	12	3	6.09
1732	150	3	14.94
2786	642	7	78.65
101	11383	4	13.72
763	8477	7	98.24
499	359	3	15.27
101	7083	3	5.81
1435	101	15	29.76
414	14	69	64.61
10836	4412	4	67.63
6316	14	26	134.99
426	102	20	18.52
46774	14	3	16.55
16	1138	3	7.39
908	5377	6	77.7
117	304	6	10.82
656	200	10	66.3
134	10924	3	25.69
101	671	38	89.05
12	6622	5	7.27
13103	14	9	34.12
14483	35	11	132.16
12	4265	7	8.6
757	6223	3	34.28
574	271	3	14.35
217	3138	3	22.52
2	857	7	10.99
653	16926	4	56.22
102	2594	24	108.65
124	3299	14	124.52
8152	101	3	6.54
126	7257	4	31.69
53515	14	3	16.55
816	4125	6	72.83
115	854	3	6.38
46963	117	3	36.72
969	110	5	12.51
12600	14	9	34.12
19896	14	4	11.5
18871	101	3	11.78
1155	9472	5	71.05
6853	14	15	50.4
117	1441	3	9.32
12	17349	3	7.32
17693	146	4	42.59
147	21	37	100.45
5	656	5	46.15
5419	1318	9	132.06
103	830	5	5.04
17148	17148	4	83.68
102	954	9	7.24
104	582	7	8.84
12621	14	13	71.7
20954	14	5	17.39
230	51461	3	46.18
165	784	3	11.64
25614	14	5	22.3
195	1466	3	17.01
192	546	26	210.95
128	2597	16	140.07
192	777	6	34.74
2217	14267	4	64.2
3606	35	47	565.16
1491	157	4	21.95
12	13824	6	20.33
3600	23277	3	52.8
313	12377	5	63.07
12	15546	3	6.09
12	12335	3	5.13
563	116	4	8.09
11367	14	8	24.32
665	15853	8	129.62
743	2758	3	29.04
135	638	5	19.33
12	10594	3	4.03
24239	12	3	10.16
767	2389	5	52.66
3676	114	8	53.14
4248	12	7	8.6
408	2170	58	888.62
20836	117	3	26.16
2513	452	4	36.76
21807	8	3	26.04
892	4301	4	45.93
1107	58	4	10.21
910	2433	3	29.36
1481	13	3	16.55
101	8810	5	17.01
13122	5644	3	51.13
232	2	21	28.56
6942	58	3	16.84
28	41073	4	61.04
2490	1191	3	31.07
15751	101	6	32.67
1685	637	17	205.72
103	780	19	60.97
12	1635	13	9.78
2668	7045	3	42.47
115	5126	4	24.47
17780	14	7	29.34
626	1561	3	24.68
1199	212	25	248.02
243	231	6	24.95
269	337	4	17.66
35	2880	7	41.62
175	2843	4	28.93
30418	14	3	10.08
102	2524	12	35.76
2288	241	43	571.85
14221	650	3	38.73
11726	12	3	4.72
126	4129	5	35.8
509	1321	3	22.52
1027	272	3	17.45
12	5952	6	9.45
13554	12	3	5.58
2940	107	5	19.43
5838	6341	11	206.9
102	4045	4	7.09
2965	28710	3	54.55
5297	769	3	33.27
19207	12	5	20.02
7635	175	3	26.08
5621	137	3	21.35
622	1730	6	59.06
207	402	3	10.72
36733	117	3	32.23
115	3251	3	13.82
275	182	7	28.39
5661	101	3	4.66
1034	2934	7	85.41
517	1139	3	21.57
6717	106	4	19.99
8889	14	16	72.07
22550	106	3	21.79
5318	179	3	24.01
272	1260	6	45.85
12	5065	6	7.45
1057	2610	3	30.63
3421	101	6	11.41
104	3810	3	8.71
8918	7076	3	50.02
2743	1423	51	934.68
1420	186	5	32.44
6724	12	4	4.34
111	1180	3	6.43
142	1530	4	20.67
1079	161	4	19.68
2147	39112	3	54.83
5678	14	26	120.38
11915	977	4	55.86
857	1218	3	24.76
956	339	6	45.31
133	616	3	8.36
108	3913	6	30.66
1689	114	4	14.7
133	447	28	184.28
2746	213	5	41.37
5585	2910	9	147.88
7	4960	4	16.89
736	6157	3	33.83
344	845	8	63.5
123	25038	4	44.6
9	1525	4	13.39
798	16911	3	41.13
1286	172	3	15.08
296	185	3	8.16
1284	1485	3	28.46
526	3624	4	40.66
2475	760	3	28.57
6115	367	3	30.14
6498	312	3	29.63
12	10636	3	4.03
546	12291	5	68.08
2985	1618	3	34.16
404	414	11	83.93
497	119	6	17.5
258	989	4	24.8
3574	1682	4	49.66
888	104	6	9.64
8	21273	3	26.04
47646	14	3	16.55
3868	102	5	10.42
2840	1407	4	46.35
102	30394	3	17.44
1690	3861	4	50.29
225	1167	3	16.8
9716	14	5	8.55
672	1126	3	22.88
102	8306	3	7.8
12	9545	4	6.98
5189	101	3	4.19
12	11542	4	8.48
168	202	3	4.64
12	552	44	44.16
18083	14	4	10.35
4242	224	3	24.56
575	146	7	31.46
1501	109	8	31.5
4538	14	13	26.88
334	1602	4	31
4394	145	3	20.11
1505	105	3	4.3
5536	190	6	58.15
4330	14	32	140.72
665	8226	10	146.89
12	4484	7	9.19
4948	604	9	116.46
1210	105	6	13.32
126	561	26	170.5
11083	1277	3	41.08
2804	127	3	16.11
101	5779	4	8.47
2044	104	11	47.31
102	453	16	11.08
3861	2273	6	84.51
158	251	3	5.37
123	231	8	19.53
28097	9	4	42.18
33558	12	3	13.78
4843	102	3	4.78
8545	756	4	50.79
12334	16652	3	58.41
109	13014	3	19.15
1707	104	5	12.06
850	3588	4	44.2
20219	131	3	29.53
4871	107	4	17.66
6080	101	4	8.72
12	1905	13	12.75
102	606	22	34.2
2706	102	7	14.51
316	118	6	11.76
278	201	3	8.33
12	5384	5	5.49
513	248	4	19.68
297	212	3	9.35
844	1847	3	27.33
5883	14	13	33.91
6729	212	3	27.2
557	3895	3	29.41
107	1913	3	6.43
702	979	6	53.4
27392	14	3	8.62
4054	102	5	10.84
983	12	25	23.92
5008	101	4	7.32
37471	14	3	12.18
57	693	3	3.93
2751	101	5	6.16
16526	14	8	34.38
1041	3389	9	117.49
468	910	3	19.88
366	113	6	10.82
261	904	9	69.36
1332	16070	3	44.16
467	6449	3	31.84
113	1949	4	15.61
2755	2	3	6.3
102	11685	4	15.74
780	133	3	9.53
1254	1141	14	169.26
101	15020	3	10.44
2246	101	9	17.01
114	764	6	17.99
10105	851	17	305.25
4655	421	10	124.15
12	25782	3	10.16
106	899	5	8.16
105	141	20	8.52
1762	19588	6	107.28
3257	102	6	12.67
10064	14	15	70.68
1117	172	3	14.13
105	932	5	7.46
533	7676	14	210.04
7	2909	5	18.19
917	133	3	10.3
4498	1300	23	385.86
12	28416	3	11.65
684	2665	8	92.16
29233	14	3	10.08
6394	12	13	44.04
10055	14	16	80.78
101	10955	3	8.49
979	1733	3	27.79
33468	1320	3	51.82
11291	14	11	43.8
26165	14	5	22.3
12	10157	5	11.52
13119	14	12	59.27
1332	11640	3	41.82
1279	101	8	6.44
10258	12	4	7.44
2728	9653	8	139.2
1464	2053	7	85.32
535	434	8	59.99
129	4981	4	28.63
108	5011	27	258.49
924	684	4	31.58
1865	10870	10	176.53
3471	12	6	4.19
2583	265	4	32.78
1556	1514	3	29.69
8494	131	15	178.15
693	27786	5	82.22
1151	299	4	27.32
110	271	10	16.58
37195	12	4	24.25
3897	336	3	26.82
15283	136	4	39.95
102	10562	4	14.57
101	11430	3	8.49
3499	104	6	24.79
13573	1939	6	100.88
947	1598	6	62.77
112	2497	10	60.58
616	206	12	84.25
32116	102	3	17.44
596	16	5	11.73
16835	12	4	11.38
12	11112	7	22.49
1220	162	3	13.87
107	585	5	5.64
110	1688	10	49.1
149	13431	3	28.04
25647	101	3	14.79
1850	179	6	43.8
321	7492	3	30.83
32518	14	3	10.08
262	1206	42	489.66
113	485	16	64.44
529	4472	5	55.51
8035	400	3	32.45
12	10401	3	4.03
14	58	368	23.65
13674	14	3	4.23
12654	101	3	9.37
101	6565	3	5.39
417	1495	6	53.03
2075	1229	31	476.87
25193	14	5	22.3
30554	12	3	11.65
178	1742	3	17.17
28271	12	5	30.31
163	12286	3	28.54
966	101	13	14.19
107	8680	3	15.26
1986	14	45	137.31
4907	5437	5	80.23
101	22115	3	13.59
654	421	11	93.53
576	3827	3	29.71
19917	162	4	45.65
960	250	4	24.18
101	5481	5	12.05
9550	153	4	37.53
184	351	3	9.03
4882	1283	3	35.66
12	1886	10	6.02
2	2368	4	9.46
104	2508	3	6.54
39183	14	3	12.18
1262	14	63	172.68
685	129	4	13.17
334	173	4	12.89
14211	14	11	53.92
3341	106	5	19.96
12	16893	3	6.66
15937	5982	7	142.01
19353	1405	3	46.09
269	4434	3	26.26
184	712	4	18.87
12	3592	9	12.41
1916	1788	3	32.02
445	101	32	44.99
16172	106	3	19.16
2077	3773	3	37.05
2	4648	4	14.5
51450	14	3	16.55
12	10675	3	4.03
557	1029	3	21.37
135	685	3	9.03
710	562	9	78.31
204	1158	6	40.18
141	3853	10	89.82
3822	8610	3	46.2
4147	12	10	18.13
226	9	15	36.12
109	1767	6	22.18
643	110	6	13.05
133	410	6	20.52
46346	14	3	16.55
33956	122	4	52.18
924	1511	3	26.54
405	206	8	43.87
892	1000	3	23.84
2688	1431	3	32.76
103	13610	3	15.94
843	218	3	14.78
32441	14	5	27.58
164	37978	4	56.9
173	4575	4	32.71
112	2195	4	15.87
1320	438	4	31.39
12	9590	4	6.98
7556	101	4	10.56
106	2056	3	6.49
11190	14	9	30.24
28	54682	3	45.77
2098	1860	3	32.87
36959	174	3	39.04
3570	180	9	86.02
102	26353	4	24.56
2506	265	9	88.53
10977	14	9	30.24
1611	2	5	10.38
2213	149	3	16.55
616	648	5	37.75
12	13841	5	14.7
53150	14	3	16.55
104	846	5	6.24
12	1430	18	18.44
102	195	150	432.42
948	9603	3	38.42
2631	105	3	7.14
1602	110	3	7.5
2222	174	8	65.54
7335	428	3	32.19
5286	1052	3	34.89
149	2817	5	35.07
2595	104	4	11.01
7819	16	11	103.29
2	2578	18	100.11
2	108	186	225.52
4402	12	11	23.62
5264	2404	3	40.09
1562	102	45	218.12
4028	858	4	45.18
3098	104	5	17.66
6022	16310	3	53.39
12	6886	4	4.34
7733	122	3	21.66
4937	12	5	4.78
16	3568	3	13.98
389	546	3	16.28
2317	5279	4	55.59
132	8460	4	33.96
1360	1	3	11.97
409	12340	7	98.36
4156	106	9	51.11
103	5338	3	9.83
12	1036	22	18.3
102	1775	7	9.44
3941	940	3	32.48
16	192	21	57.72
150	102	50	16.92
7508	101	3	6.29
1923	18627	3	47.19
102	4812	3	4.78
632	415	5	34.04
2510	9313	3	43.96
14333	13425	7	153.12
668	2304	3	27.4
216	676	88	1032.87
5425	12	8	15.36
12	2050	9	5.17
104	110	93	71.66
12	3787	9	13.08
313	623	4	23.22
12017	101	5	20.44
1500	2096	3	31.54
12	5241	6	8.06
587	5646	4	45.38
569	10354	3	36.08
40086	107	3	27.18
3790	147	4	28.13
6980	102	14	80.21
10488	14	11	41.45
3045	177	7	60.12
8025	184	16	212.89
102	21116	3	13.69
4961	186	3	23.95
2281	5664	3	40.15
12	405	42	24.82
21174	14629	4	85.09
252	3391	3	24.06
103	3194	3	7
512	699	3	18.85
1237	7742	10	156.41
994	145	3	11.4
145	22361	6	76.65
4055	147	3	19.75
42465	43620	3	84.68
5874	1628	3	38.26
101	2763	7	12.51
6223	127	3	21.01
16457	12	4	11.38
7039	972	3	36.36
4610	35	37	444.81
3726	104	3	8.71
1678	1273	3	29.15
254	4549	5	48.81
3705	106	3	9.59
105	250	20	34.44
7	382	6	4.11
4350	1193	3	34.41
236	18674	6	81.25
1263	15936	4	61.29
1104	101	8	4.73
173	5042	19	229.17
127	9242	4	34.01
295	165	8	32.69
3330	210	3	22.61
39922	14	3	12.18
1130	387	3	20.14
1664	107	6	18.9
12	12821	5	13.78
1636	102	9	14.79
11708	14	9	32.05
3533	114	3	13.58
641	566	6	46.44
8629	12	4	6.17
7	3054	12	66.33
5999	103	3	10.61
7018	101	6	19.75
3475	3983	11	181.32
1319	440	3	21.8
1252	3630	5	61.48
6531	101	4	9.28
39068	14	4	22.06
671	22811	3	42.76
10852	268	3	32.21
103	12584	3	15.41
8	1698	3	9.26
3203	106	6	25.69
2748	6304	3	41.92
1590	14	93	439.98
1149	107	9	28.47
192	928	5	28.67
1822	1461	5	56.16
1446	11394	4	58.41
222	436	4	17.57
5735	180	6	58.36
6755	178	5	47.92
3652	3669	4	56.24
673	9988	4	51.27
361	467	26	244.54
5773	12	5	6.02
363	21621	3	39.58
126	211	11	32.18
415	374	35	347.1
6035	221	5	50.01
477	1240	11	109.53
509	2142	8	84.31
102	8017	5	17.69
101	2176	12	28.43
102	1451	15	34.82
1096	53029	3	55.03
102	23303	3	14.68
588	9	4	6.98
17	205	32	137.87
713	28963	3	45.98
752	102	23	45.46
1443	7	5	11.54
1098	5637	6	80.15
930	2267	3	29.15
351	2104	4	33.8
12	7451	6	11.65
7	25484	3	22.6
215	741	6	36.31
12	3997	6	5.48
2	261	12	8.95
13354	628	3	38.54
102	294	62	138.72
54080	14	3	16.55
2291	6419	10	165.51
102	5017	6	17.52
867	1086	3	24.09
4811	378	3	28.91
24561	106	4	34.12
25714	14	5	22.3
467	20310	5	73.49
39199	14	3	12.18
103	12826	3	15.41
14144	14	11	53.92
12	9690	4	6.98
102	10684	4	14.57
1829	2704	3	34.29
103	13041	3	15.41
1083	116	4	12.29
10861	101	3	8.49
108	6344	3	13.92
57	269	7	8.77
31082	14	5	27.58
536	1317	3	22.81
3572	153	5	38.3
39757	14	3	12.18
106	2184	3	6.9
6217	561	8	104.3
2441	1193	3	30.98
101	9013	5	17.01
1667	297	3	21.12
31601	14	3	10.08
14810	404	3	36.86
13658	14	8	29.37
12	12611	5	13.78
3814	106	4	15.19
1665	266	3	20.33
779	101	10	4.97
1996	3388	3	36.1
25646	14	5	22.3
13609	14	6	17.24
770	347	4	25.61
108	3101	6	27.84
48358	14	3	16.55
15890	101	3	11.07
108	600	6	10.02
8955	14871	5	98.96
102	26011	3	15.89
35	8409	19	220.39
168	285	3	6.82
140	337	3	5.98
5092	3912	3	42.81
3832	24400	3	54.46
103	10527	5	29.13
5029	102	6	17.52
1735	12	18	24.17
2754	102	4	4.67
5264	26156	3	56.45
375	2562	4	35.76
1491	249	6	46.53
5009	14	30	141.37
885	644	3	21.43
162	5182	9	89.06
14951	14	5	13.21
1062	8635	3	38.3
5546	101	4	7.98
12	10816	3	4.36
16281	3200	5	89.04
114	2871	3	12.46
102	9903	3	8.76
496	2194	3	25.53
106	558	6	7.35
5554	7	3	11.5
1493	104	5	10.8
918	131	4	15.43
149	3359	3	18.92
102	23338	3	14.68
28788	14	3	10.08
902	494	6	48.52
395	1225	3	20.81
588	147	7	31.88
121	21023	3	27.95
10525	249	3	31.22
103	3462	3	7.43
865	5909	3	34.46
51010	14	3	16.55
5561	14	26	116.68
36936	14	4	22.06
102	5939	3	5.75
2321	431	3	25.1
252	1962	3	20.83
1112	3491	10	135.17
9740	779	3	37.39
28164	222	4	56.04
206	109	8	5.23
5348	14	26	113.31
12	20326	3	8.09
1031	12	83	283.87
102	22253	3	14.68
10968	239	3	31.43
16	460	6	13.52
5863	102	3	5.75
1704	186	3	17.5
4809	615	3	31.45
16849	14	10	55.16
122	229	8	19.4
1876	25939	4	70.33
12	1574	14	11.04
103	455	9	9.77
101	1198	19	39.16
1714	57	3	8.37
759	1146	3	23.79
101	3900	5	8.85
102	2713	10	27.43
127	3562	6	43.52
25478	3708	3	54.18
15440	14	7	24.71
104	7051	3	12.39
3479	127	5	34.35
102	6687	4	10.91
29291	14	3	10.08
101	19301	3	12.61
5056	101	5	11.17
289	9504	3	31.59
6081	14	17	57.69
12	41876	3	18.18
917	231	3	15.73
110	5522	5	29.43
7054	35	24	288.44
1495	642	5	46.17
1013	112	3	5.91
107	444	6	6.14
198	17998	3	33.31
135	214	11	36.21
710	858	3	21.71
114	439	4	5.72
14264	12	4	9.76
113	344	22	89.53
743	6276	3	34.12
35993	14	3	12.18
2409	972	4	42.07
108	1802	3	6.83
128	3549	6	43.59
13202	193	6	71.28
7256	12	13	48.3
504	2506	67	1148.39
12	43551	3	18.18
735	772	9	84.51
5719	101	7	22.03
633	43062	3	52.1
25254	12	3	10.16
2176	127	6	37.78
1933	12	11	8.33
913	877	3	23.2
2952	102	6	11.68
562	126	7	27.55
11041	496	3	35.68
436	1546	15	163.62
468	337	4	21.83
3016	150	4	26.65
1830	104	3	4.98
138	1335	26	226.87
9923	7410	3	51.02
1752	175	3	17.01
1790	141	8	54.98
1818	12	12	9.41
33396	182	3	39.6
1803	146	5	29.91
211	2838	3	21.73
3076	6249	4	59.28
12	17047	3	6.66
7265	4001	3	45.25
213	111	93	520.82
4364	1449	4	50.01
992	267	6	42.64
102	778	41	128.12
104	121	42	30.2
6766	12	7	14.56
188	3766	7	64.41
104	941	4	4.27
102	545	62	203.62
103	2526	4	9.83
12	3449	10	14.89
6730	109	5	30.33
14574	2	3	16.58
896	109	3	3.87
185	4414	27	352.87
241	466	3	12.51
35	7141	24	288.44
423	336	16	129.32
10209	102	3	9.13
657	3351	19	265.94
3399	14	23	61.41
146	2423	4	24.53
110	12229	5	38.45
5563	428	3	30.3
2141	10510	3	43.88
12	21637	5	22.13
2118	126	3	14.43
391	109	30	123.52
104	1530	6	15.2
126	2302	4	22.17
5658	102	7	24.46
1914	1589	4	44.18
388	473	3	15.6
804	28656	3	46.64
102	5357	3	5.24
3102	1344	3	33.26
2585	341	3	24.52
2396	101	5	5.13
2104	153	11	90.87
37548	163	3	38.07
35594	117	3	32.23
102	3544	5	9.64
1111	3083	3	31.87
13191	12	5	13.78
549	321	6	38.5
623	5592	7	88.88
12	24371	3	10.16
12552	14	5	11.3
128	2219	6	38.19
2749	214	3	21.69
193	548	3	11.48
19213	330	3	37.97
1150	492	3	21.36
15646	12	4	10.52
12	9498	4	6.56
9349	105	5	29.91
532	3321	7	78.49
532	1461	4	33.43
139	117	8	4.09
1764	101	8	10.2
9	732	3	4.74
6751	181	3	25.63
12669	14	7	21.45
564	16	3	4.18
1437	12775	3	42.73
110	2832	4	16.44
772	107	5	7.58
105	1654	3	4.8
53576	14	3	16.55
129	206	11	32.53
2174	3240	3	36.47
105	297	14	21.07
773	40784	4	70.95
571	1128	9	86.52
3089	486	3	27.37
5675	147	3	21.83
21829	9	3	25.84
54096	14	3	16.55
12	15182	4	10.52
618	21	3	4.36
2759	126	3	15.9
51830	14	3	16.55
26133	14	5	22.3
44754	14	3	16.55
110	7456	3	16.31
751	10847	3	38.08
1247	101	43	165.2
440	5652	5	56.5
2300	968	3	29.44
606	2804	3	28.07
102	30934	3	17.44
128	1975	24	217.82
9822	193	6	67.16
3111	199	3	21.67
3257	10635	4	64.4
35	6090	17	166.81
485	4283	4	41.53
1022	155	6	33.05
8824	12	6	13.96
931	1204	20	247.93
101	274	22	6.62
12	390	79	118.76
103	1852	3	4.32
547	299	7	46.22
3512	106	4	14.68
5044	3454	3	41.81
35	50110	3	36.04
576	21695	4	59.26
389	928	8	66.97
355	18770	4	53.01
148	962	4	17.41
116	856	3	6.54
243	656	4	21.32
21273	9	3	25.84
663	20771	3	41.71
102	2220	7	12.33
102	487	20	21.65
149	17529	4	43.01
4470	115	4	23.3
1533	122	95	1155.7
251	4897	4	37.38
12	5290	5	5.24
25226	556	3	42.98
903	16801	3	41.78
1913	761	4	38.45
934	101	22	41.77
102	18279	5	27.94
781	2553	3	28.84
13662	102	4	17.14
110	2055	12	68.47
702	1200	6	55.66
2842	126	3	16.1
19491	101	4	19.72
12	12500	3	5.13
203	1379	10	81.54
8	751	8	27.63
881	782	16	175.16
1992	116	3	11.16
368	1958	7	66.6
1966	2834	3	35.01
12	10734	3	4.03
2411	344	3	24.19
113	6791	8	63.82
1617	13060	7	116.62
559	6785	5	60.56
20055	14	6	24.36
28794	5217	3	57.84
2821	2074	8	111.27
27057	12	4	16.81
58	1711	4	13.55
35	48762	3	36.04
17275	21560	3	63.66
193	1478	3	16.98
835	1366	3	25.46
110	6328	10	77.81
110	4590	5	27.56
9144	1893	4	58.99
3870	221	4	34.23
7251	120	3	20.76
46425	14	3	16.55
58	6985	10	83.51
264	205	3	8.22
9275	35	18	216.3
2662	196	21	233.45
233	833	4	22.72
3871	452	3	28.38
4924	103	3	9.48
8	6206	4	24.91
2208	6132	3	40.42
20029	14	4	11.5
4045	1853	3	36.76
1720	521	4	34.65
106	1989	5	15.13
537	3980	9	109.49
3570	2679	3	38.24
4115	12	9	14.56
16	4633	3	15.59
11692	14	13	64.63
1140	654	4	32.84
604	2	8	10.42
103	682	7	8.68
1273	16	15	87.78
102	2663	11	31.89
2	2399	9	35.51
321	28174	3	41.62
11505	107	3	17.23
1503	3791	3	35
12	8227	6	13.32
4954	109	3	13.07
580	1073	4	31.54
39906	14	3	12.18
7949	14	12	38.69
279	165	7	25.73
101	3609	4	5.16
725	436	10	85.32
25332	14	5	22.3
5599	207	3	25.82
1411	1366	7	79.01
8154	4237	3	46.14
23868	12	3	9.02
15378	14847	3	58.89
45340	14	3	16.55
486	142	4	12.41
4160	2396	3	38.45
751	725	5	40.59
39417	14	3	12.18
559	12594	5	68.25
103	5261	4	15.38
101	843	9	4.06
12	975	16	5.96
12	2820	9	9.1
102	4075	7	19.65
12295	276	3	33.33
4398	109	3	12.25
101	484	54	133.87
12	2589	15	25.65
102	3380	6	13.1
101	2193	7	10.07
3728	3897	3	40.73
928	835	4	33.15
21555	33526	3	70.62
2104	387	4	34.57
2	5626	11	68.47
12	33127	3	13.78
17	2	83	108.91
13981	14	10	44.61
2560	2998	3	36.97
426	269	4	19.29
392	1001	3	19.59
208	3240	6	53.53
7272	12	4	4.87
1355	2202	3	31.29
6656	2252	24	476.74
104	624	5	4.33
12302	795	3	39.27
251	172	8	31.17
43884	12	3	18.18
126	7372	3	21.91
2429	14	38	118.73
49834	14	3	16.55
9425	134	3	24.49
15058	14	8	31.63
12	7381	6	11.65
13702	3567	3	48.74
312	3691	4	37.13
153	1516	7	46.07
278	481	4	20.37
101	3819	9	25.89
150	4571	3	20.76
1541	1222	3	28.32
9220	102	3	8.42
12	17234	3	7.32
2861	3184	4	53.13
5535	116	3	17.1
1922	575	3	25.51
3847	137	11	100.2
1137	130	3	10.85
183	1294	3	15.82
49600	14	3	16.55
125	547	5	16.23
694	3209	4	41.74
14760	14	11	60.67
240	37150	3	41.94
1945	141	11	85
10724	106	5	32.42
749	524	3	19.44
12	20375	3	8.09
756	1380	4	35.69
689	662	3	20.22
145	126	8	9.69
23674	14	4	12.9
4860	12021	4	68.97
3974	101	6	12.83
105	2135	3	6.16
102	29564	3	17.44
7180	12	7	15.75
380	408	3	14.7
4565	364	6	65.53
108	5296	3	12.89
29376	14	5	27.58
5312	1940	3	38.74
112	1333	14	76.4
1130	153	7	41.61
12	10705	4	7.44
496	729	6	46.19
493	111	4	5.27
853	18335	4	59.18
12	9095	4	6.56
102	9822	3	8.76
2723	2378	4	50.28
12	12521	5	13.78
586	13345	3	38.2
109	8103	3	16.03
7	4335	3	10.15
57	5587	3	15.26
6390	4785	3	45.61
160	212	4	8.04
3287	995	3	31.73
226	989	3	16.05
37769	14	3	12.18
196	2210	3	19.63
347	12	40	14.72
5582	145	4	31.41
5898	11849	3	50.84
163	389	11	56.93
324	188	3	8.52
6263	12	5	6.61
1348	842	7	71.55
2692	3319	5	68.54
141	3111	3	18
231	3700	4	34.44
677	212	4	20.22
1189	644	3	23.1
947	7861	3	37.04
326	12	125	250.15
103	12756	4	23.16
35	47391	3	36.04
22589	12	3	9.02
13863	9875	4	76.77
610	545	7	55.13
166	306	3	6.99
5646	14	21	80.36
692	11586	3	38
1384	111	10	47.76
102	40053	3	19.63
5025	14	28	123.54
1064	146	13	88.77
2531	5325	4	56.31
17695	398	3	38.21
11617	12	6	18.04
5013	102	5	12.82
20908	12	3	8.09
2	3560	3	7.58
849	17857	3	42.19
316	1452	9	81.73
1058	4361	21	332.5
101	1087	17	28.69
282	210	7	31.87
101	2476	6	8.23
1683	109	3	6.94
124	453	4	10.03
43464	12	3	18.18
511	1033	3	20.95
101	4954	3	4.04
49414	14	3	16.55
17905	14	5	15.74
1136	234	3	16.97
149	1201	16	121.84
12	17682	3	7.32
340	114	14	45.22
2016	12	16	22.24
586	700	3	19.7
118	1485	8	41.66
190	14970	4	44.63
2223	107	13	69.08
118	3330	3	14.5
101	4093	8	21.87
3976	11026	3	47.9
602	600	4	27.69
575	1620	3	24.49
480	2194	3	25.45
356	397	3	14.24
12	3498	7	6.61
104	2871	3	7.31
12	1255	26	36.43
29782	14	5	27.58
1092	368	3	19.66
32497	35	5	60.07
12954	136	5	50.64
274	1558	3	19.99
13363	12	5	14.7
3435	307	15	180.82
103	12550	3	15.41
5851	3980	4	60.72
404	4982	3	29.47
198	3294	4	31.69
1794	153	4	23.22
262	352	17	124.58
12609	542	3	37.12
102	10336	16	128.51
8893	11304	3	53.09
1342	2404	4	44.72
10096	14	5	8.55
109	801	4	6.32
107	2100	8	33.38
108	917	5	9.95
6577	12	6	10.26
1281	6940	6	85.42
5941	562	11	150.16
2021	11689	3	44.39
110	1786	4	12.85
1078	144	3	11.77
682	12	29	19.91
7012	141	3	23.02
101	10623	3	8.11
137	229	7	18.73
230	539	3	12.9
8462	101	4	11.32
10383	264	3	31.65
128	1157	26	208.18
133	234	16	66.76
7	460	14	31.34
102	300	50	93.8
33	33	6	87.15
7344	193	3	26.81
957	277	3	17.13
102	5015	4	8.59
3404	171	5	39.37
6312	12	7	13.51
118	1982	3	11.57
1409	4083	5	63.88
936	380	3	19
9817	14	14	61.77
5665	171	3	23.62
458	12	42	30.16
23511	14	4	12.9
491	452	5	32.38
11335	12	3	4.36
6340	109	6	37.79
12	17290	3	7.32
17153	14	7	26.79
1034	5301	4	48.88
301	4082	7	74.49
2669	198	3	20.71
102	6726	14	78.55
102	4225	5	11.29
101	1882	8	11.17
27136	14	4	14.69
630	119	3	6.29
629	488	3	18.14
101	3859	10	30.92
12	3991	7	8.05
6131	14	22	93.04
1983	974	7	79.01
5110	101	4	7.53
925	109	6	14.89
484	124	3	6.33
12	202	107	84.74
124	115	216	1269.81
16616	14	9	43.27
12	2570	9	7.81
10798	12	5	12.2
36534	2536	4	80.42
1438	36040	3	52.27
29489	14	3	10.08
488	121	5	13.67
8159	847	4	51.5
10752	180	4	41.21
4778	101	3	3.91
123	20951	6	69.36
44468	12	3	18.18
1718	313	32	393.34
101	726	25	43.11
102	1653	13	30.06
4024	102	10	35.38
102	7360	4	11.56
102	5636	7	24.46
837	9669	4	52.92
27246	14	4	14.69
548	119	4	9.39
1528	128	3	12.57
12	13257	3	5.58
844	800	7	64.19
231	653	3	13.98
12279	2307	4	63.66
136	963	4	16.6
142	1686	3	14.43
297	3563	5	47.97
1577	111	3	8.05
1319	8151	7	104.92
26238	106	4	34.12
106	734	4	4.03
319	606	3	15.68
29858	117	4	43.96
17827	14	6	22.03
2034	221	4	29.11
8106	452	5	60.76
243	14017	4	46.73
2776	107	9	44.8
7796	180	5	50.21
494	786	3	19.34
2987	102	4	5.2
8323	14	7	14.42
7870	12	6	12.73
20378	193	3	34.02
38589	21	3	31.26
2120	115	3	11.45
1452	104	5	10.57
14550	43806	3	71.79
12317	2090	3	45.12
344	2102	3	23.37
9832	101	4	12.66
48813	14	3	16.55
254	1700	5	38.67
4184	1616	4	50.56
4252	107	3	10.73
2297	14	58	250.84
260	103	33	76.61
106	36061	3	26.82
1075	114	3	6.86
8353	235	4	41.75
49110	14	3	16.55
102	5334	3	5.24
29326	14	3	10.08
102	7566	6	22.99
128	25333	3	31.51
12	3137	27	91.48
103	4004	4	13.23
219	119	41	205.6
101	1032	14	18.15
12	660	22	7.32
15547	102	3	11.49
29054	9	3	28.66
1199	1190	3	26.5
50620	14	3	16.55
1137	406	4	29.49
1325	3348	11	154.74
179	366	3	8.94
28574	7	3	24.17
6376	2307	3	41.14
162	13001	3	28.52
274	113	44	217.89
1473	118	3	9.84
123	38778	4	52.23
103	3196	5	16.44
12	2264	8	4.46
125	2490	5	30.67
633	185	5	24.86
4119	14	35	159.71
2078	103	5	12.57
19686	209	3	34.76
6445	12	4	4.1
16331	14	9	43.27
10623	12076	7	144.38
1332	7877	12	197.7
102	4430	6	16.21
13284	12	3	5.58
175	560	12	75.12
1170	183	4	22.34
23325	14	6	27.48
1867	933	17	221.49
3616	14	23	64.87
1603	106	4	8.92
581	105	7	9.56
519	169	3	9.75
787	4062	3	31.65
7300	3104	3	43.69
272	267	15	98.53
58	11132	3	19.86
4089	235	3	24.73
101	5928	4	8.47
932	111	6	18
102	2171	10	23.53
1977	4546	5	68.68
1177	530	7	63.19
12	1310	14	7.9
29851	107	3	24.96
114	6054	7	52.14
595	1270	3	23.17
2639	102	8	18.06
946	7988	3	37.04
13244	320	10	150.45
7	3682	5	20.32
1754	111	8	38.21
1357	13710	3	43.02
7496	14574	5	97.28
109	2986	4	15.75
6360	149	5	43.38
13418	1580	7	117.84
12215	12	4	8.48
328	350	6	34.16
13693	113	3	22.2
712	139	4	14.73
174	606	3	11.1
138	658	4	14.13
1702	175	4	24.82
1786	306	3	21.63
608	2587	4	39.17
321	1467	11	104.97
8629	102	3	8.1
3090	107	3	9.02
13448	12	5	14.7
23873	14	6	27.48
344	126	3	4.99
3541	1581	6	78.76
953	265	3	16.81
1692	1628	3	30.67
14385	363	7	100.3
108	1763	3	6.72
102	9294	3	8.42
12	15301	3	6.09
167	1572	3	15.61
30438	37219	4	105.6
12	13048	3	5.13
2370	122	7	46
229	112	10	16.44
267	210	3	8.49
2575	111	3	10.84
2215	4785	4	54.61
1152	6085	4	50.81
1429	992	6	61.81
4312	2215	4	53.69
11762	14	8	25.79
364	11757	4	48.78
19761	2	3	18.84
3867	974	5	59.64
190	208	6	19.18
18761	14	3	5.88
105	5677	3	11.43
110	4377	10	69.09
532	7264	8	106.62
24857	117	3	28.42
102	11102	11	71.1
112	1521	3	8.11
8	222	6	5.53
163	19008	3	31.99
39347	14	3	12.18
6234	101	3	5.19
3978	1858	3	36.61
710	6770	3	34.31
560	217	48	474.3
105	225	22	37.08
24172	12	4	16.81
159	1059	3	12.91
7532	623	4	48.51
118	9180	3	20.97
1875	258	3	20.75
375	1300	32	384.63
26201	20430	3	65.77
3352	103	3	7.32
53196	14	3	16.55
109	1181	4	8.67
129	1531	4	19.09
38105	12	3	13.78
3433	106	5	20.36
432	3327	7	76
265	137	4	7.86
16532	118	3	24.94
20334	14	7	32.71
3610	1093	10	135.24
1370	101	11	15.36
102	7772	3	7.26
101	6913	4	9.89
252	1384	3	18.75
12	446	76	121.94
101	314	21	8.46
15483	111	3	21.93
5411	216	3	25.95
3371	105	3	8.49
243	2104	3	21.13
117	354	5	8.74
11965	184	3	29.66
6688	14	13	38.66
310	102	20	10.85
3379	12	6	4.03
103	4041	5	18.74
698	592	13	124.34
153	423	3	7.96
511	271	4	20.43
2042	956	4	40.57
388	471	9	66.48
183	200	34	217.89
187	1682	3	17.38
22058	14	4	12.9
1465	597	14	157.07
8147	1721	3	40.69
149	502	36	275.47
3916	12	19	58.52
46611	14	3	16.55
555	160	4	14.97
582	512	3	17.94
5181	57	3	14.68
27889	544	3	44.45
115	515	5	11.09
3884	1677	6	80.6
15778	12	5	16.94
2821	8322	3	44.05
104	2617	3	6.78
313	3149	3	25.08
684	3041	20	279.2
4358	12	6	6.15
204	2094	6	47.86
203	1435	3	17.32
136	143	8	11.84
28760	842	3	46.89
2685	1198	4	44.51
165	1279	14	110.64
317	3033	23	296.5
7415	14	7	12.44
228	316	4	15.76
2964	783	3	29.88
9002	12	9	29.26
2512	104	3	6.54
567	142	3	8.51
377	1013	3	19.38
24486	12	4	16.81
12039	107	6	44.3
674	1119	6	54.19
108	2014	11	55.05
106	763	4	4.29
227	615	8	51.63
4522	104	4	15.35
26200	162	4	49.1
13950	102	3	10.93
1863	200	10	87.22
113	2633	5	24.64
709	281	5	31.26
1221	14	21	13.46
138	176	12	34.81
8101	102	4	12.29
1580	454	3	23.01
465	125	4	10.38
112	694	4	7.52
111	462	8	19.09
174	1775	3	17.03
508	407	3	16.04
321	7160	3	30.27
2948	13904	3	47.68
39526	14	3	12.18
8536	12	4	5.81
1723	14	72	289.74
701	101	20	26.1
106	3561	7	33.61
26507	137	3	32.48
1721	13	3	17.46
1526	374	5	41.59
128	5039	6	48.04
24002	315	4	54.78
10538	101	3	8.11
12	13933	4	9.76
112	365	4	4.04
7936	14	10	27.53
1124	235	11	91.11
590	697	27	300.35
12	11452	4	8.48
3950	2371	3	38.15
8513	12	5	9.3
18940	14	7	29.34
401	17	3	4.19
8575	7199	4	69.79
436	1248	4	30.87
32360	14	5	27.58
12	7492	4	5.17
2072	791	3	27.72
1090	145	9	54.97
12	5504	7	11.69
51542	14	3	16.55
19649	14	5	17.39
2894	672	5	53.38
305	200	14	83.12
10720	2648	3	45.11
9605	12	4	6.98
686	14	32	15.59
176	415	10	54.05
1603	707	3	25.5
179	5557	6	57.35
7100	14	7	11.86
4609	131	13	125.95
5087	1141	3	35.17
3455	111	4	18.93
301	8114	7	85.59
1379	116	4	14.29
116	702	3	5.65
3546	1118	3	32.71
725	2329	3	27.95
2	1076	4	4.14
101	3553	4	5.03
2774	344	3	25.05
5789	11661	3	50.84
1528	2	4	6.36
9429	239	3	30.22
34059	102	3	19.63
6346	102	4	10.31
121	1345	5	22.69
760	127	30	225.55
602	3922	4	42.51
876	733	5	41.87
211	2055	3	19.81
206	107	9	4.6
178	3517	3	21.36
47023	14	3	16.55
875	211	4	21.84
151	14	1319	6587.31
13159	3915	5	87.78
13705	213	3	32.05
10799	502	11	169.02
730	901	4	31.9
112	411	6	10.82
168	229	4	9.34
367	133	3	5.96
101	9394	4	12.18
2506	859	12	152.31
24059	436	3	41.76
102	10571	3	9.13
4135	14	38	188.54
133	1113	8	45.55
109	4250	3	12.1
1432	2573	3	32.47
886	216	4	22.32
3510	16	4	20.78
508	369	4	22.99
6032	178	4	35.39
322	133	46	321.45
4219	2114	3	37.94
10643	12	3	4.03
105	1890	3	5.48
3018	393	3	26.27
1992	1510	4	44.01
12	9956	4	6.98
8162	629	3	35.15
4967	2	3	9.52
111	380	9	20.74
118	49074	3	37.13
17441	107	3	20.27
593	109	8	18.45
4078	705	3	31.02
202	2097	4	28.5
419	11777	5	64.91
8223	43397	3	67.77
47941	14	3	16.55
107	2826	4	13.53
754	15457	3	40.2
5429	14	29	145.39
106	470	11	21.75
13268	12	5	14.7
2006	981	3	28.68
406	404	3	15.02
47918	14	3	16.55
58	1393	5	17.13
12	12498	3	5.13
805	121	4	12.6
4682	451	14	186.94
27611	27611	3	68.04
3628	102	5	9.83
732	204	4	20.23
12199	12	4	8.48
102	1406	16	38.3
12	103	1609	1490
103	6023	4	16.47
416	2749	3	25.97
209	525	9	55.31
149	1431	16	128.41
41563	101	3	22.98
101	19915	3	12.61
7551	12	4	5.17
238	6332	4	39.21
12	22168	3	9.02
12	23841	3	9.02
5414	101	4	7.98
21242	180	4	49.03
6515	977	5	65.33
35	36595	4	48.05
663	2315	10	116.61
48896	14	3	16.55
1145	105	10	30.27
126	106	185	720.66
121	1280	43	387.33
114	14967	8	82.58
102	1700	10	18.93
599	652	4	28.25
2077	1705	10	133.31
4152	101	7	17.63
12	8229	4	5.81
17934	14	9	49.64
102	2488	4	4.11
122	285	4	6.7
129	8871	4	33.66
12442	183	3	30.13
16	388	5	8.64
11	234	5	34.44
12	18896	5	18.34
35	1071	13	66.91
624	103	10	16.89
30557	1057	3	48.11
243	204	5	17.38
460	112	5	8.24
13464	12	3	5.58
102	2657	9	22.58
217	596	4	19.57
104	416	9	10.77
577	652	6	46.93
383	814	7	54.55
16161	14	7	26.79
48120	14	3	16.55
10302	14	13	56.66
2695	116	11	76.81
437	1304	4	31.26
1397	888	3	25.87
1797	35607	4	77.61
8567	134	4	34.71
15933	17396	4	84.78
736	1497	4	36.06
533	3585	10	121.85
3358	5601	3	42.48
9801	14	6	12.46
2791	245	3	22.76
23218	14	5	19.46
198	312	20	132.78
1224	1561	4	40.27
12	10458	3	4.03
25726	12	3	10.16
7048	111	8	62.29
3889	12074	4	67.04
10848	12	3	4.36
462	104	7	6.7
102	9405	6	25.71
240	27808	4	54.29
3531	14	35	138.69
107	16830	3	19.52
2602	740	11	135.36
27262	14	3	8.62
2475	1495	6	73.66
12	10230	3	4.03
106	1417	3	4.6
110	861	8	25.24
317	1776	10	97.47
102	29971	3	17.44
35393	14	3	12.18
11779	11063	5	98.68
508	2793	5	50.3
15626	14	4	8.56
185	28574	3	37.48
29473	14	5	27.58
570	866	16	165.25
534	209	3	12.07
2931	5219	4	57.26
2605	1443	34	564.28
593	1286	5	43.96
4636	15943	3	51.81
5126	101	3	4.19
102	12970	5	23.13
234	681	4	21.28
29137	9	3	28.66
3201	117	49	572.13
16632	14	4	9.39
398	16338	3	37.45
579	118	9	33.3
102	4543	3	4.51
541	201	4	17.91
103	950	7	12.01
44906	6662	3	66.33
12	3674	14	31.49
36463	14	3	12.18
1954	104	10	40.09
16	2810	3	12.63
10145	2607	7	119.6
40445	35	4	48.05
208	2116	6	48.44
1866	553	9	95.82
339	7860	4	44.57
11787	12	3	4.72
102	2218	12	33.04
2	2962	3	6.75
13621	12	4	9.76
106	27242	5	46.78
102	1974	5	5.04
101	1047	8	4.31
3721	19470	3	51.91
12	6246	6	9.84
102	5445	3	5.4
101	4269	5	9.69
725	17305	3	41.33
1066	1419	3	26.94
3585	448	9	104.97
455	876	6	47.41
12506	371	3	35.23
21212	1556	3	46.68
206	627	13	93.81
4600	107	5	23.8
12	4856	10	21.21
8471	154	3	25.21
12	396	37	15.59
102	1139	67	335.05
125	298	4	7.61
12	2377	10	9.14
7337	104	3	12.65
39628	117	4	48.96
8243	117	5	38.78
478	576	4	25.8
123	176	218	1803.03
101	23236	3	13.59
244	1011	3	16.58
391	5471	3	29.89
391	5816	12	159.31
116	170	19	44.12
455	7466	3	32.79
906	17	3	7.79
6619	626	3	33.67
12	2106	12	12.3
743	14176	3	39.45
101	1718	6	4.93
467	8798	3	33.86
695	250	5	29.57
24257	12	4	16.81
3890	114	6	36.73
31268	14	4	17.19
12	7681	4	5.17
417	317	15	116.78
12	365	52	38.61
763	3263	5	55.71
18924	14	9	49.64
31803	14	4	17.19
144	340	3	6.19
1000	2	5	6.33
6209	2380	3	41.07
7066	579	3	33.55
358	3438	3	26.5
25367	14	3	8.62
940	1092	3	24.62
523	291	3	14.32
14405	6885	4	74.2
20920	14	3	6.62
2637	42951	3	60.46
183	19251	3	33.58
18591	14	3	5.88
12	6269	4	3.87
127	4947	7	58.34
12	4682	6	6.9
102	1945	9	17.44
124	3089	3	16.35
10535	102	3	9.13
3944	306	3	26.41
103	9759	10	74.75
19930	14	3	6.62
462	1	3	6.39
565	24265	5	80.34
15927	12	4	11.38
1973	2702	3	34.7
107	702	5	6.84
12	30560	3	11.65
161	1074	3	13.07
110	49799	3	33.98
2719	103	3	6.17
3542	5429	4	59.22
19633	14	8	44.13
378	21	6	11.29
2064	3464	7	98.06
19637	102	3	13.69
2791	1098	9	114.72
4078	105	3	9.47
879	1754	3	27.13
1794	155	4	23.42
295	1517	3	20.48
2339	402	3	24.88
137	1390	3	12.99
40027	14	3	12.18
128	529	7	27.17
106	1726	3	5.56
5549	12	8	15.36
472	110	5	7.08
22251	14	4	12.9
4519	106	4	16.75
15754	15557	5	107
602	12857	4	53.07
50033	106	3	31.31
3873	113	4	20.94
714	286	4	23.43
5902	14872	3	52.5
3668	347	13	157.35
576	908	60	813.21
3643	128	3	17.62
12	4382	6	6.15
2911	565	7	77.65
351	656	12	100.4
101	6359	7	23.59
899	2	6	8.45
20497	134	3	30.1
117	165	8	7.04
303	245	15	99.22
751	766	6	51.71
1066	1147	3	25.53
4545	111	33	357.43
12	37411	3	13.78
1505	2191	3	31.86
4574	466	3	29.62
849	849	9	88.23
12	5122	8	14.41
198	10403	7	82.55
12	6850	4	4.34
101	2232	6	7.29
103	3471	16	94.89
12	129	191	84.08
101	507	13	4.54
124	155	38	160.16
1497	395	3	22.07
14031	14	9	36.54
123	6282	3	20.41
185	2286	19	197.28
2	317	8	4.08
424	928	3	19.53
1377	107	4	8.28
6885	8	3	17.35
1198	398	4	29.86
1359	1308	6	64.87
22298	448	6	94.78
176	663	3	11.55
6870	12605	3	52.29
2433	12	12	14.62
128	10611	4	35.14
1092	134	4	17.37
1001	116	4	11.84
2	2735	13	64.7
12	1521	13	8.48
21095	14	5	17.39
12781	134	8	91.17
7701	107	3	14.34
417	760	18	176.62
12157	1232	4	57.7
4387	2294	3	38.59
745	332	3	17.06
5580	180	13	149.51
375	107	10	15.99
612	4740	14	194.66
347	102	24	22.23
5235	12	18	66.63
258	145	20	100.75
7	1560	3	4.73
637	160	9	50.39
284	11973	3	33.12
1583	2419	3	32.7
368	482	4	22.73
22104	14	7	38.61
29106	12	4	19.34
16537	111	3	22.6
16281	12	3	6.66
7291	101	3	6.04
884	102	11	10.91
1072	1094	14	163.08
2	11533	3	14.96
12	11070	3	4.36
711	5012	4	45.64
138	934	3	10.73
16695	105	3	18.48
5756	12	15	52.14
344	2260	5	45
1183	4791	4	49.17
1368	3186	3	33.52
6770	14	22	103.4
733	1481	3	25.18
103	29197	3	22.6
106	2224	3	6.97
106	515	11	22.99
106	2921	4	13.35
3161	2121	5	65.76
672	423	3	17.71
987	661	3	22.18
19732	14	4	11.5
111	2122	3	9.8
112	1331	3	7.42
203	1682	6	44.94
4034	27301	4	76.55
231	699	13	100.11
8229	101	3	6.82
149	24844	3	33.21
2	12294	3	15.45
5578	1411	3	37.22
12933	2075	10	183.85
531	206	5	24.89
1547	1443	3	29.42
7824	8737	5	91.07
1148	440	3	20.79
7987	163	3	25.37
7	3904	3	9.59
2362	104	3	6.31
222	528	5	25.68
19114	676	4	58.79
1393	107	3	4.81
7693	14	16	63.26
505	638	7	54.72
1254	761	11	119.24
4193	105	4	15.05
8604	783	4	51.48
4650	12	21	79.88
8	7469	3	18.15
2857	28035	3	54.33
13055	184	4	42.9
911	1490	7	73.75
23796	115	4	39.17
167	274	3	6.34
1591	3118	4	48.1
2385	12	22	50.96
860	418	3	18.97
128	341	32	197.24
5558	28643	5	108.63
1050	438	4	29.37
107	513	6	7.2
5751	103	4	16.18
1518	1456	111	2290.19
6691	4010	3	44.72
759	10809	3	38.11
842	101	15	16.8
2091	4190	3	37.71
172	735	6	32
2854	4527	3	40.24
11730	14	11	46.52
2879	12	9	9.34
1850	102	9	16.72
13542	14	9	36.54
405	704	4	26.06
3504	368	3	26.8
5136	12	22	92.44
117	533	3	4.43
454	2350	6	59.49
360	1120	5	37.88
1920	101	6	5.85
2949	103	3	6.62
188	830	5	27.23
12	818	36	45.01
101	6477	5	13.76
17127	7518	4	76.28
10390	14	12	48.72
112	9926	3	19.25
1700	8441	3	40.95
9193	4242	3	47.15
487	17909	3	39.18
102	54322	3	24.09
10219	6617	4	70.62
4058	394	3	28.04
6349	21	3	17.04
12	505	29	10.41
102	1246	8	8.14
454	3063	3	27.01
1033	429	8	69.57
1543	58	3	7.97
2913	106	4	13.35
150	3316	3	18.8
7071	117	14	138.86
16086	12	9	48.15
870	1065	4	34.34
40144	14	4	22.06
306	14	369	1510.01
153	1128	8	49.72
26054	14	4	14.69
103	2700	3	6.17
1142	1107	5	48.09
693	206	3	13.4
101	1523	10	13.96
54141	14	3	16.55
6219	14	26	134.99
314	107	7	5.62
102	7071	19	128.23
12470	3484	10	195
1402	101	8	7.5
17566	24613	3	64.9
2	4561	4	14.28
1867	288	8	73.57
17239	12	6	25.21
5399	10143	16	355.1
395	102	14	5.85
5601	795	3	33.82
15638	703	3	39.74
354	17519	7	104.91
572	1171	13	135.97
830	393	3	18.58
1274	127	3	11.53
339	13354	4	49.74
3567	18597	3	50.78
532	2262	6	60.76
2210	414	3	24.69
2722	12	13	19.97
27568	762	3	44.83
12	12383	3	5.13
135	2311	3	15.91
332	116	6	11.57
313	12329	12	186.05
801	268	3	16.03
14410	12	4	10.52
713	21331	3	43.15
8105	14	8	17.92
5367	106	5	24.73
102	27805	5	34.79
572	521	5	34.98
2363	4267	4	53.93
3983	123	3	17.53
1190	14	134	673.25
4324	185	4	33.2
1284	2463	4	44.46
294	1751	5	40.75
2095	367	7	67.6
4554	104	5	21.45
562	564	44	515.2
31544	132	4	48.94
2476	216	3	21.2
620	7762	3	34.47
58	6836	4	24.55
649	990	3	22.11
616	704	3	19.97
198	2048	16	158.52
133	7686	4	33.17
799	8	3	5.33
2239	109	35	284.42
12	23234	3	9.02
4333	106	5	22.68
12133	101	3	8.91
1550	42711	3	57.26
307	307	13	89.4
6549	14	24	118.54
516	2581	3	26.61
102	6833	3	6.55
215	354	3	10.35
10060	12	4	6.98
18086	106	3	19.91
693	648	13	126.38
10789	19511	4	82.11
313	2642	8	80.75
102	4383	5	11.52
25868	14	3	8.62
7432	101	4	10.22
209	7636	4	39.61
491	482	3	16.74
5450	244	3	26.82
522	258	3	13.44
521	374	11	86.42
15448	109	3	20.28
101	2340	5	5.02
101	4819	7	19.82
5970	553	4	45.46
101	6267	3	5.19
8718	444	3	33.56
12	1091	15	6.11
102	1815	10	20.05
9573	12	7	20.39
115	1578	3	9.65
1508	131	15	112.95
148	497	3	8.05
756	109	7	17.22
12641	12	3	5.13
8	29137	3	28.86
356	6935	6	71.13
220	3968	3	24
12	1691	16	17.62
35844	14	4	22.06
1140	591	33	414.63
22689	107	3	22.15
38436	120	3	34.01
16584	14	7	26.79
12	1411	18	18.21
3547	163	5	38.95
5613	31697	3	58.44
54643	48757	3	84.68
755	845	3	22.08
307	326	4	18.51
1135	2595	7	84.64
47569	14	3	16.55
396	234	6	31.26
31471	136	4	49.35
208	2703	6	51.31
1063	111	6	19.32
12	2654	15	26.52
793	698	3	21.25
247	12	42	4.17
2292	2	4	9.26
22570	5695	3	55.61
101	673	13	8.25
101	4637	5	10.65
102	5567	3	5.4
4157	830	3	32.07
110	25320	3	25.69
450	105	14	29.89
900	3070	3	30.72
50763	14	3	16.55
102	5720	4	9.51
12	2503	9	7.43
4275	101	4	6.21
220	109	31	91.36
113	26032	4	39.91
1068	1318	4	37.8
1134	1134	16	193.92
149	1610	9	63.72
6344	12	5	6.61
101	43776	3	22.98
108	6099	8	53.47
1362	174	3	15.55
1797	22050	4	68.04
7	2743	14	78.96
36397	14	3	12.18
159	444	3	8.52
8483	163	3	25.69
30008	14	5	27.58
15928	165	4	43.52
3269	615	3	28.99
826	13726	3	40
8542	157	3	25.38
19192	12	5	20.02
101	14523	3	10.44
135	427	5	15.94
136	303	7	22.84
1349	141	9	59.06
431	7250	3	32.21
107	2646	3	8.16
9237	107	3	15.6
159	627	3	10.27
105	433	9	12.06
320	1546	11	106.16
57	863	5	12.44
17795	14	8	37.98
953	3782	4	45.39
2518	157	5	35.13
58	114	29	18.64
367	1087	3	19.59
530	1247	3	22.38
12	9633	4	6.98
5127	14	11	21.55
230	3188	8	78.26
2784	14	45	182.71
853	3465	3	31.09
922	106	5	8.29
303	717	4	24.01
955	9043	6	85.79
17	483	5	12.57
3178	102	5	8.78
14458	1084	6	94.94
2054	334	3	23.02
8381	1632	3	40.7
456	435	7	48.83
454	667	31	336.35
103	1408	4	5.81
104	1671	3	4.52
510	4726	5	55.73
123	1426	10	62.43
351	5067	3	28.7
964	111	11	46.36
8885	451	7	92.37
2284	24290	3	51.42
478	1348	5	42.58
102	6025	5	14.72
2586	7	3	7.29
12	6378	5	6.93
12	839	22	12.63
103	1702	3	3.92
41648	14550	3	71.79
187	169	6	14.9
2	3419	3	7.47
12	23983	3	9.02
1297	644	3	23.72
6375	180	12	140
117	580	3	4.86
2021	6168	7	106.39
4392	101	4	6.38
9438	14	9	25.87
1093	12	60	165.35
27379	14	6	33.09
102	19818	4	21.18
115	650	4	8.87
284	5681	3	28.17
632	470	3	18
15373	694	5	72.47
12	3613	7	6.83
22822	14	6	27.48
104	282	14	18.17
184	466	8	42.8
307	35486	4	64.22
41028	14	4	22.06
14501	9061	3	55.57
103	2659	3	6.09
13978	23220	6	138.66
102	3055	5	8.47
5115	263	3	26.99
19659	13197	3	60.05
12	17147	3	6.66
148	259	3	4.89
118	1592	3	10.3
37522	14	4	22.06
333	4502	3	27.82
159	1783	4	23.72
7985	12	4	5.48
18983	12	3	7.32
1943	267	16	169.52
102	25805	3	15.89
105	5828	3	11.64
111	2670	3	11.02
12	14397	4	10.52
321	21832	4	54.91
101	9775	4	12.66
24765	1373	4	67.82
12	12067	4	8.48
1387	2513	3	32.13
22043	214	3	36
111	4993	4	21.92
38200	592	3	47.24
8903	163	5	49.08
102	8835	5	18.77
7685	119	3	20.54
138	3844	4	27.76
1668	12	19	25.94
109	4873	3	12.89
1370	28777	3	49.84
162	3795	7	60.46
29827	14	4	17.19
1850	130	3	13.84
22317	106	3	21.79
7523	104	3	12.93
2635	107	4	12.91
1361	22019	3	46.96
114	2945	5	26.04
137	103	64	107.41
2306	6864	7	110.14
496	177	45	397.75
19518	12	5	20.02
1117	109	13	55.66
4502	27772	3	55.54
131	183	5	6.79
2877	163	3	19.05
3901	165	3	20.89
103	27261	3	21.03
10991	745	4	53.29
102	18435	4	19.94
459	165	5	19.69
241	4464	5	47.91
13405	1405	3	43.18
7792	271	3	29.73
17574	12	5	18.34
1746	723	4	37.13
26435	101	3	14.79
102	3089	6	12.07
250	152	6	16.98
104	240	12	9.62
157	682	3	10.44
3006	625	4	40.56
102	6311	6	20.35
327	8390	3	31.54
6582	245	7	78.35
112	8518	4	26.76
2866	4977	4	56.86
101	8137	3	6.54
20707	14	6	24.36
104	1078	4	4.98
12	1202	24	28.4
2679	792	4	41.29
631	170	3	10.83
117	17105	3	24.53
7622	30916	3	60.42
3077	12	7	5.25
3918	1019	14	201.74
874	17	3	7.59
146	170	5	6.77
12	18340	3	7.32
1229	107	6	15.4
9696	207	5	54.93
27880	180	3	37.21
414	615	4	25.23
1619	2435	6	74.51
101	2878	4	3.9
2	3489	4	12.26
101	885	9	4.47
125	931	3	9.6
1553	25185	4	68.75
495	8931	3	34.1
4276	312	5	50.25
7493	17388	3	55.69
1174	14	106	416.11
121	1623	5	24.52
102	6059	3	5.94
510	576	3	17.86
415	1107	3	20.35
12	7121	4	4.6
179	479	3	10.22
149	1256	14	104.59
209	190	3	5.91
302	263	66	656.06
902	58	3	5.22
19200	6914	3	56.01
854	4552	3	32.83
317	1054	11	97.09
196	187	3	5.35
4855	419	3	29.42
1555	5316	3	37.35
438	1529	3	22.62
7420	2	4	18.16
32310	14	3	10.08
912	738	3	22.3
102	11880	4	15.74
6321	9988	4	69.4
141	1723	5	29.25
648	241	10	71.43
1635	1948	3	31.59
1824	17	3	11.75
233	1793	10	90.75
5517	12	6	8.38
225	218	3	7.62
110	1385	6	21.12
1312	2650	11	148.72
194	102	366	1772.12
4317	106	6	29.48
11093	14	4	6.11
8234	2655	3	43.65
3029	842	18	253.58
53313	14	3	16.55
7723	17	5	39.49
19601	14	7	32.71
191	2260	3	19.39
257	901	3	16.37
1722	101	10	16.04
128	605	11	55.27
165	253	3	5.77
14078	593	5	70
12	10132	4	7.44
530	1585	4	34.06
58	464	61	392.12
201	1211	3	16.13
15895	12	3	6.66
235	122	6	11.81
51485	14	3	16.55
499	2260	3	25.71
3048	103	3	6.81
9236	159	3	26.29
108	992	8	23.7
13841	101	3	9.88
133	1573	5	27.34
4113	1357	14	212.44
1373	17473	4	63.09
390	190	7	33.88
1410	851	3	25.67
11509	35079	4	93.85
2765	113	19	151.16
182	641	3	11.91
24156	12	3	10.16
4937	130	3	19.71
21083	102	4	21.18
2703	166	3	18.81
4662	109	3	12.72
11752	3199	3	47.07
600	120	6	20.5
1304	107	3	4.5
794	291	3	16.56
28539	33874	3	73.45
208	18083	3	33.87
102	1798	8	12.8
3093	44478	3	61.5
12	1011	23	19.8
24901	676	3	44.08
14063	14	10	44.61
10870	1629	8	133.3
3448	2976	4	54.08
909	28031	3	47.3
101	18462	3	11.78
103	38348	3	24.82
6689	101	4	9.58
3805	11978	4	66.85
3246	486	3	27.71
1284	26005	3	47.82
31445	14	4	17.19
2944	105	7	29.57
389	1219	3	20.71
52709	14	3	16.55
102	155	144	291.27
384	291	13	93.83
516	208	3	11.87
12	5946	5	6.02
2904	12	11	15.31
28	41075	4	61.04
102	4336	15	69.38
23050	106	3	21.79
309	3219	4	35.9
12683	101	3	9.37
102	2883	5	8.02
1810	110	5	18.4
13709	14	3	4.23
18809	14	7	29.34
1866	4399	3	37.29
871	101	14	14.78
9729	106	4	23.33
1838	107	3	6.19
102	18229	4	19.94
6192	12	12	37.13
886	13	3	13.56
2473	18552	4	67.81
533	127	4	11.34
797	102	10	7.44
22042	14	3	7.51
109	21928	3	23.58
12	11536	3	4.72
525	21	161	1505.79
11773	2	3	14.96
736	17502	3	41.44
19764	14	5	17.39
12732	14	9	34.12
46160	14	3	16.55
7	1740	13	58.66
733	150	3	10.12
5332	2182	3	39.49
888	14	22	7.38
410	699	4	26.08
6190	185	4	36.33
51360	14	3	16.55
36128	35	4	48.05
226	145	24	122.82
835	1585	5	49.08
13235	14	3	4.23
292	5192	10	119.11
138	2427	3	16.32
1244	22997	3	46.34
109	20782	3	22.57
2506	4080	4	53.88
10225	21866	4	83.05
431	1484	9	87.43
17204	12	5	18.34
200	423	4	16.25
102	15573	3	11.49
6704	14	22	103.4
22529	14	4	12.9
131	354	3	5.5
1311	101	10	11.71
317	5390	5	53.14
365	17806	3	37.72
102	26359	4	24.56
105	2095	4	10.07
267	17169	7	100.65
3017	2803	5	67.9
682	3552	3	30.02
25970	174	4	50.42
289	18539	3	36.34
101	15829	3	11.07
21	62	28	199.42
126	15442	3	26.8
12960	12	3	5.13
246	9415	3	30.34
296	8156	10	131.08
102	8265	3	7.8
9744	117	10	99.42
27021	14	6	33.09
12722	161	3	28.51
2935	162	3	19.13
28	54680	3	45.77
536	753	6	47.6
607	104	11	22.68
35751	14	4	22.06
105	681	6	8
3678	14	40	185.8
129	3603	3	17.69
750	10690	4	52.77
4979	101	4	7.32
12423	12	3	5.13
17528	2	4	26.84
12	14798	5	15.74
111	1205	3	6.58
8	678	10	36.69
463	113	8	21.19
1484	1315	3	28.6
5668	911	13	193.8
330	124	11	42.39
5918	14	29	159.96
440	1318	7	62.96
27363	14	3	8.62
14330	17607	3	59.72
12	48152	3	18.18
29639	14	5	27.58
105	2355	3	6.58
1568	249	6	47.2
1293	1453	3	28.35
751	672	8	71.4
181	331	109	1109.44
117	257	10	23.3
101	6329	3	5.19
599	847	3	20.81
186	242	3	6.82
2258	16	5	24.01
700	146	3	9.61
12	285	53	24.22
14327	15636	3	58.29
12171	1038	4	56.29
124	251	6	13.02
2769	276	3	23.59
1469	491	3	22.95
356	1644	8	74.82
4937	102	5	12.82
628	106	5	5.65
17	290	7	15.97
1602	1491	3	29.81
9469	101	3	7.42
2017	175	8	63.72
488	7302	3	32.85
6787	131	4	31.55
4422	14	28	111.95
13561	536	3	37.62
183	767	3	12.92
1113	105	4	5.58
101	2054	12	26.99
102	871	18	31.43
1130	15539	9	155.49
8	15913	3	23.4
480	177	22	160.43
577	847	3	20.63
1503	2005	3	31.24
516	172	9	49.43
104	852	8	16.15
101	1312	8	6.78
122	103	90	160.92
17988	14	6	22.03
108	11131	6	44.98
1602	105	4	8.13
48979	14	3	16.55
307	214	9	47.56
3342	263	15	173.92
101	16709	3	11.07
768	12	29	24.68
19663	12	4	13.55
106	860	4	4.81
194	130	5	7.16
4207	42416	3	63.37
1281	8198	11	179
7	4700	12	77.99
8368	2627	3	43.55
15658	14	11	60.67
14396	123	4	37.83
17625	101	5	26.11
137	202	4	5.67
10782	12	10	42.01
777	744	3	21.61
29469	102	3	17.44
101	9133	3	7.42
1935	1620	3	31.53
500	1643	3	23.7
2866	13785	3	47.57
29556	14	3	10.08
103	15460	3	16.53
30581	101	3	16.33
917	104	6	9.91
13578	871	3	40.28
1305	1162	5	50.11
1155	2604	3	31.04
196	161	3	4.03
346	917	3	18.35
7659	106	4	21.07
128	2272	6	38.35
164	447	9	45.07
430	104	6	4.04
2479	101	8	14.86
12	16014	3	6.66
2272	7	3	6.67
2785	291	14	158.25
111	301	5	5.1
677	806	5	40.42
169	216	4	8.75
198	3937	16	182.22
6627	12	4	4.34
4110	127	3	18.42
3322	14	44	202.83
4824	120	3	18.13
17105	14	10	55.16
610	115	4	8.49
5997	117	27	322.07
37158	14	4	22.06
818	3059	4	42.61
12538	371	5	64.82
10522	131	5	47
102	2279	5	6.17
12	3598	11	19.09
11278	106	9	73.8
18121	107	3	20.27
19249	31998	3	67.36
102	430	19	16.39
12	6199	9	21.96
101	8184	3	6.82
17839	286	6	83.94
1496	447	3	22.59
102	6332	7	26.05
15125	14	3	4.7
102	3134	10	30.17
12266	180	5	55.93
2261	102	11	28.72
404	8322	3	32.85
630	486	3	18.14
155	439	3	8.23
38164	14	3	12.18
361	1485	5	40.97
1925	703	3	26.62
1018	14543	9	153.86
133	12141	3	25.97
244	103	20	26.74
3751	3751	4	56.61
8315	107	3	14.93
5985	421	6	70.85
12	4787	8	13.54
8627	44709	3	68.1
280	8235	7	85.05
1593	111	13	72.65
413	285	4	19.71
102	7881	9	44.04
351	231	14	93.03
11819	12	4	8.48
311	463	3	14.14
121	1656	6	31.85
16619	184	6	74.96
30534	14	3	10.08
101	868	13	12.23
247	2271	7	62.72
388	358	5	28.64
4023	2	5	18.81
21629	924	3	44.53
23739	14	7	38.61
1772	1304	3	29.61
999	614	4	31.44
4579	127	3	19.05
299	43450	3	48.04
2051	12	10	7.09
208	5548	6	60.24
277	112	13	31.65
3348	8	5	27.03
102	2682	7	14.31
1781	716	4	37.24
12	7399	5	8
1619	7960	4	56.32
103	4826	5	20.58
198	11787	6	70.43
6237	9832	3	50
11570	7196	14	321.24
311	1414	4	29.42
33634	12	3	13.78
122	328	3	4.26
9054	42614	3	68.46
12	16575	3	6.66
2158	241	25	291.14
307	204	7	32.52
3524	341	5	49.3
586	149	4	14.22
2351	3130	3	36.65
4204	661	7	85.06
4716	9	35	403.93
1870	119	4	18.33
12	4394	7	8.89
103	5322	7	35.13
546	930	3	20.77
37959	14	4	22.06
103	7674	4	18.48
8655	16	3	19.58
12	924	19	9.49
1779	2922	3	34.61
2196	14	68	329.5
663	419	11	93.47
102	51323	3	24.09
12237	1505	3	42.49
102	3367	10	31.73
694	1589	23	294.54
2	1630	5	10.47
30623	117	5	61.21
1749	2141	3	32.63
140	11512	3	26.46
1503	845	3	26.01
121	5307	5	36.56
446	1558	4	32.73
963	128	5	21.41
102	8077	3	7.52
3212	2145	3	36.27
8987	102	3	8.1
1625	328	15	157.19
107	141	24	20.55
10067	14	4	5.22
102	27204	4	24.56
44723	12	3	18.18
112	2015	14	88.5
6178	200	3	26.07
3534	314	4	36.81
562	2005	8	84.51
36985	14	3	12.18
20480	12	4	13.55
493	12	38	24.86
12	14925	3	6.09
709	246	3	14.72
3329	227	3	23.3
893	12333	3	39.92
185	13447	9	119.19
3536	14	44	215.69
25859	12	5	25
508	3690	3	28.64
829	111	3	4.82
7413	103	3	11.79
106	792	7	13.99
1426	1641	5	54.73
226	1633	3	19.08
409	54407	3	49.81
771	28	209	3223.55
108	366	6	6.06
2343	5913	7	107.94
26081	8283	3	59.45
313	9048	15	225.26
12	15675	3	6.66
367	113	5	7.54
1306	737	11	119.36
16525	14	9	43.27
109	1088	4	8.12
703	104	7	10.62
1183	1888	3	29.36
409	2516	4	36.28
1018	2579	14	188.28
134	8233	6	56.95
488	430	5	31.96
1605	312	11	106.79
1568	3111	4	47.95
938	337	4	26.75
2438	107	5	17.7
340	103	8	4.75
30313	117	3	30
2906	1111	4	44.6
216	5215	5	48.02
24616	102	3	15.89
2010	1422	4	43.61
2	1932	4	8.01
2357	102	17	60.35
1442	21380	3	47.27
10217	2858	3	45.62
187	298	3	8.17
14215	12	3	5.58
9229	145	3	25
5233	101	3	4.34
349	103	25	60.03
2398	14	58	257.37
121	8254	6	52.66
103	5528	4	15.64
276	149	283	3205.8
255	12548	9	124.6
488	629	9	74.35
998	201	7	46.87
18294	102	5	27.94
3424	2	3	7.47
272	337	3	11.68
211	112	11	17.5
10081	58	3	19.04
2919	14	37	132.84
793	1395	4	36.03
104	2885	3	7.31
5665	37850	4	87.04
9614	6949	3	50.75
1599	156	5	30.46
930	146	5	23.35
893	472	3	19.87
121	6856	8	71.46
355	251	6	30.75
10868	458	3	35.35
579	126	4	11.86
1143	503	7	62.02
123	905	4	14.17
34181	131	4	53.48
102	811	14	17.22
13	823	3	13.17
10778	13319	3	56.17
2	2128	19	100.17
36806	14	4	22.06
242	1087	3	16.93
4809	145	6	50.38
116	158	10	10.85
917	1619	7	75.16
11560	427	4	49.9
4698	101	7	19.42
289	1764	3	21.23
11378	14164	6	124.21
27326	14	4	14.69
2927	849	4	42.6
44303	12	3	18.18
7171	5692	9	166.81
14727	14727	4	81.76
1828	103	25	138.23
8934	2913	3	44.6
979	886	6	55.95
169	6768	3	24.72
1151	948	6	58.36
800	12	20	8.36
19024	544	5	74.75
7209	12	4	4.87
194	306	3	8.67
1462	772	9	96.75
7152	239	6	65.91
440	3374	3	27.42
1151	5756	4	50.5
329	194	3	8.96
266	759	33	337.09
34292	12	4	24.25
218	10436	3	30.22
3467	14	42	192.4
252	15480	5	62.72
113	622	10	35.54
11646	114	5	41.45
398	6815	4	44.26
380	879	3	18.61
7	6296	4	18.79
195	637	4	18.82
1785	600	3	25.26
319	105	36	117.99
110	6552	9	68.53
4521	18217	4	72.89
253	3208	3	23.72
527	520	3	17.4
12	10242	3	4.03
27026	12	3	10.16
23736	112	3	25.47
202	140	4	5.88
10269	394	4	48.2
2214	149	7	50.7
139	110	12	5.48
648	1585	4	35.62
2757	1783	6	77.2
5408	12	6	8.38
3561	141	3	18.71
3661	12	11	19.53
500	135	4	12.02
665	9259	4	50.68
317	3155	3	25.27
1365	217	7	53.04
1588	101	7	6.48
106	252	10	8.63
46349	14	3	16.55
406	16	5	8.88
1427	116	5	20.25
1078	102	7	4.4
1153	4254	5	62.11
41944	6661	3	66.33
12	14505	3	6.09
682	150	3	9.76
1666	7	3	5.06
530	241	4	19.72
2054	32030	3	52.28
2125	101	7	9.63
1512	325	6	50.21
51453	14	3	16.55
102	11765	3	9.95
3950	1566	4	49.85
12	13083	3	5.13
10781	676	4	52.49
7965	184	3	26.99
1425	208	5	34.27
40580	14	3	12.18
3758	16228	3	50.42
690	15304	5	72.43
9653	12	9	31.84
134	377	6	19.97
737	398	3	17.99
291	1	12	46.65
5567	1915	4	54.31
133	9219	6	58.11
2217	2475	4	49.06
45371	14	3	16.55
12	4627	5	4.36
8049	107	3	14.63
2	6208	3	10.87
5459	383	3	29.74
1619	107	4	9.41
1144	247	5	33.98
102	3851	32	205.91
726	1227	8	80.01
2773	1972	3	34.9
101	2481	5	5.45
125	5033	11	102.65
240	17	8	16.95
16	5737	3	16.91
1504	7709	3	39.52
18015	12	3	7.32
2187	12	9	6.05
1170	102	13	21.41
455	7459	7	89.94
116	190	7	7.32
389	7369	3	31.79
8793	394	3	33.07
119	7251	3	20.25
104	195	22	27.43
53153	14	3	16.55
153	3500	4	28.6
104	2547	5	15.72
29834	12	3	11.65
102	4713	3	4.64
215	269	5	19.26
12	3509	8	9.2
519	142	4	12.78
783	8	43	298.8
149	2165	4	24.16
1299	17636	4	62.57
48955	12	3	18.18
16	7	122	229.79
507	11186	3	35.79
102	33002	3	17.44
213	890	3	14.94
116	870	5	15.63
1152	8	3	6.98
105	585	7	9.6
199	160	3	4.04
103	16080	3	17.19
678	3545	5	55.35
5129	106	4	17.68
781	27677	3	44.91
1102	3587	16	234.81
11461	2155	3	44.78
7145	14	16	58.75
435	1039	3	20.22
22010	14	5	19.46
53532	14	3	16.55
141	6036	14	152.93
19668	14	6	24.36
842	2897	9	111.41
6096	12	8	16.97
3022	33775	3	56.78
26671	14	4	14.69
5457	404	20	292.26
12	27185	3	10.16
40577	117	3	32.23
986	1461	4	38
921	387	7	56.45
195	8158	3	27.48
798	467	7	56.73
109	2653	3	9.47
835	241	3	15.55
109	1048	3	4.51
101	9414	3	7.42
12	9785	4	6.98
4136	494	3	29.22
39951	162	3	38.05
677	154	8	42.46
3331	12	7	5.99
140	1054	20	152.94
327	4485	7	76.79
647	5637	4	46.06
7347	4167	4	63.13
110	4608	16	130.81
410	2990	3	26.46
411	102	131	581.3
17	1519	3	10.67
7969	21	5	36.62
181	1837	12	105.03
12	16536	3	6.66
5770	2336	3	40.53
2282	104	3	6.09
507	9183	6	78.75
128	10584	6	58.51
1891	2472	3	33.92
102	2508	8	17.39
214	2	27	42.53
12	1514	11	4.85
31022	14	4	17.19
12	5713	7	12.11
103	4847	7	33.77
381	769	5	35.09
216	4305	4	34.88
102	4262	4	7.43
991	2522	3	30.11
3248	3546	3	39.3
104	2273	3	6.09
696	120	4	11.58
2	296	17	25.21
282	3742	3	25.59
23742	282	3	38.05
335	173	4	12.96
5315	1307	3	36.32
2906	16660	3	48.95
13915	160	4	41.42
488	155	7	31.57
39804	14	3	12.18
360	5543	3	29.4
101	4686	5	10.65
42412	104	3	30.2
863	137	6	28.54
102	3398	7	17.29
37859	1124	4	73.61
102	1418	26	87.73
597	400	5	33.25
7406	122	4	30.98
102	1680	10	18.58
20941	14	4	11.5
39689	14	4	22.06
117	203	5	3.91
364	6693	6	70.77
13590	14	11	53.92
389	704	6	43.64
288	106	10	10.96
417	28179	3	43.13
15246	14	11	60.67
11400	375	3	34.32
2386	102	4	3.86
174	3988	3	21.83
361	46674	3	49.11
3436	101	4	4.9
431	182	6	27.7
10500	159	3	27.06
6910	5079	4	64.6
102	10641	3	9.13
21566	12	3	9.02
231	2008	3	20.45
114	1792	6	27.41
58	1005	4	9.59
8634	1734	3	41.4
38116	14	4	22.06
163	424	11	58.27
57	219	17	38.81
7446	716	3	34.9
835	279	16	142.63
15595	101	3	10.44
159	486	3	8.98
706	629	4	29.12
107	158	15	7.93
675	3212	3	29.31
5509	805	4	47.35
495	112	5	8.66
38651	14	3	12.18
976	172	3	13.45
108	23488	3	23.02
16665	101	3	11.07
138	905	7	36.17
4415	3354	3	40.99
807	106	7	14.16
1071	439	3	20.4
3630	134	3	18.46
8387	14	19	96.99
105	511	11	20.72
296	34919	3	43.5
2840	107	3	8.52
767	146	15	98.18
105	2228	3	6.37
8239	109	3	16.34
7	6846	3	12.79
36511	14	4	22.06
17763	14	9	49.64
1016	308	9	74.61
5735	13	4	35.57
1895	106	6	19.7
4318	9047	3	47.3
12	2888	11	14.98
2833	101	8	16.68
101	3012	4	4.1
35812	14	4	22.06
101	6450	7	24.16
6036	428	3	30.94
27310	14	6	33.09
2078	353	5	44.31
187	4545	3	23.43
4847	421	9	110.09
5709	102	3	5.57
823	473	4	28.2
1411	279	4	28.47
3689	224	4	33.98
117	935	3	6.98
1167	126	3	10.76
165	10463	3	27.3
9881	14	8	21.8
4237	190	3	23.02
156	6995	4	34.72
25774	12	3	10.16
123	4664	3	18.62
58	13149	6	51.71
101	1180	11	12.26
3797	982	3	32.44
16081	14	4	9.39
48168	14	3	16.55
9	27946	5	58.97
11962	106	4	25.1
258	1335	3	18.71
14222	209	4	45.19
108	1784	4	11.11
1453	121	3	11.04
283	9001	3	31.09
9540	7	3	15.2
2721	102	10	27.43
710	196	10	67.1
134	17654	4	41.88
2370	16	7	38.99
1316	111	4	11.64
944	1141	10	107.72
112	7399	7	53.53
103	10003	3	13.67
369	737	4	25.74
530	279	4	21.03
739	347	6	42.81
30729	14	5	27.58
285	1655	3	20.74
159	248	3	5.5
17437	21723	4	88.67
57	2249	4	15.56
1818	111	4	14
1213	109	4	8.91
1659	369	3	22.3
24865	12	3	10.16
921	153	12	80.1
204	106	33	77.17
837	834	10	99.72
8999	14	15	63.7
10021	101	3	7.75
13921	12	3	5.58
3239	101	9	22.91
169	103	24	18.5
103	12579	3	15.41
35	45244	3	36.04
8810	2295	4	60.15
733	4742	4	45.36
21377	12	4	14.98
57	2896	8	46.34
57	803	19	93.79
5331	579	3	31.72
2850	20264	3	50.48
5091	165	3	22.67
2530	101	6	8.38
1847	114	7	34.75
103	2540	3	5.85
181	17091	3	31.74
6381	12	6	10.26
158	105	564	4030.53
14298	12548	3	57.14
2	532	8	8.89
12	2015	12	11.18
102	764	76	338.01
29800	1425	5	94.62
13	6411	4	36.51
24488	101	3	14.79
2284	3907	5	68.79
12	17029	3	6.66
176	194	6	16.66
213	12	53	7.06
53842	12	3	18.18
852	404	14	131.79
425	161	6	24.63
1357	6766	7	102.47
7215	12453	3	52.82
1448	2518	4	45.63
15471	14	5	13.21
4055	14	7	5.35
102	3889	10	34.39
12652	1007	5	73.7
12	24025	3	9.02
14040	210	6	74.15
10552	104	7	48.66
1033	845	4	33.94
549	988	4	30.55
28758	7837	4	85.15
117	366	4	5.75
23025	12	4	14.98
118	5880	5	35.32
4934	1053	13	193.23
28057	35	5	60.07
269	420	3	12.73
21994	14	6	27.48
102	6436	4	10.6
20528	21	6	62.52
2	2222	6	18.07
103	2842	5	15.41
6415	2566	9	148.43
101	4145	7	17.63
280	2676	19	224.45
2	2935	14	74.06
2774	106	7	30.4
2008	4283	3	37.56
12	1322	22	26.94
478	502	3	16.81
101	5908	3	4.83
3993	12	7	8.05
115	833	3	6.3
23743	193	4	49.91
15714	12	4	11.38
3462	5539	3	42.39
106	12232	3	16.88
5469	729	3	33.11
304	171	13	67.5
3941	1543	6	79.83
130	11776	4	36.51
6315	14	25	123.9
40261	14	4	22.06
13127	102	3	10.41
127	2415	8	56.76
129	29672	5	66.48
1240	7	10	33.11
29026	12	4	19.34
12	640	33	26.42
4846	501	3	30.28
101	4234	4	6.21
103	5470	3	10.01
2605	12409	5	83.44
8651	5412	3	48.39
1434	101	13	22.51
11510	8	3	21.09
4844	18628	9	194.35
3829	678	3	30.53
103	3208	3	7
24840	4188	3	54.89
312	181	5	18.23
221	192	3	6.43
2195	1792	5	60.22
101	307	25	14.61
12	423	29	6.72
460	2055	3	24.73
455	107	5	4.07
40240	14	3	12.18
1645	17	3	11.15
444	11042	6	80.12
1296	101	7	4.56
3517	21032	3	51.65
5999	114	3	16.85
344	137	6	19.23
1062	9037	3	38.66
45703	14	3	16.55
1724	127	3	13.27
464	101	17	9.7
11494	6395	13	285.56
3364	146	9	76.6
137	305	3	5.34
1460	20941	3	46.29
7681	102	10	50.44
1453	110	5	16.19
593	2276	3	26.76
3497	106	7	33.61
7348	107	4	21.16
1249	14	108	467.35
644	17	4	10.29
107	632	5	6.15
706	155	9	50.94
7114	255	3	28.78
7661	14	22	121.35
321	5606	4	40.93
2783	12	11	14.36
3710	427	17	223.29
110	962	5	12.41
3986	106	22	170.26
405	1219	4	30.16
107	7884	3	14.63
202	155	4	7.16
4387	111	3	13.84
1766	14	57	191.53
234	413	3	11.78
12	10259	3	4.03
375	32919	5	82.24
54585	14	3	16.55
12	11852	4	8.48
1323	24665	3	48.05
102	15374	5	25.22
886	2155	3	28.56
3407	1090	3	32.3
951	101	17	25.26
9744	475	3	34.7
671	1153	4	32.99
1121	21	4	11.44
275	1020	8	62.27
4093	21658	6	120.84
321	10150	4	46.48
781	5283	10	138.03
114	12586	4	31.72
12	2558	8	5.64
2530	18647	3	48.81
102	8035	3	7.52
695	6164	5	61.36
12	4308	10	19.08
1503	564	3	23.81
16021	12	4	11.38
12	878	39	58.1
103	2061	14	63.19
10156	12	3	4.03
127	568	5	16.87
6801	21	15	145.21
58	14072	4	31.18
20776	245	3	35.95
102	4174	3	4.01
103	3778	4	12.7
12957	14	12	59.27
26011	14	4	14.69
145	192	6	12.19
1438	40119	4	75.73
424	206	7	36.99
18558	101	3	11.78
107	13747	4	27.03
1263	957	40	571.22
7496	291	3	30.3
110	15205	3	21.15
10932	122	3	24.16
102	5035	7	22.63
6005	12	5	6.31
12	5826	5	6.02
46438	14	3	16.55
102	280	18	5.7
10668	14	5	9.15
25473	101	3	14.79
102	2397	7	13
12	3189	7	5.61
1235	8	3	7.47
713	8351	4	50.28
29462	18527	3	66.49
12	7433	5	8
19978	14	3	6.62
11743	448	10	150.9
11479	101	3	8.91
4166	12	8	11.29
11868	198	3	30.22
379	1369	4	30.78
6989	101	3	5.81
508	597	3	18.01
102	13179	3	10.41
2690	12	11	13.76
1671	102	19	58.31
111	656	3	3.85
205	240	4	12.28
102	10670	3	9.13
8934	287	3	31.14
429	58	4	4.62
5700	126	3	20.23
532	3793	10	122.83
2	8466	3	12.69
28	33047	5	76.3
39887	14	3	12.18
192	704	7	41.3
57	1064	4	9.7
2811	667	10	121.02
7	7	1362	6785.75
1352	19780	6	104.09
9032	180	7	78.51
18847	490	4	55.18
12031	14	11	46.52
330	225	8	42.46
7483	102	4	11.92
2247	147	6	41.06
1436	11220	5	75.62
1158	14	140	711.19
2987	111	6	31.72
12	9147	4	6.56
372	346	3	13.7
107	190	25	43.15
108	1309	7	22.82
142	16681	6	68.78
160	137	26	103.89
8995	24194	3	59.78
2004	338	3	22.95
1523	171	3	15.71
28	7795	22	336.25
113	1117	4	11.27
3711	12	6	4.7
235	16	8	12.86
1828	1011	4	40.04
2268	2598	5	64.31
638	14	111	286.08
208	16049	3	33.11
6988	14	14	45.93
1082	107	4	6.49
1255	18158	3	44.49
1149	250	3	17.41
702	145	6	27.15
103	31886	3	22.6
368	901	3	18.64
2538	2346	4	49.65
2415	2610	3	35.78
2093	101	8	12.59
409	24000	3	40.25
141	247	14	58.74
286	18367	3	36.23
135	3220	5	34.82
12	8654	8	23.72
12	10387	3	4.03
2658	406	3	25.67
14296	101	3	9.88
5440	12	6	8.38
135	973	3	10.84
808	127	7	32.32
963	32333	3	47.6
106	2861	4	13.22
40394	14	4	22.06
196	892	6	36.63
107	571	9	18.31
485	15029	3	37.74
12	28475	3	11.65
14743	814	3	40.52
22398	14	3	7.51
4751	199	3	24.17
2225	169	3	18.03
4438	105	4	15.65
203	11882	3	30.57
1778	4794	7	100.86
1166	107	3	3.85
13437	7482	3	53.66
102	18696	5	27.94
1357	314	3	20.15
133	10760	3	25.51
4478	12	6	6.39
338	220	4	15.76
18047	12	3	7.32
2591	1275	4	44.77
6996	1122	3	37.1
101	4310	5	9.92
351	3346	3	26.31
562	15076	3	38.48
277	784	3	16.12
215	203	3	6.83
12	1209	16	9.75
102	418	61	171.32
2229	1085	3	29.89
395	165	7	30.53
7037	101	3	5.81
1643	14	82	354
14917	147	3	28.41
4426	1218	3	34.74
150	255	3	4.88
28568	12	3	11.65
4906	12	5	4.78
969	635	4	31.53
422	492	3	16.09
421	116	10	32.37
3141	12	9	10.35
8413	104	3	13.52
12	3873	9	13.43
1994	10070	9	153.54
284	3319	5	46.77
102	4598	8	26.67
18956	14	8	37.98
102	6320	3	6.13
19358	748	3	42.48
370	758	8	63.31
443	102	37	72.18
11252	5103	4	68.83
110	5439	4	21.66
4430	275	3	26.36
107	297	9	9.88
110	1976	5	19.16
22188	102	3	14.68
1150	1752	3	28.62
129	3615	6	43.98
1017	7692	3	37.09
3261	3547	4	54.86
3323	105	6	24.83
7	266	8	4.75
798	1164	37	498.62
193	18923	3	33.15
6944	9	4	25.66
101	10557	3	8.11
1006	127	3	10.12
14110	101	3	9.88
37143	12	3	13.78
12	8448	5	9.3
262	1029	3	17.17
1767	101	6	5.11
4071	312	3	26.62
4705	5850	6	99.03
3528	249	4	34.72
4410	834	4	45.86
2173	118	4	18.46
533	6529	5	59.71
7149	102	3	6.77
106	6041	3	12.51
346	699	6	42.1
571	200	16	117.47
640	640	4	28.65
53575	14	3	16.55
191	2884	5	39.9
525	132	5	17.14
26232	14	4	14.69
3361	1079	4	45.43
328	232	5	22.27
20973	14	5	17.39
12	1662	10	4.51
341	13722	9	133.02
969	873	3	23.54
10784	101	3	8.49
336	2345	3	23.88
1199	154	11	77.22
5416	207	3	25.62
336	707	6	41.92
26684	184	6	88.41
116	835	3	6.46
7459	733	3	35.32
115	951	7	27.09
28242	12	3	11.65
12	1448	12	5.87
45214	14	3	16.55
132	25645	3	32.14
4445	113	5	30
121	4455	3	17.65
698	165	3	11
12	1018	22	17.74
4373	1050	3	33.65
53216	150	3	41.52
3485	103	3	7.54
201	10632	5	55.1
337	143	6	19.65
31095	14	5	27.58
146	431	3	7.28
117	269	5	6.38
4577	188	3	23.46
4988	2844	3	40.67
786	281	5	32.26
1710	2520	3	33.45
12	17748	4	12.38
179	217	5	14.18
302	2245	9	89.73
575	393	4	24.51
12	305	60	42.25
311	179	3	8.05
598	2845	6	64.85
1269	102	6	3.96
19438	12	7	36.5
101	1349	11	15.07
255	29373	3	40.12
185	837	9	59.7
104	793	5	5.83
1510	104	3	4.03
2494	19786	3	49.59
556	182	13	85.52
125	23367	3	30.09
341	16400	3	36.58
846	112	3	5.09
10305	451	6	79.42
4201	2405	6	86.45
53657	35	3	36.04
984	9221	5	69.64
44313	35	3	36.04
625	1195	3	22.98
363	1980	30	383.89
21425	12	6	30.73
12	1617	11	5.79
2228	14	44	146.72
3157	3360	9	138.83
2	6829	3	11.33
2555	107	3	7.9
102	4356	5	11.52
1090	231	3	16.64
124	242	4	5.81
2570	10848	6	100.83
1815	425	4	33.76
2	3932	7	30.81
219	808	4	21.66
12	6891	5	7.62
20907	12	3	8.09
30284	14	3	10.08
5014	102	4	8.59
1676	3338	3	34.92
162	13182	6	67.18
4838	107	3	11.52
10553	977	3	39
1410	4700	5	65.53
115	1551	3	9.6
14882	14	8	31.63
543	1908	5	47.09
387	2218	5	46.06
49830	117	3	36.72
4056	101	4	5.89
5869	101	3	4.83
12	991	28	31.67
23752	14	7	38.61
445	5293	3	30.25
2026	106	6	20.51
12	10654	3	4.03
399	113	4	5.14
29310	14	4	17.19
19634	12	3	8.09
230	130	6	12.92
174	282	15	81.84
102	16422	8	54.32
6749	37168	3	61.83
9750	4964	4	67.42
22915	14	6	27.48
540	369	5	31.55
240	8686	13	177.74
3742	14	29	103.48
1689	103	4	7.01
6773	394	4	44.22
637	1714	3	25.36
1725	106	15	73.89
15829	3734	7	134.6
181	13185	3	29.91
258	1633	5	38.39
443	130	3	6.27
13122	7308	3	52.82
495	259	3	13.23
4103	14	41	226.16
2	9753	6	36.79
463	133	13	66.25
4311	17539	6	116.09
58	889	8	27.74
112	517	22	100
7592	106	4	21.07
156	11139	3	27.24
26938	14	3	8.62
37420	14	4	22.06
3262	107	8	40.25
12	29568	3	11.65
505	104	6	5.01
798	7191	4	49.9
1215	7162	4	52.71
345	273	3	11.81
6574	12	4	4.1
1081	336	4	27.73
191	194	4	9.1
657	15214	3	39.38
43211	131	3	40.11
5406	19397	8	174.71
12720	111	3	20.79
322	301	9	55.63
134	4119	7	57.52
109	22091	3	23.58
694	10951	4	52.69
31870	12	4	19.34
913	729	5	42.2
11130	12	4	7.94
8	12534	7	65.11
102	3757	4	6.62
2	1242	7	15.35
102	2016	11	26.04
101	4343	5	9.92
547	126	10	45.8
3928	2053	6	83.51
6136	1721	5	70.36
1978	1625	3	31.6
5175	14	21	74.14
6188	8662	3	49.27
146	158	5	5.84
17	786	19	112.88
2860	102	15	55.74
1413	1901	4	43.23
1894	105	6	18.41
551	123	4	10.85
2951	14	44	183.2
3490	1084	23	358.23
6468	547	3	32.63
35	38554	4	48.05
127	2885	4	24.08
101	164	44	10.13
27616	474	3	42.2
127	912	4	14.98
49837	14	3	16.55
101	4032	7	17.3
1142	312	6	46.16
836	10852	9	140.84
726	21627	4	60.84
9848	1623	3	41.71
30109	14	3	10.08
21178	175	4	47.02
358	7194	4	44.16
308	2587	4	34.2
18241	14	7	29.34
5692	101	3	4.66
2406	107	4	12.34
14044	12	3	5.58
102	2300	8	16.35
101	3160	6	10.58
103	323	20	36.64
126	1932	7	44.24
12	6176	4	3.87
172	1137	3	14.21
1913	8840	3	42.01
714	111	3	4.18
2663	120	3	14.58
832	16523	3	41.34
101	13710	3	9.88
1964	1908	6	74
2476	2155	3	34.83
25758	12	3	10.16
16270	14	3	5.25
1306	106	37	233.3
5995	157	8	79.24
572	312	13	104.33
5643	14	24	103.14
3985	705	9	114.01
31832	39325	3	73.45
4136	160	7	61.79
137	1556	3	13.61
261	175	89	801.47
1764	328	3	21.87
12	14339	5	14.7
142	3078	7	54.11
37629	14	4	22.06
495	497	3	16.81
7838	3470	3	44.88
6749	109	7	47.76
10718	12	3	4.03
12	12694	4	9.09
129	36389	3	35.39
109	6087	3	14.24
986	667	6	52.86
133	4350	4	28.28
639	7779	6	78.6
7177	12	5	8
440	1781	10	103.51
43006	3723	3	62.5
832	12	23	14.34
8661	101	4	11.74
107	542	5	5.03
37768	14	4	22.06
19376	26624	3	65.77
2142	120	3	13.39
105	124	45	50.71
706	300	4	23.86
683	32858	4	64.98
341	7016	6	70.65
21893	1014	3	45.05
5916	613	5	59.91
10854	1580	10	172.84
560	130	3	7.32
27294	14	5	22.3
102	401	91	324.31
101	3238	4	4.54
102	7096	5	16.29
990	127	7	34.9
1032	17860	3	43.27
3131	114	8	50.38
1980	3219	3	35.74
35	22444	4	38.51
9217	177	3	27.49
20221	14	6	24.36
115	630	3	5.08
459	102	18	15.62
2	19871	4	28.1
1466	101	9	10.45
1091	200	4	22.81
20366	14	6	24.36
122	640	3	7.36
43914	379	3	49.39
417	4002	4	40.09
101	5083	6	15.85
26216	14	6	33.09
114	11158	3	20.84
124	2191	6	37.36
5772	12	5	6.02
12	2209	12	13.02
103	3396	4	11.89
6818	14	18	70.55
180	163	9	26.97
752	2167	3	27.83
4328	131	14	136.39
119	21	26	31.41
3886	175	3	21.73
117	592	5	12.61
2977	106	3	8.48
7165	102	7	27.87
103	1682	7	19.06
154	1	9	15
2622	112	3	11.15
2079	638	16	198.95
4800	12	7	10.17
780	184	4	19.58
19033	9	4	36.11
101	10750	3	8.49
57	1327	5	16.43
1758	107	3	5.97
28226	12	3	11.65
540	198	3	11.58
924	7901	3	36.87
25645	14	6	33.09
1786	102	6	6.76
20989	14	5	17.39
113	4452	4	22.14
2	9478	5	27.84
13538	1616	3	44.05
14655	12	5	15.74
4108	123	4	26.12
31006	14	4	17.19
46044	14	3	16.55
103	8484	10	70.1
778	1857	8	88.17
102	15179	3	11.49
3094	111	3	11.91
57	426	13	40.25
4411	432	3	29.04
431	22558	6	94.33
14164	14	11	53.92
3507	196	6	53.37
1396	761	4	35.83
1829	367	4	32.83
652	8	3	4.45
112	4232	4	20.89
2122	485	3	25.23
432	101	16	6.84
12	10062	4	6.98
102	5547	3	5.4
101	6228	4	8.99
350	1	5	13.1
12	2666	7	4.02
1302	120	3	10.46
2363	11507	3	45.36
3046	177	8	71
12767	14	5	11.3
1974	8451	3	41.81
17	253	4	4.37
208	241	7	29.23
689	526	5	36.68
1674	101	6	4.69
52759	302	3	48.12
242	1290	3	18.05
27578	12	3	10.16
818	5496	4	47.43
145	4241	4	28.99
12	2483	10	9.79
6286	211	3	26.58
1654	2	4	6.92
12	258	49	12.31
101	4874	3	3.91
103	6111	7	37.2
12	4064	6	5.48
14482	7848	3	54.56
1143	101	9	7.03
1600	22175	4	67.13
665	467	3	18.16
120	14	1204	3448.03
41569	12	3	18.18
2	197	35	62.29
650	11235	10	155.27
1597	2203	3	32.25
12197	101	3	8.91
16	851	3	5.99
26043	14	6	33.09
784	964	3	22.96
305	218	3	9.6
486	1379	4	32.43
4231	8249	3	46.46
51924	14	3	16.55
4298	1885	3	37.2
826	6757	4	49.37
103	4715	3	9.15
149	24633	3	33.21
25804	14	3	8.62
384	218	4	16.69
17450	12	3	7.32
867	906	4	33.13
12	3383	9	11.47
1504	23342	3	47.48
5265	425	16	222.69
5424	12	5	5.49
102	110	128	12.09
313	10906	3	33.22
103	11174	3	14.47
1581	107	5	13.51
112	748	29	169.32
103	12627	3	15.41
12942	101	3	9.37
57	2848	3	11.33
772	492	8	67.27
5431	106	3	11.9
640	376	4	24.91
29511	112	3	28.29
4898	20115	3	53.62
1150	107	16	68.66
7894	241	3	29.27
3986	737	6	71.13
344	1935	16	178.35
4390	12	8	11.98
31797	3172	5	102.9
2636	12	7	3.89
12	11466	3	4.72
111	1112	3	6.16
39919	14	4	22.06
712	564	4	28.3
1667	107	8	29.64
463	198	4	16.67
1107	101	8	4.79
114	5000	3	15.66
31691	14	3	10.08
102	48684	3	24.09
105	646	9	17.33
836	7509	8	114.26
108	6119	3	13.7
10623	39064	3	64.74
2066	4067	3	37.48
443	2834	3	26.44
2068	107	7	27.17
107	2658	3	8.16
1627	14	91	429.44
101	8595	8	35.89
102	9782	3	8.76
500	1161	3	21.46
137	376	5	15.11
889	24002	3	44.34
477	9339	3	34.36
780	421	5	36.11
126	9820	6	57.29
840	4711	4	46.36
2639	4467	4	55.1
1857	105	6	18.16
12	14148	4	9.76
5107	150	3	21.47
1906	104	8	28.15
12	29551	3	11.65
4697	14	8	9.66
110	537	14	47.72
23659	14	5	19.46
165	731	5	23.62
670	1977	3	26.39
322	254	5	23.04
12239	1118	3	40.6
530	6004	3	32
204	737	4	20.33
1829	104	4	8.59
9758	137	4	35.87
43281	12	3	18.18
1898	109	5	17.46
978	146	4	17.3
243	26004	3	38.18
24603	4442	3	55.37
5371	1504	6	83.36
112	3539	5	26.53
7852	14490	11	252.83
309	11015	3	33.17
369	106	60	290.16
404	3685	4	39.18
21534	12	6	30.73
12627	1915	6	99.43
289	573	6	38
105	627	13	32.81
1901	375	9	90.29
13	9940	11	139.73
102	9984	8	41.07
4969	122	5	36.92
681	112	4	7.4
10810	458	3	35.35
12	12371	4	9.09
386	105	16	34.52
311	12	49	22.88
281	194	4	12.98
12	216	104	92.4
102	1530	11	20.43
188	267	6	22.6
1068	3439	12	165.8
488	300	3	14.24
15907	9	3	23.2
118	447	5	10.93
29115	14	5	27.58
16286	14	7	26.79
3425	2850	3	38.5
37247	14	3	12.18
2	3157	4	11.51
698	111	4	7.28
121	1149	3	9.63
321	24907	3	40.03
10928	12	4	7.94
1433	182	7	50.06
123	2141	4	21
215	366	3	10.52
7306	328	4	43.36
764	147	3	10.18
668	273	3	15.14
19820	12	4	13.55
420	244	21	165.84
145	1738	3	14.68
1927	106	4	10.28
2434	412	3	25.18
782	6740	3	34.89
12	17408	3	7.32
9703	14	10	33.04
11538	1874	4	61.21
2865	101	7	13.13
2	151	648	4432.46
9068	116	3	20.53
18068	14	8	37.98
142	1356	7	42.58
8133	375	6	73.58
669	378	3	17.15
3537	6778	4	61.08
1786	130	8	51.98
1238	31811	3	49.13
7	6460	3	12.55
15975	101	9	62.48
476	186	3	10.48
4565	224	9	96.56
18407	14	8	37.98
885	1409	4	36.86
2548	568	3	27.11
474	103	7	5.51
17828	1	9	119.48
1850	111	7	32.46
12066	1426	3	42.17
101	8352	3	6.82
102	9532	3	8.42
742	123	4	12.88
12	12942	3	5.13
780	164	37	332.12
432	5517	5	56
295	275	3	11.01
4072	101	7	17.3
3050	14	37	136.9
1519	417	3	22.38
467	2920	7	75.31
11589	12	7	23.72
102	8778	4	13.12
1964	1957	4	46.09
17918	14	3	5.88
9	603	3	3.99
12	15809	4	11.38
169	285	3	6.84
501	1121	4	30.74
131	1569	3	13.01
133	1817	7	45.18
533	4579	7	83.39
2084	10961	4	61.44
109	368	5	4.47
2391	5670	7	107.61
11600	12	11	52.43
134	1168	5	24.48
1052	5965	4	50.13
2360	200	7	59.31
126	27494	3	31.35
193	4895	6	57.18
57	4914	10	74.3
483	9684	3	34.79
6266	114	6	43.09
5214	213	3	25.46
1732	12	18	23.86
142	606	7	31.9
102	10494	3	9.13
20923	12	3	8.09
4813	101	3	3.91
126	1160	3	10.72
695	109	5	8.64
22758	14	6	27.48
217	161	36	224.74
355	115	31	158.04
12	5417	9	19.38
23846	17501	3	63.66
1132	334	6	46.93
147	366	3	6.63
7	11989	10	86.24
454	3472	3	27.72
359	119	6	14.6
27443	14	4	14.69
1264	131	101	1211.85
29294	14	4	17.19
3451	732	3	30.25
12	7858	5	8.84
3730	102	45	361.49
34656	12	3	13.78
155	678	5	22.13
43530	54385	3	84.68
284	4062	3	26.07
12	1167	13	4.18
8554	101	10	49.31
102	360	23	21.07
102	2349	6	9.43
12	3652	6	4.7
101	6497	4	9.28
900	111	9	33.44
415	312	11	78.28
2046	1502	3	31.39
12	4515	5	4.17
700	655	3	20.25
102	2097	11	27.06
101	2779	5	6.29
48053	14	3	16.55
10878	2289	5	80.61
22419	12	3	9.02
5738	200	3	25.62
7331	2421	3	42.19
7132	3749	5	80.06
35093	14	4	22.06
188	473	3	10.49
189	105	14	8.7
928	946	5	44.84
20432	12	3	8.09
12	4729	6	6.9
1036	6436	4	50.72
1098	157	7	41.74
1413	1430	3	28.84
422	1723	3	23.23
164	9688	3	26.85
11615	17557	9	216.01
104	1964	3	5.32
12	309	58	38.57
663	830	4	30.59
3344	105	3	8.38
13192	14	10	41.51
2322	106	3	7.11
1944	459	3	24.37
101	6289	3	5.19
932	1940	12	147.77
33575	8	3	31.08
481	434	264	4367.45
102	5496	6	18.64
22574	14	5	19.46
102	1793	15	40.83
3380	104	3	8.12
12	2727	15	27.43
19181	10431	4	81.52
4434	13707	4	69.75
876	648	15	156.8
301	967	5	34.96
1360	2	4	5.7
116	1140	3	7.93
3970	109	4	17.85
600	16550	3	39.59
33308	3092	3	57.01
102	6747	8	33.53
103	548	10	14.77
103	2129	3	5.01
12	3316	7	5.99
101	2030	11	22.72
102	911	12	13.92
133	48329	3	40.49
2864	578	4	39.75
109	30385	3	26.4
3859	109	7	39
12683	102	4	16.41
28	41074	4	61.04
992	398	3	19.58
3946	14206	10	200.72
12703	14	6	16.07
241	992	5	32.5
22907	27386	3	66.8
1574	134	3	13.55
1927	190	4	26.79
3942	12	9	13.8
135	17015	3	28.5
7	1363	3	4.11
109	2892	5	21.55
14538	12	7	28.41
3921	57	3	13.09
341	1590	11	108.74
508	2974	15	189.52
21000	14	4	11.5
1831	102	6	7.06
3130	8408	3	44.6
11773	14	6	15.02
102	15040	3	11.49
169	822	3	12.12
677	263	10	73.99
204	492	11	70.02
103	10418	3	14.06
35447	793	3	48.79
2088	3158	14	217.02
13539	14	10	44.61
102	10983	3	9.52
2953	104	3	7.4
8225	107	4	22.37
10370	137	3	25.38
14777	12	3	6.09
12	13867	3	5.58
330	3967	3	26.82
6156	106	4	19.04
110	820	31	179
1855	110	5	18.61
458	10898	3	35.35
42852	12	3	18.18
379	101	51	101.4
21098	14	3	6.62
222	1629	8	66.14
1339	107	3	4.65
109	20781	6	57.24
4198	12	9	14.97
12	12469	3	5.13
530	436	9	69.62
37498	35	4	48.05
914	1760	3	27.45
15075	12	3	6.09
131	351	5	13.53
7377	297	4	42.77
28039	1093	4	68.39
13200	474	12	195.36
1311	102	14	28.42
107	6916	3	13.8
32371	14	5	27.58
1244	8685	3	39.33
116	238	5	5.31
685	102	16	19.3
2281	128	5	30.09
1298	6532	3	37.59
189	5455	4	35.19
21898	14	5	19.46
447	163	7	31.36
9576	12	5	10.9
17510	149	4	43.01
103	2435	4	9.51
29144	33267	3	73.45
12	1197	14	6.09
36672	106	3	26.82
13868	101	3	9.88
12844	14	9	34.12
10518	14	12	48.72
19915	102	3	13.69
15938	12	6	23.3
16	333	5	7.35
178	247	21	123.24
524	7537	3	33.46
209	3194	3	22.33
490	377	3	15.5
207	110	7	4.71
118	145	90	434.87
1383	4889	7	97.33
2742	22949	6	116.08
11039	14	15	82.74
3586	12	9	12.41
850	7149	3	35.57
149	19498	3	30.95
104	3368	7	30.54
102	2003	7	10.97
7826	42469	3	67.45
101	4362	4	6.38
2	5969	4	16.52
15507	239	3	33.55
103	8045	3	12.35
926	127	3	9.67
451	227	7	39.5
16485	244	5	63.66
732	502	3	18.99
102	1355	17	41.58
876	206	3	14.6
2017	407	3	23.99
6592	14	5	4.87
1202	101	14	21.57
240	324	121	1360.72
1357	302	6	48.51
108	5933	5	27.79
13580	122	6	61.66
106	6734	3	13.2
1368	1128	5	50.41
2877	113	3	12.33
33577	28308	3	73.45
101	32015	3	16.33
106	173	15	10.44
5158	111	4	22.17
53015	14	3	16.55
7420	14	6	8.92
174	754	4	18.55
677	1986	3	26.54
142	1259	5	26.17
744	120	4	12.13
655	47414	3	52.25
328	3623	3	26.16
1444	42965	3	56.83
793	14996	3	40.4
2924	3394	3	38.48
108	4120	12	80.88
133	176	9	20.5
1219	14	16	5.11
140	20044	4	43.57
128	612	12	62.55
410	2797	4	37.08
7723	16	4	27.33
23971	12	4	14.98
1367	9	4	12.68
136	1166	5	24.63
2786	352	3	25.2
12	10131	6	16.19
20925	14	7	32.71
101	12112	3	8.91
25370	14	6	33.09
17920	12	3	7.32
113	1161	13	67.17
821	13763	4	56.03
711	20942	3	42.1
983	101	21	40.27
1034	14116	3	41.23
223	120	8	17.16
590	23730	4	59.4
1243	122	5	22.84
584	11253	3	36.66
8563	105	3	13.91
222	1888	5	38.01
15313	9	8	81.49
5094	102	3	5.08
18493	9	7	73.04
973	106	7	16.31
11049	17027	3	57.45
4487	16	5	30.7
947	2554	4	42.21
137	201	17	67.36
775	3777	3	31.2
1796	12	16	19.21
297	4027	6	61.61
22162	419	4	56.95
778	183	3	12.97
13659	12	4	9.76
2789	107	5	18.92
3498	677	5	55.31
185	9647	16	228.4
7143	2955	4	60.01
342	4200	7	76.87
903	8712	11	172.61
8304	14	6	10.49
323	146	5	14.23
109	3121	3	10.35
228	7722	3	28.65
411	742	12	106.57
102	15277	3	11.49
204	223	4	11.44
4291	102	3	4.13
101	13907	5	22.3
1128	53431	3	55.18
27735	14	5	22.3
2029	130	6	37.12
58	6987	6	42.73
3669	10221	3	47.05
10882	186	3	29.21
370	7330	3	31.47
714	131	4	13.73
113	1971	4	15.7
812	2440	3	28.83
313	14564	9	134.34
12311	12	9	38.9
29955	14	5	27.58
438	106	7	8.06
1459	105	4	7.44
107	1233	6	15.4
108	303	67	340.18
106	1602	3	5.22
110	1047	10	39.27
105	1850	7	23.24
733	2363	3	28.09
422	850	4	27.64
907	363	11	97.04
12	16892	3	6.66
3341	107	3	9.34
6313	104	3	11.68
242	185	10	45.12
4264	101	4	6.21
12	6196	4	3.87
480	619	4	26.33
6517	1982	3	40.2
3516	102	9	27.38
101	8177	6	22.14
173	9711	4	39.48
3764	127	3	17.85
2	2369	14	67.75
127	1605	16	123.21
8902	8974	5	92.22
23500	14	6	27.48
37129	14	4	22.06
1082	11020	3	39.94
270	194	6	23.41
271	845	3	16.33
244	12	133	202
755	282	3	16.16
396	765	5	35.53
16148	14	7	26.79
23227	247	3	37.05
16637	14	4	9.39
2830	1709	10	139.89
7163	104	9	59.06
37650	14	3	12.18
12	22512	3	9.02
123	3400	27	283.92
12	2179	15	21.46
9770	14	9	27.18
103	1450	30	161.78
104	1681	3	4.52
599	267	3	14.53
12	594	32	21.29
3184	16	3	13.27
29486	14	5	27.58
351	234	11	68.13
926	105	6	10.62
101	6765	6	19.24
12	7161	5	7.62
14608	101	9	58.59
580	1313	5	43.97
187	5124	3	24.14
4023	14	28	102.81
232	10537	3	30.83
2805	474	20	261.49
104	1417	4	6.82
20553	136	4	43.27
751	979	3	22.93
1148	105	14	51.65
129	2200	3	14.88
224	1053	3	16.15
134	7345	3	22.91
12	13840	4	9.76
9	974	3	6.07
101	15822	3	11.07
168	888	3	12.51
2176	476	5	47.41
1335	8889	5	72.14
1611	104	7	20.57
2479	676	4	39.6
7556	12	4	5.17
880	123	3	8.85
766	21048	3	42.59
7188	15860	9	196.96
328	214	5	21.16
9	2590	4	17.46
28	54681	3	45.77
10314	114	3	20.41
13964	12	3	5.58
5484	101	4	7.98
4464	14	7	6.37
7536	104	3	12.93
6341	12795	11	234.24
14652	8667	3	55.21
192	530	28	229.99
108	742	28	137.83
15765	1235	4	61.05
32321	136	3	34.04
6308	8281	3	48.93
226	2805	3	22.29
102	48586	3	24.09
3835	2286	6	84.68
106	416	6	5.27
2846	1834	5	63.05
107	2393	3	7.58
13477	12	7	26.62
759	8605	6	82.62
2656	14	60	307.24
5953	7	3	12.1
230	114	6	6.37
8	388	10	27.9
4115	21336	3	53.65
14839	14	4	8.56
1454	119	4	16.26
399	128	3	5.8
539	4988	3	30.86
105	383	32	109
1118	249	3	17.25
109	1766	5	16.73
318	126	7	20.88
35	9681	17	204.28
1524	1910	5	57.08
533	1492	45	620.89
565	279	6	37.1
1832	214	3	19.28
908	5393	16	246.38
1132	1121	3	25.76
1460	14096	3	43.38
793	24016	3	43.73
21879	12	4	14.98
121	1208	8	41.84
1762	12823	3	44
12	1035	16	6.88
351	4496	3	28.17
416	111	4	4.47
19380	19545	5	114.85
103	5337	6	28.11
386	156	3	7.77
102	5830	3	5.75
7062	147	5	44.28
153	994	52	522.21
599	473	30	320.42
12	292	46	15.35
101	408	43	77.64
281	121	4	5.94
3344	127	4	25.13
1061	104	4	4.9
35569	14	3	12.18
1475	737	3	25.18
2466	593	5	50.6
118	3040	5	28.58
273	111	13	30.51
4937	101	4	7.32
9977	14	8	21.8
3615	102	12	44.25
871	130	3	9.5
460	301	5	28.36
101	22638	3	13.59
524	8085	4	47.54
12	19071	3	8.09
143	1702	5	29.28
445	670	7	53.68
4402	101	4	6.56
35126	21845	3	70.62
21447	43534	3	75.12
2	109	101	52.63
1113	57	6	19.5
122	12	612	1276.9
2283	19863	3	49.07
313	321	6	32.47
102	6792	6	21.33
6483	12	5	6.93
577	473	3	17.58
1169	103	9	22.29
514	18118	4	55.49
424	300	11	78.16
318	206	3	9.41
7892	101	3	6.54
38926	193	3	40.1
12	8515	4	5.81
26424	14	3	8.62
3147	177	5	39.58
811	7423	4	49.94
433	122	15	72.3
875	30262	3	47.04
12	10901	3	4.36
135	2304	7	49.2
232	1	11	35.6
13241	9	3	21.94
9377	5437	6	107.66
58	3274	11	74.21
32355	14	4	17.19
890	297	4	25.41
110	3898	3	12.36
1155	2311	4	42.94
12523	16	3	22.08
1791	155	5	31.41
1659	325	6	51.38
4919	1162	3	35.06
499	110	6	10.58
168	102	34	7.33
12	13786	3	5.58
23283	104	3	20.69
4039	133	8	67.18
164	2822	3	19.05
322	271	4	17.22
129	557	5	16.73
46793	14	3	16.55
289	3597	11	124.31
1525	2	5	9.82
11023	14	10	36.72
508	2198	3	25.64
115	900	4	10.95
4333	109	3	12.25
273	1557	3	19.98
208	3380	3	22.68
270	718	3	15.47
2499	312	3	23.75
3589	57	3	12.56
283	1852	4	30.87
12	1387	11	3.93
4507	12	9	16.27
102	6826	6	21.33
299	8575	14	202.58
9013	12	4	6.17
2525	104	3	6.62
928	1248	3	25.46
353	632	3	16.54
12	4092	18	54.12
762	165	3	11.53
102	2773	15	54.64
3376	1058	4	45.27
1506	23281	3	47.48
790	2564	4	41.03
576	5606	3	32.11
12	1715	12	8.38
3429	265	13	147.59
18425	12	3	7.32
1508	102	7	7.77
11070	101	3	8.49
362	957	4	27.42
12305	8995	3	54.06
736	9357	5	66.93
1710	107	4	9.76
340	493	8	55.49
311	5081	8	92.1
1373	1687	10	124.37
13614	224	3	32.35
104	3890	3	8.83
2	1777	4	7.4
12	230	81	54.14
2770	352	4	35.97
298	13819	3	34.52
102	1808	7	9.8
12	6660	6	10.7
346	13	3	8.84
471	3038	4	38.7
376	110	8	14.92
10537	21	8	73.21
610	2525	3	27.51
455	12276	3	36.26
1786	1539	3	30.65
2808	358	4	36.19
283	9493	5	58.17
431	520	3	16.43
6693	14	10	23.47
10204	12	7	21.39
325	14	417	1986.08
132	16836	3	28.25
204	297	4	14.1
7	1173	4	6.12
57	446	8	18.18
105	1565	3	4.52
16268	12	3	6.66
1365	101	21	53.23
2996	331	5	47.34
105	916	4	4.5
1756	2536	3	33.58
12687	14	9	34.12
1826	7	4	9.37
368	7405	4	44.4
675	16916	3	40.13
198	867	3	14.04
1901	101	7	8.43
330	420	4	20.92
3903	12	13	29.07
328	1211	3	19.54
2480	603	3	27.37
1494	8	7	31.21
4211	41817	3	63.37
3028	8184	3	44.48
358	1891	29	364.45
29147	501	3	44.01
176	1418	3	15.8
8337	12	10	33.88
415	325	4	20.63
106	26050	3	23.02
328	12034	10	144.9
102	5305	15	76.86
103	5677	5	22.18
16750	193	6	75.76
20579	14	7	32.71
2834	12	11	14.67
12	2237	8	4.33
2909	105	4	12.49
813	101	10	5.3
180	198	6	17.52
358	7809	3	31.83
1571	2620	3	33.11
306	2	8	3.86
103	18045	3	17.94
21757	2607	4	71.12
2668	130	3	15.95
2565	667	3	28.03
4423	5062	3	43.39
459	143	4	12.12
12	1953	12	10.76
53185	14	3	16.55
1621	1	5	26.62
102	3079	4	5.31
1374	107	4	8.28
2106	1461	3	31.46
10667	8061	15	342.49
317	44545	3	48.29
663	1649	5	47.43
631	125	3	7.72
3375	106	10	54.75
2289	24590	3	51.42
8473	1681	3	40.82
2432	104	4	10.57
39352	14	3	12.18
7271	14	11	30.4
756	707	6	50.67
11991	4285	3	48.82
116	998	4	11.8
303	724	4	24.08
656	653	3	19.92
101	6812	3	5.6
512	767	6	47.25
7576	141	8	80.71
8948	107	5	31.02
164	31647	3	35.95
2133	102	5	5.77
1483	10463	5	75.19
40385	193	3	40.1
102	2093	9	18.8
2	3418	3	7.47
221	1058	3	16.06
355	1533	38	482.4
21307	12	3	9.02
206	4749	4	35.29
1986	199	6	46.45
1384	216	3	17.69
940	118	3	7.4
23867	14	3	7.51
149	409	30	208.18
36559	14	3	12.18
4163	101	4	6.05
8415	102	3	7.8
970	262	3	16.93
120	686	5	16.41
126	1985	5	28.41
12	3608	7	6.83
1178	2685	6	71.65
103	6971	8	47.83
102	7111	6	21.85
102	6222	3	6.13
23886	14	7	38.61
126	1116	3	10.54
102	683	83	364.67
12	3839	7	7.53
102	3048	11	34.91
17512	14	9	49.64
4165	184	3	22.78
8443	107	4	22.37
2267	11849	4	62.84
3422	17440	3	50.65
5221	162	7	65.24
16	1075	3	7.11
1705	917	3	27.26
181	10099	4	40.07
1045	104	11	32.32
22793	14	4	12.9
9473	14	9	25.87
7572	14842	3	54.26
2413	134	4	23.83
4375	23663	4	75.25
468	119	4	8.5
12	14390	3	6.09
261	113	12	28.53
112	292	6	7.66
139	246	5	11.19
168	366	9	43.14
50609	14	3	16.55
650	884	4	30.95
3713	14	25	77.23
101	9953	4	12.66
487	10004	3	34.79
29313	14	5	27.58
2103	106	4	10.9
4696	120	3	17.96
51112	14	3	16.55
16977	14	5	14.37
423	13994	3	36.45
110	5928	8	56.61
229	301	3	10.04
13271	185	3	30.72
135	879	3	10.25
5003	1986	4	53.81
12	11160	5	12.2
8665	162	4	37.2
112	4162	3	13.77
396	27513	3	41.33
108	8123	3	15.48
159	169	5	8.43
1661	652	11	122.67
106	105	246	408.8
109	1278	6	18.51
105	869	6	10.04
1164	13381	3	41.89
8320	14	19	96.99
2723	26758	3	52.34
5805	101	4	8.47
12	4049	7	8.05
666	310	54	615.36
2013	1833	4	45.73
101	7643	3	6.29
420	1071	3	20.22
7310	1871	4	56.71
103	2223	5	13.28
14726	150	4	40.96
15404	2030	4	64.22
12	1414	11	4.12
2128	854	5	52.34
188	1362	3	16.23
556	112	5	9.53
2593	21	9	55.28
2184	200	3	19.77
904	368	3	18.64
3941	1199	3	33.84
1822	8643	3	41.73
101	4644	4	6.93
103	7546	4	18.48
12	2649	9	8.22
2292	14	40	125.91
104	1230	6	12.85
127	402	3	5.79
314	1260	7	57.83
311	149	34	226.16
1496	7383	4	54.84
4275	102	5	11.29
2	1758	3	4.1
12	275	59	30.25
1435	12	11	4.22
654	112	3	4.01
22841	3399	3	52.42
17	272	4	4.94
1259	109	3	5.47
35955	14	3	12.18
389	530	6	40.51
426	103	20	46.05
588	308	9	65.77
9265	101	3	7.42
105	631	10	20.72
669	130	4	13.03
3491	9577	3	46.39
5612	102	13	63.98
1703	131	11	78.49
232	104	15	16.01
435	874	4	27.96
12	9205	5	10.32
6181	699	3	33.75
13953	353	6	81.39
2123	49297	3	59.25
595	300	5	30.57
8808	101	6	22.83
496	619	9	74.25
13239	180	6	71.27
330	169	5	17.34
6301	12	6	9.84
442	480	7	49.62
164	3259	3	19.82
13173	12	4	9.09
412	7632	9	119.87
471	946	14	138.32
102	26369	3	15.89
166	166	12	38.57
5674	235	3	26.83
103	11157	3	14.47
3264	122	3	16.34
12670	12	3	5.13
3085	6921	14	257.02
12	16208	4	11.38
205	156	5	11.1
33769	33947	4	110.6
28096	12388	5	118.7
3810	102	11	39.53
1966	1674	10	131.59
7174	12	8	20.26
21980	12	3	9.02
12	11479	5	12.95
227	1996	11	103.9
10803	12	4	7.94
105	3437	4	13.65
102	32809	4	27.16
108	4554	3	12.02
2963	7	8	36.98
2276	14	58	247.75
3302	101	7	14.75
1512	312	5	39.66
3052	122	3	16
102	10066	13	86.01
191	3641	4	31.81
1824	37236	4	77.78
1427	105	3	4.06
411	1280	3	21.3
2035	166	25	255.87
286	7677	4	42.73
443	742	14	130.26
4085	507	4	41.35
1310	144	3	13.03
4247	14	37	183.17
595	629	4	27.94
12	10461	4	7.44
6505	1510	5	69.79
14563	2686	3	47.76
531	2016	7	71.24
8198	185	3	27.32
5098	107	3	11.87
779	2051	5	51.25
2688	392	7	72.13
10160	8	9	84.85
106	1424	3	4.6
772	106	16	55.81
7825	12	14	58.82
17645	14	8	37.98
5396	8	5	32.04
105	1455	3	4.14
13717	169	3	29.55
17410	1652	3	46.21
2785	102	8	19.02
12	14226	3	5.58
8761	14	14	55.98
398	5536	6	68.93
204	158	3	4.13
33103	946	3	49.76
365	600	6	41.18
5126	102	3	5.08
12	9497	5	10.32
1963	105	4	9.54
6864	221	3	27.42
3668	1511	3	34.92
4781	101	3	3.91
101	4047	6	13.09
5806	14	9	16.34
12	3675	7	7.06
5589	387	3	30.07
35438	14	4	22.06
12	7641	4	5.17
101	7269	5	15
1950	103	3	4.59
480	503	15	133.04
1201	3480	6	75.16
270	246	13	78.53
101	17346	3	11.78
29559	14	5	27.58
358	608	80	1001.34
934	12	16	5.23
10009	1237	10	163.7
57	8666	3	18.12
285	10629	5	59.62
119	8105	4	30.27
37682	14	4	22.06
5764	1384	3	37.33
211	133	7	16.53
15362	213	5	60.75
163	41386	3	42.57
101	5878	5	12.69
158	156	10	25.94
246	3187	3	23.54
104	860	5	6.32
5899	643	4	46.32
592	8389	4	48.98
537	25253	4	60.56
102	7548	9	42.99
12	6245	4	3.87
1886	1820	3	32.14
101	4264	6	13.63
12	670	27	15.37
17092	14	10	55.16
102	1969	8	14.02
277	1257	5	36.46
11274	12	4	7.94
453	105	29	101.04
10275	14	7	17.86
34327	12	3	13.78
192	15567	4	44.9
23197	14	7	38.61
653	111	10	33.65
3662	44246	3	62.5
179	452	11	64.1
3651	11	3	33.69
455	2551	4	36.93
425	104	6	3.98
404	9801	4	47.8
2	1872	6	16
12	389	35	12.32
697	6479	4	47.77
26698	14	6	33.09
12	11380	4	7.94
430	2177	75	1255.92
28	23989	7	106.84
1345	166	5	29.53
2420	2784	3	36.18
36575	14	4	22.06
1971	670	3	26.39
537	3979	3	29.39
11496	2852	11	211.01
1791	300	4	31.06
106	3849	3	9.85
108	689	13	42.37
3268	19184	3	51.15
129	2261	5	30.2
260	201	3	7.97
3024	1264	29	471.88
570	406	3	16.74
345	164	15	83.78
142	279	4	8.69
2986	7792	3	43.76
49583	14	3	16.55
379	17439	4	53.5
174	139	8	17.48
114	2824	7	40.81
1318	1934	3	30.31
1617	13059	6	97.33
101	8750	3	7.11
9560	7493	4	71.19
1550	795	4	36.92
48982	14	3	16.55
18001	14	5	15.74
12458	7802	6	117.96
105	2169	3	6.23
18853	1318	4	62.76
8940	14	11	35.86
856	128	3	9.33
107	6818	5	27.96
30189	14	5	27.58
105	755	5	6.09
594	852	3	20.79
798	19425	6	97.78
12	14728	3	6.09
198	772	7	43.25
14295	12	3	5.58
805	126	4	14.01
101	4703	11	41.03
3607	110	3	11.97
546	105	6	6.19
1239	265	4	26.8
2	4171	3	8.45
102	1403	14	30.06
2	1666	3	3.86
121	2080	10	68.38
1098	249	25	252.49
5499	14	27	125.61
175	1725	3	16.95
35259	14	3	12.18
115	1671	3	10.03
1771	823	3	26.88
313	19221	6	87.48
15607	779	3	40.34
490	4119	4	41.35
9945	14	17	93.77
23330	14	3	7.51
12	2821	9	9.1
101	2953	6	9.83
758	955	6	54.02
101	4537	8	23.91
10960	12	5	12.2
5591	276	3	27.89
156	3057	6	46.66
5810	1229	3	36.53
21794	12	6	30.73
187	3894	11	112.75
7402	328	3	30.65
103	386	7	4.1
104	650	9	16.38
47362	14	3	16.55
636	1672	3	25.21
101	6115	3	5.01
417	736	7	54.35
420	119	3	4.51
660	109	6	11.74
150	411	3	7.39
392	1646	6	53.79
516	19681	7	112.82
9437	102	6	25.71
997	1619	4	38.94
3142	101	5	7.13
4164	14	8	7.98
17266	127	3	28.34
487	1913	3	24.57
269	119	6	11.43
848	216	7	46.3
6003	14	25	119.22
12436	12	6	19.12
104	2258	3	6.09
153	1538	7	46.32
102	4097	3	3.9
822	107	4	4.95
207	7149	3	27.24
118	538	7	21.52
1709	431	9	90.1
2379	406	3	25.03
12735	14	7	21.45
133	12655	3	26.47
814	14	201	1078.16
118	3010	4	20.9
875	107	8	19.82
389	387	7	45.96
165	11854	3	28.2
488	206	3	11.59
794	102	27	62.87
35	16658	4	34.62
101	4746	4	6.93
102	8096	9	44.04
351	410	8	53.78
104	2301	4	10.26
14246	184	5	57.38
604	1	5	17.48
102	1099	8	6.6
693	733	3	20.78
7030	1	3	21.79
694	4327	3	31.41
516	2647	14	171.31
356	107	7	6.89
724	16	6	17.8
1170	351	3	19.77
8677	257	6	70.15
1571	1966	21	310.01
7613	1746	11	183.05
2433	103	4	9.51
102	39990	3	19.63
1058	16749	3	42.62
51892	14	3	16.55
12056	263	3	32.54
1479	2155	3	31.64
115	1000	3	7.16
784	235	5	30.17
820	247	4	22.98
17226	12	3	7.32
3453	12	8	8.94
103	7066	3	11.54
102	2448	7	13.36
135	13581	3	27.22
8619	2518	3	43.7
3825	2475	32	606.13
2536	1060	3	30.44
9643	13346	11	252.94
115	10647	3	21.16
106	3643	6	27.16
1343	102	6	4.44
25065	14	5	22.3
6263	101	3	5.19
23791	115	3	27
1150	224	3	16.61
9142	1962	4	59.27
703	8	5	12.24
702	725	4	30.05
1233	10460	4	56.46
2100	157	7	51.45
1938	1788	3	32.09
2996	461	3	27
442	1253	7	62.11
1733	9	3	9.19
198	1221	9	67.95
20247	184	5	63.09
11703	122	3	24.62
168	269	18	99.37
14233	14	12	66.19
3530	139	3	18.59
12	9749	4	6.98
103	10479	3	14.06
2852	2859	6	83.88
137	815	4	15.5
136	165	5	5.82
4930	1093	3	34.74
595	155	12	71.29
18812	14	7	29.34
8662	185	3	27.66
260	1575	3	19.74
31659	14	4	17.19
107	125	24	13.44
105	774	6	9.22
25223	14	5	22.3
12	28542	3	11.65
14473	1146	3	42.42
256	243	5	20.15
8664	12	5	9.79
829	101	9	3.91
1118	157	10	67.26
136	6575	3	22.22
6237	4254	7	117.72
330	278	5	24.32
1796	551	4	35.43
12	1254	12	4.01
10127	180	4	40.61
11080	14	15	82.74
123	2528	3	14.95
3700	2713	4	53.76
102	2242	9	19.87
31820	14	4	17.19
102	4717	3	4.64
141	47222	3	41.06
4783	35047	3	59.7
16	140	18	26.83
6560	14	16	54.92
837	41997	3	53.58
357	294	3	12.61
906	16	16	84.39
4003	130	3	18.41
25873	14	3	8.62
269	343	5	24.44
102	6369	9	38.57
12	5308	5	5.24
102	794	25	54.66
10389	428	3	34.56
5388	7528	4	65.9
996	102	28	78.28
10550	14	5	9.15
1000	14	124	494.1
7	8550	3	14.17
274	163	3	6.14
240	122	8	20.04
653	150	5	20.79
207	1039	3	15.55
2023	7637	3	41.42
9155	331	10	137.41
1035	471	8	71.03
20920	2	3	18.84
19588	14	7	32.71
416	533	5	32.41
1406	208	3	17.44
101	6658	4	9.58
19277	208	4	49.35
12367	192	5	56.84
1597	1548	5	55.34
39530	101	3	18.52
3745	186	8	75.86
646	931	4	31.31
111	1823	3	8.94
12	10498	4	7.44
102	9381	4	13.57
1491	1892	10	128.29
2901	3031	4	52.97
2033	14	74	356.83
537	2339	3	26.31
1427	127	4	18.41
45477	14	3	16.55
10608	101	3	8.11
106	240	8	4.23
2682	527	3	26.9
25421	14	4	14.69
2025	107	3	6.74
321	21410	4	54.91
2409	212	10	94.78
462	939	3	19.97
22161	120	3	28.96
8	987	5	15.06
1580	929	4	38.2
913	58	3	5.25
35	25692	6	72.08
468	225	3	12.03
13245	436	3	36.59
18098	12	3	7.32
2214	12	18	32.54
102	15307	5	25.22
108	6493	4	21.26
7597	14	15	56.13
6577	101	3	5.39
57	554	8	20.86
12149	102	5	22.24
110	176	8	3.98
3225	103	3	7.11
366	37206	3	44.7
4760	1738	17	281.41
45767	14	3	16.55
4313	12	24	95
322	393	6	35.25
108	2630	8	39.06
1524	102	11	20.43
776	120	3	7.73
2242	109	3	8.57
528	101	58	159.55
1238	9988	4	55.96
8997	12	11	41.6
53047	14	3	16.55
1206	4019	3	34.03
4276	867	4	45.68
11659	12	7	23.72
2672	14	57	275.58
3698	101	4	5.3
4951	14	32	161.56
35	22730	7	84.1
4206	127	3	18.57
488	706	3	18.72
389	153	21	132.33
49364	14	3	16.55
550	2256	4	37.4
4131	101	4	6.05
3111	14	26	72.3
2862	314	3	24.65
2078	12	11	9.44
18986	12	4	12.38
101	6889	3	5.81
30694	14	4	17.19
102	1213	28	88.87
15816	101	3	11.07
101	290	19	4.6
102	4437	3	4.38
1563	104	6	15.5
3612	101	4	5.16
603	285	3	15.04
187	1380	4	23.95
9976	101	3	7.75
6522	106	3	12.96
149	478	6	23.89
818	2920	6	68.61
688	7026	6	78.14
5468	101	3	4.49
1603	109	8	32.67
2630	107	3	8.07
12	3411	6	4.19
248	1748	4	29.02
153	2008	8	59.64
636	1995	4	37.38
217	2652	9	85.37
102	4811	12	52.21
2	6386	4	17.14
150	31946	3	34.79
13983	186	3	30.72
5475	107	3	12.24
499	764	3	19.26
165	2626	6	45.73
133	1672	5	28.01
105	5653	11	73.05
8907	101	3	7.11
12	25174	3	10.16
254	1969	8	72.01
110	104	55	11.56
15012	101	3	10.44
139	194	5	8.5
3175	102	5	8.78
12	8860	4	6.17
1104	976	3	24.86
2657	101	6	8.83
1636	103	7	18.8
293	133	3	4.92
7018	12	5	7.62
47457	14	3	16.55
740	267	7	48.24
110	3978	6	33.47
107	2263	4	11.92
102	31014	3	17.44
130	1123	4	16.62
4186	507	3	29.35
197	601	47	455.6
140	1215	3	12.33
200	994	5	29.94
12	13053	8	31.66
29652	14	4	17.19
8791	14	6	11.1
1467	12	65	241.53
19342	12	5	20.02
35	37537	4	48.05
101	1223	7	3.99
142	12420	4	38.79
1271	105	15	61.26
30753	157	3	35.53
1441	2551	4	45.56
3519	101	5	8.11
5599	7	4	17.92
12	1745	12	8.71
102	1022	40	142.57
2641	200	3	20.82
12	3998	7	8.05
3286	101	5	7.6
2260	14	57	239.74
2459	107	3	7.74
102	6725	4	10.91
102	1452	21	62.4
7170	9064	4	70.28
104	2079	3	5.62
12	201	76	27.39
125	2223	4	21.92
102	8018	4	12.29
182	3014	3	20.77
7815	174	4	37.63
2826	568	4	39.44
274	373	10	64.55
2218	1	4	22.15
17661	14	7	29.34
7846	3416	7	118.79
4203	6900	3	45.28
456	251	5	25.95
423	1216	19	206.32
524	128	5	16.14
552	118	4	8.47
4036	2	3	8.32
2451	12063	3	45.54
7841	12	6	12.73
6755	177	3	25.38
1832	147	8	56.1
2254	127	7	46.88
8148	109	3	16.03
4024	101	4	5.89
3150	16010	3	49.29
183	5202	3	24.09
103	2046	3	4.82
104	1288	4	6.19
252	1988	13	130.31
5773	101	5	12.69
4750	14	31	142.64
1577	114	3	8.96
101	8669	5	17.01
8730	101	3	7.11
127	12741	3	25.76
373	1544	7	63.21
1128	23770	4	64.05
23011	14	5	19.46
109	1658	7	27.15
105	491	6	5.4
35847	14	4	22.06
19082	131	5	56.27
253	681	3	14.7
10771	12	3	4.36
405	5029	3	29.49
831	147	11	66.72
3902	145	4	28.38
988	321	7	54.6
6431	115	4	26.49
1194	126	5	23.2
16629	107	3	19.52
496	503	9	70.57
6500	111	3	16.32
5248	5383	8	138.72
3116	3133	17	286.31
16375	3213	3	49.4
14526	8	7	68.62
7688	106	4	21.07
57	270	32	126.45
12	31310	3	11.65
1818	371	5	43.34
176	8889	4	38.59
107	7460	6	37.72
2450	101	15	45.46
12457	2603	4	64.5
571	2746	4	39.22
48069	14	3	16.55
1122	5010	4	48.98
105	1972	3	5.65
2650	116	7	41.91
5908	954	7	94.72
2221	12752	3	45.52
288	141	4	8.89
164	2724	7	55.97
20402	31640	3	67.36
28953	102	3	17.44
18912	126	3	28.22
37177	14	4	22.06
12	13756	3	5.58
58	306	5	5.17
198	1957	3	18.9
139	636	4	14.04
413	10272	3	34.41
3468	306	3	25.6
13026	271	5	61.44
12729	490	3	36.61
111	1350	8	34.25
1910	116	5	23.24
190	1301	4	23.6
107	171	23	29.37
128	1626	19	154.1
10807	122	7	70.62
1218	101	11	12.96
108	2009	3	7.44
1676	16423	3	45.51
7	140	16	3.94
10065	12	4	6.98
142	19120	3	30.54
20109	14	5	17.39
1462	1107	4	38.79
22433	14	4	12.9
107	4352	3	10.88
3268	12	12	20.52
113	135	335	2335.96
12	10817	3	4.36
6564	102	3	6.33
300	117	44	244.13
27510	12	3	10.16
10589	102	3	9.13
3776	104	4	13.81
1735	101	6	5.02
1608	597	3	24.63
3672	141	10	88.82
16527	12	3	6.66
922	1003	3	24.04
51456	14	3	16.55
19943	14	4	11.5
192	387	8	41.27
163	405	7	30.43
673	107	4	3.88
13233	16	4	32.1
286	206	5	19.5
32818	14	3	10.08
46320	14	3	16.55
678	471	8	64.74
20877	14	8	44.13
20463	291	3	37.23
12	7493	5	8.41
39497	14	4	22.06
35	22034	7	84.1
103	607	13	27.25
8555	12	8	22.76
104	359	58	251.99
184	255	3	7.13
7791	276	7	83.07
149	6665	4	33.42
243	134	3	3.94
2735	12	8	6.33
116	364	12	39.93
244	815	3	15.43
241	165	7	23.51
6883	101	3	5.6
14916	12	3	6.09
1642	150	73	892.14
2049	14	77	393.42
20415	29887	4	94.51
360	859	11	95.7
3520	501	15	194.69
103	456	8	7.38
12	1575	11	5.3
1684	13	6	43.07
2	2681	4	10.22
101	3556	6	11.63
25386	14	5	22.3
12	8142	4	5.48
3064	12	11	15.99
7372	14	5	5.85
102	52068	3	24.09
1779	779	5	49.72
27945	12	5	30.31
386	1028	3	19.64
2107	241	3	21.11
102	20641	3	13.69
32156	4226	3	56.64
317	8603	4	44.85
537	12567	3	37.1
1597	19400	5	85.23
752	129	5	19.53
31577	1342	3	49.69
3134	1079	3	31.79
1175	102	8	7.18
1125	134	3	11.52
9	502	4	5.99
111	2891	8	46.51
102	10416	4	14.57
1818	101	6	5.37
9717	12	14	69.32
19761	14	5	17.39
5074	1386	3	36.52
346	1065	3	19.15
536	154	12	68.33
1876	849	5	50.98
57	818	3	4.61
19737	107	7	67.87
284	13911	6	78.72
1188	493	5	41.18
12	13489	3	5.58
15799	12	4	11.38
198	4978	9	95.07
2026	492	3	24.96
102	11818	8	45.35
138	449	5	16.61
329	110	10	19.98
408	2635	3	25.61
339	8649	8	104.25
1428	760	29	385.87
128	3550	10	83.75
7	348	9	10.24
7562	5352	3	47.24
107	628	6	8.99
191	3587	3	22.07
228	2156	5	40
13005	14	11	49.77
11231	192	3	29.49
3149	3721	4	54.91
7745	101	3	6.29
533	17110	3	38.86
6562	428	3	31.41
12	2288	14	19.67
14217	14	6	17.24
4214	12	6	5.92
101	311	24	13.1
793	2389	7	78.98
11951	14	11	46.52
8886	104	4	20.91
117	712	10	41.12
21082	14	7	32.71
7910	117	17	187.73
937	359	4	27.21
1065	1344	6	61.84
3097	161	10	90.19
927	459	6	48.17
248	176	9	37.47
1227	20458	4	63.36
101	1008	8	3.97
2737	821	3	29.56
515	213	5	25.02
155	740	4	16.62
1652	1958	3	31.72
102	546	11	4.82
2981	144	3	17.89
276	4015	3	25.79
116	125	10	5.14
13728	14	10	44.61
16054	159	5	56.96
104	2622	4	11.13
20547	14	3	6.62
12	2028	10	6.93
104	120	60	72.64
101	5591	3	4.66
12	5196	5	5.01
40743	148	3	36.9
13460	2290	5	83.4
4307	2679	3	39.4
283	125	4	7.21
102	3972	8	24.21
12	1064	26	28.85
121	1109	4	14.75
153	230	3	4.76
4911	12	7	10.53
36590	12	3	13.78
3096	12	7	5.43
2077	2586	3	34.78
450	116	9	28.27
22858	106	3	21.79
39900	14	4	22.06
1646	107	3	5.66
119	687	59	483.09
17501	185	3	32.76
12	23696	3	9.02
190	11742	6	69.47
222	9629	12	162.68
21149	9	4	36.11
719	2158	5	50.99
25533	14	3	8.62
3543	1080	4	45.77
6515	255	4	40.17
101	4871	3	3.91
12	2484	8	5.32
696	1721	4	36.77
127	677	5	18.28
1654	14	65	231.7
1496	145	15	118.04
13999	14	9	36.54
203	10717	5	55.32
510	1718	5	45.38
728	116	4	9.73
185	549	70	716.39
120	2	32	8.54
317	28995	5	80.51
905	120	3	8.42
1094	291	18	175.9
18720	1	4	40.74
1171	14	126	577.3
273	1751	3	20.69
6402	4114	13	241.54
305	6642	7	82.76
101	3506	4	5.03
102	2583	12	36.13
1913	5158	3	38.48
15309	12	3	6.09
121	840	3	8.07
103	4710	3	9.15
12	5896	6	9.08
44301	28138	3	77.95
420	268	15	111.59
2854	3358	4	53.62
652	2367	3	27.5
231	1128	3	16.83
1998	58	6	26.99
31932	14	5	27.58
844	7934	3	36.39
107	1402	7	21.79
612	679	16	160.08
7534	101	3	6.29
108	4702	5	25.5
42965	13329	3	71.18
149	10767	7	76.19
256	1506	5	37.38
5395	12	5	5.49
164	145	14	42.04
17759	131	3	28.66
1609	101	7	6.58
140	107	70	179.65
616	387	3	16.95
2754	991	3	30.6
433	16	6	12.95
17636	9404	4	79.17
4649	1372	4	50.35
10470	14	16	88.25
200	4816	7	69.75
332	127	6	16.97
2277	114	7	37.73
51424	14	3	16.55
19975	14	8	44.13
641	107	11	28.34
105	420	27	87.25
10673	14	14	65.43
2548	334	4	34.71
22949	141	6	76.39
173	2350	3	18.74
1163	3599	6	74.92
101	13080	3	9.37
461	21	14	52.07
8	4899	11	87.03
353	170	3	8
11056	451	7	96.65
658	18307	3	40.82
12	1127	18	11.78
104	2737	4	11.49
102	2373	7	13
6405	5529	3	46.37
28252	28905	5	136.02
395	143	3	6.91
1295	5269	8	114.15
1775	280	4	30.27
7226	7490	9	173.7
116	1023	3	7.38
12	36814	3	13.78
5866	131	4	30.27
4995	111	4	21.92
32849	14	4	17.19
1067	2964	33	534.49
304	5844	3	28.85
2261	188	3	19.3
5898	18860	4	74.97
316	173	4	12.46
2074	16	6	29.9
2	4883	3	9.35
125	208	5	7.7
1717	314	73	1076.35
189	120	31	129.11
187	6580	9	99.16
964	101	18	28.8
12	4689	5	4.36
188	4733	6	56.1
483	155	5	19.28
4779	12	9	17.22
719	2428	5	52.12
654	393	9	71.88
149	1324	7	43.18
107	11156	3	16.78
20952	14	5	17.39
1475	247	13	121.35
876	928	5	44.07
2464	287	3	23.16
304	243	3	10.36
13587	14	8	29.37
511	162	6	26.32
124	740	5	18.65
188	810	10	67.88
12	822	22	12.1
494	1	5	15.65
141	5637	3	21.61
12	8764	4	6.17
15703	12	3	6.66
6847	14	22	103.4
540	205	3	11.99
42345	42094	3	84.68
109	3678	6	30.92
110	4145	4	19.35
1759	6389	5	71.39
529	4740	16	223.44
5507	119	3	18.38
1107	395	4	29.19
12	11148	3	4.36
32536	14	4	17.19
409	34420	4	66.43
1285	101	9	8.82
2662	737	3	28.79
1761	3879	4	50.63
1481	2053	3	31.33
1759	3604	3	35.73
110	307	27	100.49
363	11554	4	48.78
11285	14	12	51.57
436	21344	3	40.52
21774	9	4	37.63
410	13	3	9.72
129	5017	3	19.67
1692	120	4	18.14
57	640	12	43.62
260	574	4	21.1
1248	2053	5	55.8
2057	152	3	16.23
103	9198	7	44.48
10748	995	3	39.53
169	309	11	53.48
526	1672	6	56.7
3976	1693	3	36.03
101	9074	4	12.18
58	3499	3	12.63
20118	12	4	13.55
313	15781	6	83.02
4956	14311	6	112.71
570	1487	7	67.84
193	2059	3	19.03
1017	5553	5	63.7
108	3364	3	10.26
919	4381	3	32.92
16398	14	9	43.27
29227	14	4	17.19
3954	16	5	29.41
25250	35	6	72.08
138	522	11	55.75
31062	353	3	42.26
11072	12	3	4.36
58	5314	4	22.46
432	3942	7	78.58
3658	758	3	30.95
203	7638	3	27.6
4193	116	8	57.52
10749	642	3	37.17
5885	102	3	5.75
1009	12	89	316.5
1422	486	3	22.72
1131	7486	3	37.66
101	9962	3	7.75
12817	12	3	5.13
676	109	6	11.95
109	2338	10	53.15
12	25376	4	16.81
16871	14	8	34.38
3030	101	5	6.98
10537	12	3	4.03
58	39256	3	30.31
12	26775	3	10.16
2039	106	3	6.43
165	4222	12	122.17
108	1085	3	4.22
17310	122	3	27.69
5030	101	3	4.04
468	124	9	36.64
12	14353	4	9.76
4257	120	4	25.45
139	239	6	15.13
2753	101	7	12.51
202	1069	5	30.83
1732	103	4	7.14
2	7025	5	24.63
101	1817	15	36.45
4813	102	4	8.38
11546	12	10	44.26
103	20515	3	18.79
2100	11080	3	44.16
102	17692	4	19.94
15904	7	3	18.75
457	164	5	19.59
102	361	16	7.43
104	981	6	10.58
725	320	5	32.72
3613	2342	3	37.51
23950	14	5	19.46
188	6110	6	59.43
415	4135	8	92.57
104	1474	5	10.72
101	919	13	13.22
102	2102	29	130.89
19112	12	3	8.09
35	36677	4	48.05
7837	11509	4	73.4
102	5317	4	9.03
110	13882	4	30.09
1771	133	3	14.07
4364	107	4	16.79
37972	14	3	12.18
49074	102	3	24.09
13916	12	3	5.58
207	5187	3	25.23
584	1265	4	33.1
12380	416	3	35.82
3075	280	5	45.75
8988	14	10	30.05
391	2738	4	36.63
308	5807	10	123.32
6035	407	5	56.7
1531	104	20	98.25
509	103	6	3.93
3580	101	5	8.28
103	1380	4	5.7
6861	419	3	31.54
101	2629	7	11.93
103	3372	5	17.01
3133	11719	7	124.66
9084	3762	3	46.41
5637	705	4	46.63
102	8342	3	7.8
12	11506	6	18.04
2602	155	26	278.68
47175	14	3	16.55
670	1982	5	49.36
2719	1978	5	63.23
29575	14	3	10.08
192	588	4	17.97
355	29870	3	42.29
105	3755	9	47.24
13714	106	5	35.95
767	1619	3	26.07
1755	182	5	34.33
1184	204	4	23.75
7238	12	4	4.87
159	16738	10	141.67
27603	14	5	22.3
11799	136	3	26.24
9722	14	11	39.38
365	1677	5	42.34
23580	14	4	12.9
103	11723	3	14.92
14875	213	3	32.65
1425	2146	4	44.23
1425	561	8	78.65
566	2330	70	1208.24
3592	23702	3	52.8
20267	12	3	8.09
9570	15931	6	125.5
2365	7	3	6.89
109	1525	3	6.44
2899	3228	41	821.49
538	352	6	39.49
397	12	29	5.63
106	22420	5	43.82
559	1007	9	84.03
127	724	4	13.4
188	262	10	46.99
4158	120	3	17.16
842	8594	6	83.63
415	772	3	18.47
188	6957	3	26.18
1006	27732	3	46.26
12191	1093	4	56.65
689	486	5	36.08
9252	178	3	27.54
2376	102	5	6.5
9186	14	12	44.06
165	13635	3	29.24
18295	14	7	29.34
22694	35291	4	101.04
12	20542	3	8.09
2312	150	3	16.72
53994	475	3	50.54
1302	105	6	14.27
219	561	5	26.01
823	652	3	21.13
668	4054	3	30.72
14603	42329	3	71.79
103	1960	21	111.07
104	1172	6	12.11
4882	154	12	123.46
17774	14	8	37.98
12	5853	5	6.02
2	6582	5	23.77
101	7961	6	21.49
3928	101	4	5.73
12	3343	6	3.88
38789	14	4	22.06
12	1375	16	12.85
18807	12	4	12.38
556	128	6	22.02
1068	439	31	363.36
101	16784	5	24.65
2222	117	3	11.92
336	419	3	14.12
585	1236	9	88.98
1601	509	3	23.67
2865	102	5	8.02
1563	536	3	23.8
185	4784	3	23.77
30412	14	5	27.58
893	106	5	8.12
929	149	24	191.45
8216	12	10	33.88
45365	117	3	36.72
31060	14	4	17.19
1369	9080	3	40.35
27565	207	3	36.99
106	6999	3	13.45
52834	14	3	16.55
2	25486	3	21.07
856	990	3	23.55
643	116	13	57.89
11667	117	12	135.44
4503	12363	3	49.81
140	3215	7	54.38
683	2612	5	52.42
5125	12	5	5.01
36916	12	3	13.78
19191	3840	3	52.19
1318	362	5	39.89
101	15842	5	24.65
135	1297	9	57.11
14602	12	5	15.74
57	4418	3	13.83
130	17	37	108.1
109	198	119	631
257	659	3	14.69
836	760	31	381.66
132	1695	6	35.86
704	451	15	140.8
45868	117	3	36.72
109	2839	9	49.35
2997	12	7	5.08
25191	14	5	22.3
1594	9869	3	41.59
261	407	6	32.92
7449	959	3	36.49
1699	224	4	27.79
28285	12	3	11.65
8289	12	7	17.82
102	854	11	10.34
12	1657	11	6.05
762	102	11	9.08
104	2219	6	19.65
12	4150	6	5.7
2904	149	11	96.47
311	19179	6	87.46
212	1	7	15.41
460	6888	6	73.22
20985	101	4	19.72
20533	21	5	49.02
1989	7	3	5.94
422	247	13	90.45
6920	4934	3	46.3
106	11855	4	25.1
156	20216	4	45.23
102	6772	6	21.33
22384	21	4	38.13
19882	14	6	24.36
12	5911	8	16.41
122	21	52	139.72
5741	2531	3	40.98
101	1325	11	14.79
12	1441	51	155.43
1496	4349	4	50.3
102	206	62	90.47
12	3309	11	17.45
445	4869	3	29.69
416	102	54	138.57
11888	101	3	8.91
103	5349	8	42.52
102	1754	5	4.18
11720	2684	3	46.01
598	211	4	19.25
2644	834	4	41.65
12	2748	11	14.05
37185	12	4	24.25
427	482	16	139.92
428	14	351	1861.57
6342	14	26	134.99
22171	14	7	38.61
570	11773	3	36.97
271	1405	5	37.36
3336	12	25	83.43
206	4285	11	119.11
1541	715	4	36.03
257	9456	5	56.93
47055	14	3	16.55
119	6986	7	59.75
5597	12	6	8.72
102	1603	16	42.41
12	304	36	5.87
1269	101	7	4.36
2294	103	4	9.21
245	14	515	2233.67
127	3135	4	24.66
3966	1544	4	49.7
7509	268	5	55.13
101	9677	4	12.66
12	11790	4	8.48
650	101	11	4.61
28595	12	3	11.65
24269	7518	3	58.83
2385	166	3	18.08
374	125	3	5.35
379	1235	9	82.1
321	908	3	17.81
129	2663	3	15.92
3773	177	4	31.32
141	18004	4	42.39
707	2096	4	38.59
638	2	12	24.61
20750	14	4	11.5
800	316	12	101.96
193	707	5	26.39
48423	12	3	18.18
1183	1550	4	39.85
348	2892	3	25.37
222	4791	3	25.34
28354	12	4	19.34
101	15604	4	16.52
12	10168	3	4.03
1074	2	4	4.14
3112	12	7	5.43
33529	102	3	19.63
232	638	4	20.85
229	274	3	9.32
6151	953	3	35.2
4487	109	7	41.21
7	469	7	7.97
14292	14	6	17.24
3194	573	4	40.44
4408	12	12	27.91
373	3812	5	50.84
105	2827	5	17.43
800	1468	3	25.63
106	195	10	4.52
8910	4709	3	47.45
166	1253	6	36.7
2279	6248	8	126.83
174	763	9	56.38
9942	12	4	6.98
124	2201	6	37.36
101	187	174	466.81
2	2089	3	4.98
1146	7	6	13.13
1235	3824	5	62.02
426	423	3	15.42
8218	1235	5	70.68
521	181	5	22.59
3650	12	10	15.62
102	16723	3	12.13
302	227	17	114.16
751	9	5	12.63
239	429	29	248.76
1705	1790	3	31.29
1724	8512	3	41.01
16998	12	3	6.66
101	2850	5	6.56
12	741	30	25.2
3156	12	9	10.62
20643	862	7	119.44
12	3579	7	6.83
1623	101	14	29.26
101	1598	7	6.58
1096	20944	5	81.19
40583	14	4	22.06
12	7801	4	5.48
1290	116	3	8.71
303	2017	4	32.16
12441	14	13	71.7
241	7155	3	28.41
363	1734	49	675.21
4099	180	13	139.36
259	14963	3	34.1
101	5462	3	4.49
27373	104	3	21.92
726	661	3	20.48
9261	112	3	18.88
1177	704	4	33.62
4474	134	6	48.28
102	5207	3	5.08
2923	12618	4	65.59
388	386	3	14.65
7222	12	4	4.87
101	2893	4	3.9
795	12	25	17.01
1333	1489	5	53.1
13116	326	4	48.55
5187	101	3	4.19
15996	16	6	58.72
2860	101	5	6.56
851	105	4	4.1
27315	14	5	22.3
4685	101	5	10.65
7469	153	3	24.55
11112	113	3	20.7
12	539	29	12.3
50343	14	3	16.55
249	563	3	13.6
9261	148	3	25.21
102	3106	21	97.7
11691	159	4	39.92
127	1566	8	49.49
262	8970	3	30.47
11059	306	3	33.14
102	4558	14	64.2
1679	126	4	19.56
1707	112	5	19.4
2562	5478	3	40.65
22752	117	4	39.42
5628	150	4	31.85
5664	107	3	12.44
10909	12	5	12.2
836	10851	4	54.07
393	104	9	10.27
1380	106	10	36.55
16084	14	4	9.39
117	5399	3	17.13
239	3457	4	34.24
3915	2367	5	69.09
543	312	16	133.34
1028	111	4	9.69
110	25957	3	25.69
37065	14	3	12.18
11304	175	7	80.99
12	3538	13	26.19
9925	101	3	7.75
112	4271	5	28.42
49792	14	3	16.55
4660	107	4	17.43
529	18624	3	39.58
5238	101	3	4.34
110	2462	4	15.33
19283	9056	5	104.16
983	114	4	10.67
15080	14	11	60.67
348	186	3	9.02
833	20117	3	42.97
1224	264	6	44.94
616	153	10	55.87
1346	104	6	13.9
198	3239	8	74.8
102	8535	3	7.8
38135	14	4	22.06
5690	14694	5	93.83
401	472	6	39.6
14081	12	3	5.58
2029	111	5	20.77
3054	1423	32	539.03
101	14672	3	10.44
135	128	13	24.62
22615	184	3	34.64
1860	12	15	17.24
256	609	4	21.33
131	131	8	8.45
17677	14	8	37.98
13425	44471	3	71.18
197	591	8	47.6
537	537	4	25.91
1558	161	56	647.09
703	5340	5	60.03
108	8065	3	15.48
2024	24060	3	50.62
17563	14427	4	83.82
106	912	16	60.09
57	1241	4	10.92
1218	494	4	31.36
18732	105	3	19.23
1903	104	4	8.91
2853	107	3	8.62
13	185	5	12.38
103	560	14	29.02
124	1378	3	11.71
103	2149	15	71.53
141	12669	3	27.04
1530	3292	3	34.34
101	6073	4	8.72
35	52663	3	36.04
1164	3739	3	33.35
2383	431	7	71.29
3631	8940	3	45.79
180	1278	4	22.97
10041	14	16	80.78
339	8177	4	45.01
3551	102	4	6.19
20001	30200	5	125.43
869	199	3	14.07
871	111	3	5.02
51064	14	3	16.55
782	133	3	9.53
9796	1336	5	73.44
178	850	8	50.09
102	6598	8	32.81
101	7713	3	6.29
386	3985	16	208.01
1090	234	3	16.74
101	2010	8	11.93
1084	5740	3	35.7
34116	12	4	24.25
184	12	73	14.97
1143	177	18	152.53
7977	334	3	31.42
1011	8827	4	53.29
12647	124	3	25.47
20102	12	5	20.02
1407	210	3	17.49
1021	109	13	53.55
12	329	51	28.89
41507	24956	3	76.36
43327	45001	3	84.68
760	1093	15	167.86
389	588	4	24.6
8510	2553	3	43.36
456	121	3	5.27
11850	11930	3	55.58
118	698	30	193.13
2378	8	4	17.12
253	15321	4	47.9
997	104	9	22.4
240	4474	5	47.85
28757	1111	4	68.55
101	598	18	16.96
6897	12	6	11.16
231	12925	3	32.15
101	3103	7	14.02
53795	12	3	18.18
247	166	3	5.68
12	2707	10	10.98
350	199	34	272.31
112	10102	5	37.83
4056	102	14	60
173	419	3	9.22
200	653	34	312.2
2412	49651	3	60
4645	117	24	248.15
9714	268	16	244.55
1862	17633	3	46.91
405	153	22	142.02
2034	104	3	5.5
5366	659	6	73.74
38954	14	3	12.18
23787	14	3	7.51
254	126	17	71.44
4614	3326	7	109.03
369	858	3	18.36
372	486	4	22.81
12	12481	4	9.09
2574	14	61	306.96
1006	1492	3	26.91
14391	12	4	10.52
1223	109	7	22.94
38655	160	4	56.68
440	439	9	66.78
1047	700	5	43.13
107	4111	3	10.59
12148	12	3	4.72
5369	7	8	46.64
108	552	14	42.16
166	103	26	21.14
198	36726	3	40.26
108	2157	4	12.59
149	9079	3	25.33
22849	1790	4	67.96
4528	14	28	114.57
35	30033	5	60.07
10111	101	3	7.75
12	12266	3	5.13
916	114	6	19.68
32138	111	3	28.06
110	1543	3	7.25
1106	4364	13	190.02
2721	101	5	6.04
137	329	4	9.45
113	2344	3	11.15
2899	34414	4	81.63
400	111	42	225.3
6695	209	4	38.5
28224	34978	3	73.45
103	12105	4	22.47
12	14464	3	6.09
174	650	5	23.98
988	24249	4	65.06
35585	14	3	12.18
537	461	3	16.97
37928	14	4	22.06
585	10651	3	36.23
6391	375	11	145.67
610	1378	3	23.83
708	109	6	12.38
21475	313	3	38.66
1617	27155	4	69.13
10772	124	3	24.51
17483	230	3	34.72
163	188	10	32.84
1213	106	7	18.91
102	8699	3	8.1
944	809	4	32.96
11040	12	3	4.36
13369	12	4	9.76
58	2995	10	63.75
1188	481	3	21.55
142	2244	5	32.07
35	45239	3	36.04
431	2292	3	25.1
498	105	7	7.92
198	5643	5	47.6
342	19147	3	38.23
12	29168	3	11.65
17073	14	7	26.79
608	1538	7	69.25
36934	14	4	22.06
470	109	23	89.37
115	8735	3	20.04
23431	14	4	12.9
165	6815	3	24.41
7429	12	4	4.87
2185	145	3	16.15
2894	9	3	12.17
8060	598	6	78.5
126	2007	13	100.08
103	172	83	242.97
2	790	6	7.37
763	2518	14	180.55
12	7916	4	5.48
14965	14	6	18.59
103	4351	4	13.81
789	118	6	20.71
9037	14	8	20.71
216	2322	17	180.26
124	2102	8	53.72
3721	3092	7	104.83
134	13502	7	78.63
272	1095	4	26.01
18081	14	5	15.74
12	24358	4	16.81
119	328	4	6.3
144	242	3	4.32
6514	331	3	30.01
248	905	3	16.12
153	653	50	453.95
2736	14	56	274.97
699	103	9	15.03
3695	769	3	31
188	652	7	39.87
4845	102	5	12.54
187	248	4	11.33
101	996	14	17.49
2585	362	6	58.3
2014	12	9	4.9
12	4589	5	4.17
790	7825	3	36.07
12	6299	5	6.61
126	7025	3	21.64
4873	14	16	42.48
12	18447	3	7.32
1673	144	4	21.51
211	4007	5	45.05
4512	3220	3	40.8
1472	2922	6	75.67
240	6582	3	27.86
27826	16	5	54.73
5680	107	3	12.44
888	259	3	16.35
105	1967	4	9.54
701	111	4	7.31
6265	104	3	11.68
5067	213	7	71.74
113	5525	5	32.17
26778	14	6	33.09
33982	12	3	13.78
6269	12	6	9.84
57	216	6	4.06
57	6938	3	16.65
6696	16677	3	54.11
982	866	18	208.84
607	221	3	13.19
1849	103	3	4.32
10707	12	6	16.19
950	3328	3	31.45
8666	101	3	7.11
201	199	23	134.67
5375	9	3	15.82
529	209	4	18.23
3592	211	3	23.13
495	113	4	6.17
1131	7233	4	52.36
436	363	3	14.73
370	417	11	82.22
1902	103	7	20.89
3878	107	4	15.82
295	411	3	13.38
101	12922	3	9.37
58	1636	7	30.77
12910	111	3	20.79
1218	114	3	7.54
9590	276	3	31.54
110	1239	3	6.09
2766	14429	6	106.87
641	997	6	52.64
4086	4891	3	42.59
1787	891	3	27.35
292	292	4	17.32
803	105	9	20.36
12409	427	3	35.94
2914	107	3	8.71
2825	2635	3	36.74
165	16075	3	30.52
17725	14	7	29.34
24846	1323	3	48.05
584	36292	3	47.17
12530	193	4	43.43
387	388	3	14.66
12048	111	3	20.29
149	17406	3	30.08
823	847	6	53.42
247	328	16	110.09
101	537	12	3.91
2869	107	8	38.42
824	57	3	4.66
694	3245	4	41.89
283	1043	4	26.09
6067	3205	4	59.27
309	4251	5	50.18
101	4773	3	3.91
479	40220	3	46.1
4714	102	4	8.17
17	164	8	8.96
1443	7388	21	387.69
588	128	3	7.54
8742	3097	12	223.22
4994	163	3	22.33
35987	14	4	22.06
13047	106	3	17.37
696	207	9	59.84
102	999	28	78.28
124	1828	11	77.96
102	2732	8	18.78
101	3911	4	5.73
7242	12	7	15.75
6679	106	3	13.2
8855	14	18	91.58
898	1995	16	207.17
12	7473	4	5.17
101	5365	4	7.75
1948	369	3	23.27
101	6173	5	13.03
666	2800	4	40.41
36322	14	3	12.18
185	3029	25	293.25
47439	1468	3	56.93
8795	150	6	59.38
458	149	76	695.89
2344	102	26	117.2
271	139	3	4.73
5774	17100	3	53.17
1197	2504	4	43.87
106	9018	3	14.91
4503	2769	4	55.86
12	6783	5	7.27
451	400	9	66.02
103	6057	11	70.18
4307	180	13	140.93
104	2091	3	5.69
102	1670	22	74.16
12	2848	12	18.15
102	7341	5	16.73
3002	113	4	18.99
1375	1824	4	42.65
512	143	4	12.73
543	2048	7	71.88
28060	12	3	11.65
2378	221	3	21.04
1066	1214	6	60.35
688	179	6	32.17
31413	14	5	27.58
1379	127	5	24.96
2165	375	3	24.09
125	1122	3	10.55
157	243	3	5.19
28547	12	4	19.34
632	2547	3	27.69
2109	102	7	11.7
3734	3491	8	124.74
3653	279	3	25.34
1094	101	12	13.62
6655	8	4	25.57
394	129	3	5.82
7	13649	4	25.99
6947	101	3	5.81
1593	20847	4	65.52
109	6705	3	14.94
373	127	4	9.25
128	6875	4	31.17
5968	12	8	16.97
505	232	10	65.82
673	5112	3	32.25
3121	106	16	101.77
7563	364	5	58.34
108	654	16	57.12
2419	5199	3	39.89
4173	109	5	25.07
7017	14	15	52.16
367	163	3	7.76
12	9679	4	6.98
429	21	15	55.96
914	314	3	17.73
328	1	4	8.3
111	657	3	3.85
1671	101	6	4.69
112	3043	4	18.31
2662	106	20	130.47
140	6711	4	32.72
1434	16072	3	44.56
129	387	9	35.21
4922	103	8	41.44
109	289	14	29.91
1048	14	141	655.69
2061	17028	3	46.8
6809	490	3	32.31
703	5780	4	46.93
28	17163	10	152.67
138	187	17	63.61
2180	578	12	140.62
327	3632	5	48.92
647	247	6	36.89
1577	101	6	4.16
12	10762	4	7.94
51929	14	3	16.55
26840	12	3	10.16
5482	12	26	130.71
8040	1209	3	38.46
101	9026	3	7.11
463	271	3	13.21
946	9	4	9.9
141	3517	12	110.4
102	13831	4	17.14
137	741	4	14.85
136	102	93	86.89
162	898	3	12.14
108	1308	7	22.82
107	2545	4	12.68
765	200	5	27.69
832	505	3	19.72
477	21826	3	41.02
116	17	33	58.7
270	281	3	10.55
11271	694	7	102.01
2620	23064	3	50.9
1677	2739	5	61.73
9308	106	6	39.83
2464	1500	5	59.44
1943	14702	3	45.76
12	21047	3	8.09
5151	20609	3	53.99
2802	12	12	17.44
17606	12	4	12.38
12	2039	9	5.03
102	740	10	6.54
126	1314	3	11.6
7544	16	3	18.65
867	521	4	29.1
13619	14	11	53.92
101	7362	5	15
42381	12	3	18.18
3454	331	3	26.05
27041	114	4	40.09
12	3423	8	8.94
102	587	237	1702.04
103	208	29	46.86
127	1652	4	19.63
143	7984	5	45.56
14457	622	9	145.74
333	456	20	172.96
27734	12	3	10.16
998	129	5	21.85
2700	111	4	17.06
12049	1006	6	90.15
351	921	5	35.95
102	1876	6	7.26
12	641	30	20.16
635	58	8	23.35
31076	14	3	10.08
12	2283	11	10.92
3856	331	3	26.71
102	3586	4	6.33
28191	12	4	19.34
113	10468	12	124.66
445	3390	4	39.02
900	993	3	23.87
549	299	13	102.46
6294	14	20	80.33
2291	26981	3	51.42
7296	137	3	23.02
12	11217	5	12.2
127	10683	3	24.37
369	562	15	129.22
137	304	3	5.32
11321	102	3	9.52
780	253	6	39.17
1015	160	3	12.72
225	102	24	8.19
7	2370	6	21.56
9268	103	3	13.31
1201	14447	3	42.71
112	16535	3	22.83
644	16	5	12.31
572	867	6	49.74
21957	14	5	19.46
5455	115	8	62.15
7148	14	5	5.5
40708	14	3	12.18
410	1065	4	29.11
612	2739	3	27.99
57	827	3	4.68
3807	12	6	4.89
40817	14	4	22.06
2028	2321	4	47.75
913	178	6	34.86
102	8678	3	8.1
10883	654	3	37.24
531	1246	3	22.34
1610	957	3	27.19
9585	226	3	30.23
12590	107	6	45.46
951	102	29	80.44
2017	496	4	35.56
2019	728	3	27.1
16116	14	10	55.16
1109	350	3	19.49
35264	14	3	12.18
218	764	5	28.9
5298	520	3	31.06
102	6153	6	19.89
961	466	3	20.13
349	12	49	30.26
12	4667	5	4.36
200	10595	5	54.95
101	1106	8	4.79
1301	106	3	4.21
18836	1582	4	64.17
998	202	7	47.05
3373	107	3	9.45
16287	102	4	18.88
19833	12	3	8.09
150	5151	10	98.01
1135	4736	3	34.58
1442	242	3	18.73
357	282	3	12.26
2919	2	4	10.96
11421	193	3	29.6
1837	106	6	19.31
21597	12	5	22.13
116	910	3	6.84
149	17487	5	56.85
123	161	9	14.55
215	229	4	12.43
27619	14	4	14.69
104	156	23	16.97
102	2927	4	5.09
2524	58	3	10.78
1090	447	10	93.12
123	4350	12	108.67
2892	101	4	3.9
431	25854	3	41.69
1508	499	3	23.17
102	39399	3	19.63
29576	101	3	16.33
9357	101	7	30.04
344	4006	12	145.36
167	112	9	6.14
139	126	11	18.05
142	775	4	15.64
1374	9210	5	73.1
40894	28836	3	73.45
203	829	3	14.17
101	11504	4	14.32
12	11628	3	4.72
313	8588	7	87.57
49337	14	3	16.55
1054	12365	9	148.81
102	8716	6	24.96
332	5427	3	28.91
30460	14	4	17.19
1224	4330	3	34.62
234	358	10	60.26
8697	14	10	30.05
1670	1007	3	27.65
58	506	74	517.09
5170	14	22	80.78
1393	249	8	65.79
286	3048	5	46.01
1888	10764	3	43.5
1363	105	13	51.21
1076	164	7	42.53
128	1144	8	44.12
6919	13476	3	53.1
105	2416	5	15.92
435	2151	9	94.83
121	12227	3	24.01
7836	703	3	35.41
32176	106	4	36.75
262	2108	6	51.85
17491	127	3	28.34
107	17679	4	29.91
21113	12	3	8.09
3591	263	20	250.33
1419	12	25	38.87
766	2476	4	40.63
161	1058	23	194.71
2365	476	5	48.26
733	1196	4	34.07
228	524	11	74.95
4183	14	37	178.4
405	530	4	24
2512	428	3	25.52
3247	6706	5	78.08
934	352	15	142.22
5256	117	9	72.26
269	124	5	10.08
101	5414	5	12.05
19916	12	3	8.09
3417	16	3	13.73
29700	14	5	27.58
7682	9922	3	51.31
12	3276	13	24.66
10184	16	15	172.96
124	3170	3	16.57
2705	101	7	12.31
122	329	3	4.28
35684	14	3	12.18
104	611	8	12.29
1560	231	4	27.54
12	5753	5	6.02
8466	184	3	27.31
12372	12	6	19.12
102	4946	3	4.93
1401	112	4	12.35
22928	14	6	27.48
301	1024	3	18.19
836	15929	3	41.37
102	4085	3	3.9
1332	2404	7	86.47
775	14140	4	55.72
531	11007	6	81.99
101	801	13	11.05
48040	14	3	16.55
102	5848	7	24.97
140	9664	3	25.18
2836	1282	5	59.4
127	792	11	60.35
390	267	10	65.04
1509	2082	3	31.52
110	11672	3	19.51
1523	109	6	20.49
294	39906	3	43.48
507	3384	3	28.12
2993	122	5	31.68
1462	312	3	20.48
18065	14	8	37.98
107	136	493	3223.82
29784	14	3	10.08
1486	3547	3	34.55
102	13797	3	10.93
19096	12	6	27.57
1192	109	5	12.94
18426	14	9	49.64
945	3014	4	43.52
1010	1858	6	65.27
559	182	10	60.56
1495	12	13	8.18
7	6732	5	26.68
333	11385	3	33.61
954	158	3	12.19
18155	122	5	52.87
639	146	9	46.57
3738	7	5	20.54
108	371	80	469.1
8495	102	4	12.69
102	26246	3	15.89
170	290	3	6.96
39376	244	3	42.01
12	15672	3	6.66
14871	14	11	60.67
113	4024	3	14.24
2854	5721	3	41.56
3051	102	5	8.47
881	3861	3	31.94
2442	206	3	20.76
1424	212	3	17.68
6050	101	3	5.01
3778	101	9	25.48
113	1582	6	25.72
4388	995	30	508.43
138	1536	3	13.62
466	4476	3	29.45
5819	1153	6	81.17
1555	336	4	30.79
7	3173	3	8.41
9269	157	7	74.58
108	700	9	23.4
273	8427	3	30.42
161	4738	4	31.67
1383	14874	4	61.11
13648	14	3	4.23
3710	3965	8	126.29
4695	141	5	39.49
114	18158	3	24.36
397	1084	4	29.05
912	142	3	10.84
8191	46400	3	67.77
648	436	12	104.64
5771	13366	3	51.89
136	203	7	16.49
17622	12	5	18.34
10621	217	3	30.21
201	134	4	5.47
1147	9137	6	87.82
3186	8769	6	99.9
767	880	6	53.14
35	15553	7	69.7
1154	200	4	23.23
3538	159	5	38.81
956	7	9	23.55
13607	102	4	17.14
1420	17823	3	45.26
109	1049	3	4.51
108	669	7	14.52
24550	12	3	10.16
7	5811	4	18.2
142	1028	3	11.46
9	302	6	8.67
101	9411	3	7.42
4263	26113	5	100.47
15	8	5	15.74
5134	18406	4	73.86
403	137	3	6.67
35624	12933	4	94.55
31092	14	3	10.08
138	1846	4	21.94
25077	150	4	47.73
7355	102	3	7.01
269	32827	3	40.49
135	3595	3	18.48
1036	16121	3	42.55
2036	157	4	24.51
998	9426	3	38.33
222	7	18	25.03
320	1382	12	115.61
2844	229	4	32.36
57	1018	3	5.6
5629	12	5	5.75
8980	627	3	35.46
58	9203	4	27.42
7665	101	4	10.56
40203	14	3	12.18
214	14	372	1062.88
465	9155	3	34.2
122	304	4	7.18
101	1976	6	6.05
9668	33769	4	92.05
12	5571	8	15.36
238	23454	3	36.82
2047	134	4	22.54
3517	12	6	4.36
895	982	3	23.8
3751	1738	4	50.35
1354	170	3	15.02
3557	4040	42	927.62
1476	101	8	8
4049	16257	3	50.85
16731	239	3	34.22
1292	3848	3	34.28
32605	14	3	10.08
624	1844	8	84.88
9401	896	6	85.11
10331	14	7	17.86
1913	5943	7	104.96
4338	547	3	30.08
124	206	5	7.44
932	3787	10	133.27
6120	13837	3	52.11
4002	109	3	11.81
7164	14	16	58.75
19713	14	7	32.71
145	117	97	470.55
108	14227	3	19.13
1123	14	28	25.47
106	1404	3	4.56
57	6415	3	16.15
6513	101	5	13.76
17571	15804	3	61
566	34747	3	46.95
3018	113	8	49.4
4493	185	7	66.92
1519	758	6	59.77
114	2091	3	10.67
1193	1384	3	27.52
149	8656	4	35.84
2361	4930	17	296.12
12623	3399	4	66.68
14324	14	10	44.61
406	17	7	20.03
6639	8	11	96.25
7955	14	18	82.45
1725	562	9	94.38
196	233	3	7.11
20782	14	4	11.5
253	208	3	8.02
226	725	3	14.38
1389	154	5	28.79
17952	12	7	33.09
31696	14	4	17.19
4030	9312	4	65.11
2695	105	13	69.58
13821	14	10	44.61
136	412	3	6.74
11739	613	3	37.37
198	325	42	346.41
11710	102	5	22.24
2571	1082	8	98.31
2089	107	3	6.93
108	1857	16	90.01
45413	14	3	16.55
2351	915	4	41.34
1647	7	3	5.02
127	252	4	6.36
101	1062	34	100.45
842	12372	3	39.57
103	3974	18	117.75
1300	1235	39	580.37
220	830	5	29.65
12	6233	9	21.96
1060	102	8	6.19
153	4816	4	31.24
4121	12	8	11.29
281	6443	4	41.14
4151	1708	3	36.39
6197	352	3	30.17
415	867	3	19
351	163	16	91.53
12	4869	6	7.17
1087	107	5	10.03
355	7287	5	57.65
153	699	5	22.14
125	283	12	45.37
12	2362	13	17.25
529	8782	8	110.37
101	2486	5	5.45
3376	1244	3	33.22
555	1503	3	23.7
5984	12	6	9.45
240	16	22	75.64
688	3497	8	96.99
144	280	3	5.15
391	51492	3	49.59
12	19480	4	13.55
31884	14	3	10.08
960	211	4	22.53
101	5649	3	4.66
122	741	3	8.02
121	102	528	1779.37
123	881	5	19.59
5838	234	3	27.03
103	967	6	8.96
314	1094	3	18.68
104	872	5	6.43
12	3504	6	4.36
2907	131	19	181.7
392	17208	4	53.79
783	9	4	8.73
1135	2206	4	42.44
12027	101	3	8.91
149	7175	3	23.75
790	21886	3	43.73
490	107	17	49.5
2115	335	5	44.07
1065	995	8	82.2
855	10251	3	38.24
177	14	926	4487.09
150	526	11	58.26
242	440	5	25.29
3639	147	5	37.04
12883	14	12	59.27
173	11696	6	67.91
2	4393	11	61.63
102	5134	8	28.61
47017	14	3	16.55
103	4763	4	14.44
7126	154	4	34.53
101	3459	5	7.93
25921	14	5	22.3
17065	12	8	38.68
126	1616	10	66.86
157	102	73	68.78
4339	106	3	10.54
13	192	5	12.79
102	2873	22	101.03
12	4112	6	5.7
960	4741	3	33.65
309	1511	14	141.05
663	1114	4	32.75
15808	35164	3	67.96
6352	14	27	148.93
35	21937	7	84.1
6547	107	4	20.12
2045	2658	4	48.95
16	771	7	23.68
337	3244	3	25.8
6415	17499	5	98.2
12671	1640	4	60.8
518	102	39	89.03
1736	7	3	5.27
10411	11211	4	75.21
23833	762	3	43.58
19924	14	4	11.5
2598	463	6	60.85
179	5002	4	33.92
102	1573	19	55.72
104	1937	3	5.26
101	454	15	6.07
26415	14	5	22.3
15534	141	3	28.19
2	3274	18	109.53
117	238	8	14.39
8399	141	3	24.19
242	16149	5	63.63
9618	149	5	48.63
110	1156	10	41.05
21505	20022	3	64.53
8670	8182	19	458.2
112	1161	6	20.64
204	1109	3	15.7
233	2025	5	39.56
3782	103	3	7.9
1188	1488	9	104.27
111	3561	3	12.61
20926	14	3	6.62
149	42949	3	41.52
39548	14	4	22.06
290	116	5	7.09
25450	14	6	33.09
5850	106	11	76.5
3166	328	3	25.42
12395	101	11	73.18
8368	664	4	49.74
102	25417	4	24.56
162	3290	3	19.81
9045	12	8	24.75
105	1253	4	6.43
57	142	23	35.01
1791	5120	3	38
590	4524	26	405.43
1223	102	13	22.81
5345	106	3	11.71
7801	732	3	35.59
2308	717	3	27.79
961	13780	3	40.8
14464	277	3	34.5
12932	101	5	21.32
973	2120	3	29.02
53020	14	3	16.55
10503	364	5	62.05
2538	104	12	58.94
12	12273	3	5.13
11763	7267	6	115.51
569	137	14	79.97
1904	16	16	109.77
5321	1543	5	67.7
4484	8098	3	46.46
102	17044	3	12.13
550	782	10	90.85
391	258	5	25.18
874	102	12	13.15
3987	15303	3	50.03
455	1091	4	29.95
35	17049	10	120.15
2161	159	39	448.2
156	3309	3	19.5
449	5050	3	29.97
603	3155	11	136.33
795	107	4	4.81
12	6446	9	22.69
101	4341	5	9.92
1458	29019	4	70.87
7186	102	7	28.54
842	13285	4	56.23
12	548	48	53.88
102	1336	11	18.03
1682	421	5	43.61
102	3448	35	223.02
1750	39454	3	53.48
53458	14	3	16.55
3558	111	5	26.15
719	2507	3	28.28
11749	883	4	55.05
1869	101	7	8.18
31958	14	5	27.58
550	51799	3	51.28
969	604	3	21.63
972	232	5	32.02
3752	4144	3	41.17
5256	575	3	31.68
26108	14	6	33.09
22571	14	3	7.51
1333	101	11	14.79
280	972	3	17.41
12	3906	6	5.28
2	713	5	4.16
32159	14	3	10.08
693	9	5	11.84
102	449	36	69.77
122	343	4	7.97
5229	12	6	8.06
594	9715	10	149.75
763	338	12	102.87
1028	16	3	6.88
238	1713	9	79.16
12	16846	3	6.66
211	294	4	14.42
20344	14	6	24.36
12	21080	3	8.09
488	1125	3	21.22
427	1723	4	33.35
57	721	6	15.15
132	1142	3	11.39
101	48609	3	22.98
111	17765	3	23.35
255	7321	14	188.12
507	431	19	174.32
11100	421	4	49.21
168	632	3	10.8
7997	911	6	83.03
563	448	4	25.05
39128	14	4	22.06
12	10142	4	7.44
102	10513	3	9.13
261	173	4	10.95
2414	4530	3	39.18
1698	9	3	9.08
35	8523	20	240.35
32900	14	4	17.19
2996	2468	3	36.69
3387	1277	5	61.05
800	1037	4	33.63
7250	14	9	20.69
1911	102	9	17.25
8	21829	3	26.04
612	1804	3	25.42
226	704	4	21.22
4694	12	6	6.9
18783	14	8	37.98
12514	184	4	42.9
2	9526	4	20.27
12	12680	3	5.13
230	707	5	28.96
1860	107	6	20.11
103	14050	6	42.06
373	21144	4	54.67
655	47395	3	52.25
33050	9	4	47.18
13951	117	12	146.92
126	11108	3	24.68
404	1765	4	33.22
2922	105	3	7.76
107	787	4	4.75
133	155	9	16.92
106	2892	4	13.22
222	5385	4	37.23
1591	2112	8	101.97
750	8979	3	36.49
20995	14	4	11.5
4112	1101	22	350.06
108	1043	3	4.04
110	251	79	425.69
23854	14	4	12.9
323	126	3	4.6
42934	34364	3	80.18
506	237	93	1068.25
112	248	9	14.42
5919	2	3	10.45
14844	14	8	31.63
139	290	4	8.85
9150	247	3	30.4
3148	102	5	8.62
12	11797	3	4.72
38554	14	4	22.06
1038	772	4	33.44
2093	109	4	13.09
1421	161	4	21.98
7865	1014	7	100.87
136	1116	3	11.57
35	11234	15	180.24
57	680	12	44.56
25793	475	3	42.22
7928	6304	4	67.5
32964	185	3	37.48
5489	101	5	12.05
1924	9645	11	194.05
160	800	5	24.13
769	3521	3	30.74
105	103	272	351.7
3165	101	5	7.28
108	4170	9	54.77
318	350	8	49.76
1043	334	3	18.81
973	114	8	31.58
8729	117	3	20.22
684	2467	3	27.9
6813	114	9	74.8
2817	16	3	12.63
808	128	8	39.15
1635	1993	3	31.73
19219	216	4	49.76
236	1977	3	20.45
15353	102	5	25.22
18465	14	6	22.03
57	2088	3	9.57
197	561	27	224.94
4381	102	4	7.61
3422	28635	4	77.89
375	1182	4	29.24
2579	2548	3	35.96
7	4538	5	22.54
816	809	3	22.19
143	480	3	7.75
8960	184	9	106.37
5474	14	29	145.39
37039	14	3	12.18
216	3833	14	158.15
123	1403	5	24.14
12	565	22	4.55
12	2174	10	7.96
284	6674	4	41.59
101	6545	3	5.39
383	1799	3	22.97
13966	106	9	80.46
547	104	6	5.62
12	750	26	17.57
13258	12	8	33.61
280	3948	4	36.79
12	2983	11	15.64
1239	644	3	23.4
5149	162	3	22.49
109	9460	3	17.01
101	18205	3	11.78
182	169	3	3.91
1068	104	5	7.92
4129	14	38	188.54
22816	14	4	12.9
273	1286	4	27.47
9464	14	11	37.53
601	105	17	50.12
1620	2976	3	34.16
101	3193	6	10.58
104	259	22	40.93
12	1890	30	74.66
2	2364	3	5.59
2087	24244	3	50.85
1334	501	6	53.45
135	9783	3	24.88
185	6930	12	143.7
15874	107	3	19.52
703	14559	3	39.74
8095	177	4	37.84
21874	12	3	9.02
359	166	22	141.93
29954	14	5	27.58
2386	1379	3	31.81
4190	1484	3	35.53
2382	13883	3	46.41
2652	16	3	12.25
106	427	28	99.09
160	214	4	8.08
812	6168	5	62.79
4039	1590	4	50.2
138	1022	9	52.99
261	3782	3	25.02
174	2723	3	19.6
1313	169	4	22.03
268	186	6	22.56
533	23110	5	76.79
1244	1677	29	426.07
4286	14	26	93.45
105	2377	3	6.66
133	430	4	10.91
289	6365	4	41.1
109	5474	4	20.52
473	320	9	62.78
1557	264	10	90.51
35938	14	3	12.18
892	331	7	53.83
14673	14	10	48.59
2275	19726	3	49.07
107	1442	3	4.97
346	358	5	27.46
9353	1253	3	39.73
35	30067	4	43.05
36473	14	3	12.18
12	12236	3	4.72
3598	155	23	258.72
105	5994	3	11.85
834	4517	7	89.22
6092	101	3	5.01
486	3314	3	27.83
905	175	33	307.02
971	12	23	18.83
2595	116	3	12.65
1065	301	3	18.41
19858	12	6	27.57
273	7414	5	54.81
164	10982	3	27.68
1265	1040	3	26.15
150	2929	3	18.12
35399	14	3	12.18
12	7355	5	8
598	1615	3	24.69
156	539	14	84.83
9257	1204	3	39.42
1112	2937	3	31.65
103	2179	6	17.69
101	3434	6	11.41
2326	984	4	41.93
12	3302	9	11.18
102	2575	8	17.84
9773	14	12	46.25
187	2121	6	46.22
12	1450	15	11.58
123	488	8	30.47
1141	118	5	18.63
1215	28432	3	49
263	8833	3	30.51
12	8020	4	5.48
5382	122	3	19.5
1261	1858	4	41.98
242	417	3	11.98
935	109	3	4.02
336	4681	4	39.85
303	175	4	12.36
236	31211	5	77.24
7	9202	4	22.27
44736	12	3	18.18
102	1747	15	40.21
101	636	12	5.96
12	1024	21	15.59
51198	14	3	16.55
9971	271	3	31.41
5621	14	20	73.44
416	109	10	21.47
3098	116	3	13.74
3513	102	5	9.64
303	21940	5	71.85
352	141	8	31.03
102	3204	13	46.82
5597	107	3	12.44
10842	12	3	4.36
427	850	5	36.86
182	622	3	11.73
12	24802	3	10.16
8361	186	3	27.32
2930	3788	4	54.64
1426	3180	7	91.23
108	807	5	9
110	543	10	27.92
1186	17	4	14.36
641	1839	11	124.86
129	3010	8	60.57
13313	43267	3	71.18
12543	14	12	59.27
12	9652	5	10.9
3910	12	13	29.07
2326	12401	12	233.87
111	812	4	8.21
1828	474	22	271.15
652	2329	3	27.42
7554	120	4	30.54
1898	101	9	14.31
1122	125	3	10.55
7921	403	3	32.52
508	4694	3	30.16
1507	9503	3	40.82
3919	12	8	10.64
15761	7202	6	121.17
26242	14	6	33.09
24887	9787	3	60.52
643	163	5	22.34
35	16348	4	34.62
137	343	5	14.35
1107	4374	3	33.96
9507	491	4	48.48
3432	12	9	11.77
683	4327	5	57.64
101	11300	4	13.72
28893	12	4	19.34
397	107	6	5.5
10203	12	5	11.52
839	3975	4	44.86
647	901	3	21.58
234	3362	6	55.96
5071	1541	3	37.1
405	145	10	45.98
7568	263	4	41.93
8013	134	3	23.49
13402	9	3	21.94
6244	101	6	18.27
15600	3198	6	108.44
12	225	96	81.51
281	184	3	7.77
102	3258	4	5.67
101	718	33	72.79
12	1097	16	7.67
125	620	3	7.64
1652	157	9	66.27
3448	4535	5	74.42
927	4948	3	33.84
715	9841	4	51.75
102	5516	9	35.73
304	479	6	36.69
10953	9183	3	53.44
337	190	9	45.45
12	20535	3	8.09
1866	4002	3	36.83
25054	14	4	14.69
626	134	48	405.01
4098	114	4	21.5
396	1698	3	22.87
118	7040	4	27.96
2508	32737	4	75.29
273	1576	6	48.51
240	1166	11	92.34
455	7765	3	32.79
1537	4691	3	36.56
4395	161	3	21.45
115	903	4	10.95
208	1415	20	195.3
556	120	7	24.86
5182	104	6	29.47
2918	109	4	15.61
12	1368	15	10.72
45759	21	3	35.75
102	134	91	80.29
120	942	3	8.63
125	1334	3	11.66
1747	551	3	24.62
10822	23833	4	83.64
4030	182	3	22.53
12	7285	5	8
1915	14	12	6.21
51370	2063	3	59.09
101	2114	8	12.76
761	564	5	38.39
7526	9094	3	50.93
25264	14	5	22.3
492	116	4	7.29
8656	40980	3	63.6
2916	194	3	21.18
13763	14	9	36.54
7335	362	3	31.32
12741	101	3	9.37
150	774	4	16.16
108	3371	3	10.26
1443	11826	3	42.28
46794	14	3	16.55
2513	196	4	29.42
1492	190	3	16.72
138	794	3	9.92
6368	14	18	66.09
3716	369	3	27.1
3875	111	3	13.12
2095	3933	4	52.33
9257	10915	3	53.44
121	9670	6	55.01
8603	7486	3	50.58
945	157	3	12.11
1550	101	12	20.78
137	135	6	5.7
173	102	109	208.8
17081	12	5	16.94
113	2156	22	169.7
1368	2189	3	31.39
28987	17579	3	66.49
102	26625	3	15.89
373	732	24	243.11
3709	141	3	18.97
12	10095	4	6.98
3465	111	5	25.93
1009	107	11	36.62
12	12080	4	8.48
137	1810	3	14.55
12	15803	3	6.66
12	13569	4	9.76
616	145	6	25.83
111	2683	3	11.02
12	9383	4	6.56
3022	3160	5	69.2
2059	2	3	4.86
254	2030	5	40.49
30255	36916	3	73.45
7050	107	15	126.69
1491	659	9	94.27
36702	12	3	13.78
23131	114	4	38.18
1199	374	8	70.11
17568	12	3	7.32
1953	623	7	73.13
18569	14	5	15.74
52574	14	3	16.55
127	1542	3	12.59
8526	12	4	5.81
1651	178	3	16.87
603	142	4	13.91
102	4677	5	12.27
135	9721	4	35.74
13585	218	3	32.16
12	7856	7	17.08
9842	131	13	155.32
652	12546	3	38.21
101	3271	8	18.56
12	3658	6	4.7
736	32699	4	65.54
45285	14	3	16.55
132	31004	4	48.94
13	382	3	9.32
12	1161	14	5.46
553	987	3	21.2
123	17779	6	66.9
6920	101	6	19.75
7942	14	5	6.62
39961	14	3	12.18
2894	300	5	46.27
272	165	3	6.27
460	1142	6	50.45
875	822	7	64.83
2189	147	3	16.24
149	3737	3	19.56
9012	12	6	13.96
996	1073	6	58.13
102	7686	3	7.26
3223	472	3	27.58
186	576	3	11.48
12	2240	9	6.21
101	2636	8	15.51
2	3727	3	7.94
45959	14	3	16.55
12	4719	7	9.83
101	6826	3	5.6
2664	329	3	24.39
7580	14	20	97.17
102	32856	3	17.44
2283	107	3	7.36
2471	746	3	28.43
11895	12	3	4.72
42645	42411	3	84.68
48803	14	3	16.55
102	2380	10	25.08
101	3240	6	10.78
103	2496	3	5.77
12	6096	5	6.31
7185	3897	5	80.78
2	6987	3	11.58
991	2138	3	29.17
2431	562	8	87.63
2	2285	4	9.26
36355	14	3	12.18
18119	14	3	5.88
421	186	8	41.56
15163	14	5	13.21
3405	6744	6	96.79
12	20851	3	8.09
35	675	234	2749.07
38709	14	3	12.18
157	38547	3	37.76
1607	4424	3	36.5
693	8157	6	80.05
103	3402	3	7.32
33795	12	3	13.78
189	128	8	16.56
101	118	113	27.86
102	1291	13	24.15
183	1362	3	16.15
12	829	22	12.36
104	1445	15	63.02
17837	14	7	29.34
36457	14	3	12.18
182	123	9	18.39
20635	12	3	8.09
117	586	3	4.91
749	106	17	60.53
14689	14	5	13.21
850	519	7	58.62
1956	12	12	10.76
10804	12	4	7.94
31596	106	5	52.18
1155	853	3	24.35
16626	14	4	9.39
27086	54581	3	76.36
22982	14	5	19.46
137	119	15	24.82
8767	101	3	7.11
12	12973	3	5.13
1965	106	3	6.24
5130	883	5	61.71
1482	248	3	19.05
402	3181	6	62.03
103	9839	6	36.7
172	539	3	10.33
507	1249	4	31.83
8266	101	3	6.82
29518	14	4	17.19
106	113	66	61.2
197	514	4	17.27
2560	15566	7	126.88
50789	14	3	16.55
375	798	7	54.17
798	339	3	17.54
163	226	15	69.56
2505	2	3	5.81
12	11782	4	8.48
431	2950	3	26.53
5002	58	8	55.87
139	273	4	8.29
5130	7440	3	46.76
102	15185	3	11.49
16244	14	7	26.79
5921	21	4	24.53
58	2369	6	29.04
1424	772	4	36.05
1999	251	10	94.66
327	4358	3	27.31
37148	14	3	12.18
179	27543	3	35.57
25263	14842	3	63.47
5236	929	3	34.26
704	946	10	98.89
129	301	5	11.92
640	119	3	6.37
3822	10044	5	84.27
2103	114	3	10.67
254	7907	3	29.63
8611	8670	19	466.14
1459	186	6	41.46
48500	14	3	16.55
273	858	4	24.23
1738	141	3	14.56
1646	12	24	42.34
686	1474	4	35.36
175	1541	3	16.25
4984	14	6	5.08
4820	150	3	21.11
102	1858	10	20.44
12	2660	13	19.6
101	3048	4	4.21
102	3979	11	40.61
218	204	5	16.07
12	248	57	20
189	368	3	9.3
103	3608	5	17.62
30655	14	5	27.58
121	3854	3	16.75
12	19685	3	8.09
485	695	3	18.6
267	41239	3	47.2
456	204	3	11.12
816	4186	3	31.98
1327	345	3	20.62
505	14685	6	86.43
550	1710	8	81.5
155	146	44	222.69
101	2093	6	6.7
102	2823	6	11.32
23336	101	5	30.01
826	915	3	22.93
17424	184	3	32.75
413	1134	5	39.26
103	4701	3	9.15
1091	652	6	53.76
12	5887	5	6.02
7541	12	19	97.94
2105	1497	3	31.62
123	567	8	32.62
6856	18714	4	76.25
101	3513	8	19.78
2	2854	3	6.56
1270	425	3	21.39
219	1880	6	47.47
1991	111	3	9.38
9371	162	3	26.35
12737	1462	3	42.83
793	16775	3	41.07
7783	161	4	35.9
165	563	56	517.97
107	3389	3	9.45
23307	102	3	14.68
22288	12	4	14.98
6532	109	3	14.7
2415	438	13	150.7
12	9858	4	6.98
1829	126	4	20.3
593	7252	3	33.95
58	109	81	118.87
35	47276	3	36.04
9051	143	4	35.82
5435	14	28	135.13
12	14117	4	9.76
3195	18663	3	50.16
140	12	183	111.12
591	105	8	12.76
499	147	5	17.97
528	795	20	209.98
16898	1081	4	59.83
15347	1274	3	43.2
128	104	42	42.42
2175	101	6	7.05
11152	12	3	4.36
110	570	23	103.54
1752	489	4	34.33
37023	14	3	12.18
5458	14	9	15.17
133	678	6	25.43
160	326	3	7.04
641	12	46	60.33
105	3137	3	8.06
1787	265	3	20.58
19632	141	3	30.49
12	12404	3	5.13
1348	3477	3	34.03
1483	953	4	37.81
4141	102	3	4.01
11873	35	14	168.22
5604	9	4	23.76
818	27412	3	45.12
1147	15164	4	59.35
113	292	71	434.46
514	12111	5	66.58
6970	12	4	4.6
3442	157	13	126.57
106	6230	3	12.73
10478	12	4	7.44
4918	101	4	7.32
1	1108	7	36.35
105	411	10	14.53
106	691	13	37.45
5779	676	13	187.72
143	25169	3	32.83
186	9441	3	28.01
103	11046	3	14.47
142	4798	8	72.08
12036	12	4	8.48
4519	150	4	30.08
1127	109	4	8.34
3172	474	5	51.13
111	57	27	9.26
17012	754	8	131.75
440	2652	3	26
16072	448	3	38.02
2687	6711	3	42.31
19496	12	3	8.09
5070	9	4	22.96
29161	101	3	16.33
110	2860	4	16.58
7	3783	20	144.38
110	871	3	4.39
7476	12	4	5.17
5783	2564	3	41.07
375	3083	10	112.47
294	20912	4	52.89
889	1638	3	26.85
11611	363	5	63.67
840	128	5	20.22
5147	14052	6	113.11
3715	101	6	12.09
101	9212	3	7.42
897	12853	7	108.12
227	118	5	5.47
108	3231	3	10.04
108	1489	3	5.82
9617	101	3	7.75
21445	1663	5	87.94
320	4742	4	39.36
4114	101	6	13.35
36582	14	4	22.06
6062	564	3	32.35
670	4384	3	31.18
1647	11044	3	42.66
33857	35	4	48.05
7924	7924	5	89.91
1164	12398	7	111.49
108	3973	5	23.67
110	1584	3	7.4
102	31793	4	27.16
6752	1144	16	263.53
779	433	4	27.2
102	5419	3	5.4
349	124	7	21.91
415	212	3	11.06
101	1069	22	46.69
103	1856	16	73.18
123	1774	72	837.34
3008	1221	7	88.15
3424	127	3	17.33
15513	14	8	31.63
998	169	4	19.77
34746	12	3	13.78
208	698	4	20.19
653	109	11	33.36
2251	1548	4	45.38
5924	14	18	62.23
22848	14	4	12.9
751	300	3	16.61
425	115	4	6.36
149	6204	3	22.73
1239	496	5	41.72
246	209	3	7.88
101	246	53	66.72
21662	17139	3	62.9
3696	110	3	12.1
1087	12	14	4.62
1593	284	3	20.49
9432	14	6	11.75
8021	106	4	21.48
27369	14	3	8.62
6194	1003	4	50.15
12	3680	11	19.53
188	3700	4	31.86
1749	7353	3	40.17
5976	2386	3	40.84
148	105	57	114.9
116	188	11	19.04
521	7299	3	33.15
12	22660	3	9.02
1537	146	7	44.4
37007	14	4	22.06
12	16812	3	6.66
2159	101	5	4.45
115	744	3	5.84
271	422	5	26.27
6617	3026	3	43.05
3422	3158	16	271.22
47979	14	3	16.55
1561	106	3	5.08
1623	6879	3	39.21
445	5018	4	42.26
102	2192	12	32.72
2193	179	4	27.37
101	12971	3	9.37
12900	131	5	49.55
12	10754	5	12.2
6214	179	9	97.34
8	7159	22	247.25
5401	8	3	16.01
455	8566	7	92.46
2329	241	31	384.38
228	1071	3	16.54
109	7261	3	15.46
1050	2404	3	30.13
18820	12	4	12.38
321	3660	4	37.32
14705	14	9	39.47
17999	211	3	33.94
7832	12	6	12.73
142	5907	8	75.53
299	6158	3	28.98
38768	14	3	12.18
5792	101	3	4.83
1128	111	4	10.27
5031	127	3	19.57
1167	29699	5	92.38
778	1985	4	38.85
1633	113	3	9.1
4558	107	5	23.8
255	8002	6	68.62
17229	43624	3	73.22
101	31790	3	16.33
57	298	9	16.76
191	214	5	14.74
15115	14	11	60.67
29986	14	3	10.08
297	800	16	144.05
1696	503	5	45.08
191	22291	7	103.47
5481	1232	9	130.5
1073	2934	3	31.42
632	113	3	4.37
153	1830	4	23.4
103	2382	3	5.55
102	2498	4	4.11
5292	102	7	23.51
2837	230	4	32.37
418	879	5	36.95
478	321	6	37.14
379	9572	4	47.32
1261	7350	9	137.62
165	8530	4	36.98
9256	101	3	7.42
10276	14	10	34.77
3340	102	5	9.11
115	301	6	10.5
2165	33607	3	54.91
5956	9	3	16.45
13109	12	4	9.09
16951	34631	3	67.96
17290	107	3	20.27
102	4264	3	4.13
102	51038	3	24.09
2224	1837	3	33.2
3312	14	26	76.01
102	2651	6	10.64
543	1283	3	22.68
21997	12	4	14.98
6362	11931	3	51.29
104	2035	3	5.5
12	119	333	245.9
101	2221	10	20.79
187	3009	8	72.06
8719	101	3	7.11
9021	162	4	37.2
12606	12	9	38.9
3847	14	24	74.37
50743	14	3	16.55
1167	204	3	15.98
144	589	6	25.32
1164	2213	7	83.11
442	8833	8	107.89
3697	294	3	25.82
102	4047	4	7.09
2771	7	8	35.84
2972	101	4	4.1
101	4548	5	10.39
12	1810	18	25.48
103	3064	4	11.17
1465	120	3	11.07
101	7525	3	6.29
142	10653	7	74.03
107	27160	3	23.38
13842	13842	3	57.68
317	13462	3	34.8
12	20690	3	8.09
3310	7280	23	485.28
861	19003	3	42.25
22968	12	3	9.02
3042	103	3	6.81
2023	101	7	9.07
6207	3990	7	116.97
123	19891	3	28.6
784	224	31	299.59
1265	120	3	10.29
5954	180	6	58.83
116	599	6	17.17
353	592	3	16.2
989	102	8	5.63
102	4955	7	22.63
32803	14	3	10.08
455	21233	3	40.74
482	14	123	275.51
54147	54643	3	84.68
10122	147	4	36.52
40448	14	3	12.18
186	187	6	17.01
22209	14	6	27.48
486	102	17	14.47
12	37437	3	13.78
17396	12	3	7.32
25878	14	5	22.3
1132	3467	3	32.66
788	160	3	11.44
5254	267	7	76.58
32316	14	4	17.19
2701	334	3	24.64
5386	12	10	23.71
3405	3856	7	106.66
102	16666	3	12.13
1228	101	13	19.06
15995	12	8	38.68
102	1385	7	6.97
11087	14	9	30.24
1977	1637	3	31.66
12	6828	4	4.34
119	37709	3	33.5
1315	294	4	28.52
709	2664	3	28.55
646	365	3	16.84
1040	1596	17	218.86
8996	12	7	18.61
595	176	4	16.92
105	769	7	12.41
769	1637	4	37.19
18370	12	4	12.38
255	4663	12	141.78
2799	10702	4	63.22
106	4725	5	23.5
567	179	105	1176.71
2176	40242	3	54.91
1495	107	3	5.14
108	53466	3	32.54
2039	1114	7	81.04
195	195	5	13.95
9077	12	5	10.32
833	4143	7	87.63
2205	104	8	30.5
2470	11997	3	45.54
127	30002	3	33.06
5092	21700	3	55.01
4315	2953	3	40.02
2210	4440	3	38.5
436	2288	3	25.17
432	3807	4	39.72
15653	131	4	39.07
109	22282	3	23.58
15489	196	9	123.85
1613	8139	15	264.47
326	17	6	13.17
679	101	18	19.75
3750	103	3	7.9
2172	466	11	122.35
800	403	3	18.5
109	1078	3	4.63
129	3102	3	16.84
1366	117	12	68.96
28451	12	3	11.65
231	22700	3	36.63
3059	104	4	12.27
142	990	13	86.73
173	1109	4	21.12
527	1070	3	21.29
5637	814	4	47.67
328	5167	3	28.36
684	7901	3	35.25
17233	12	4	12.38
101	4958	6	15.5
1945	694	4	37.75
34729	42894	3	80.18
351	192	13	77.14
125	309	3	4.44
102	1150	8	7.03
12	343	88	129.71
149	6183	7	66.04
19583	2112	4	67.96
717	16	7	22.66
149	3909	4	28.83
3373	12	7	6.19
3337	141	6	45.28
1301	101	11	14.37
12	720	25	14.09
104	1559	3	4.2
103	7382	3	11.79
681	13533	4	54.67
104	906	5	6.72
183	16	10	13.95
758	3497	6	70.16
133	27049	3	32.18
477	211	5	24.3
6198	12	16	61.58
2185	153	3	16.98
850	2083	3	28.08
114	29187	3	29.07
3939	109	4	17.85
1033	1224	4	36.81
109	11197	3	18.2
149	4771	6	51.04
101	19134	3	12.61
46166	14	3	16.55
12742	14	8	27.46
115	2139	4	17.6
304	1503	3	20.55
19793	14	8	44.13
386	1994	4	33.94
9366	12	5	10.32
12	3725	6	4.89
279	651	194	2889.4
6732	14	22	103.4
102	2918	7	15.58
1177	725	15	168.33
5162	12	7	10.9
45595	14	3	16.55
2954	105	4	12.49
1436	9754	3	40.93
188	14224	3	30.76
2547	212	3	21.18
3121	452	3	27.12
14569	12	3	6.09
30248	113	3	28.93
52715	14	3	16.55
324	646	4	23.67
110	914	7	21.1
13963	122	3	25.66
13512	107	3	18.26
2662	452	4	37.27
23730	1388	3	47.06
12	15887	4	11.38
39830	14	3	12.18
12	13389	3	5.58
2182	3323	3	36.59
12	10211	3	4.03
137	225	17	72.67
229	173	8	30.05
110	18961	3	22.57
1314	110	3	6.44
463	763	4	27.57
595	615	5	36.93
1043	116	5	17.16
291	7	10	10.17
225	170	3	5.39
107	712	5	6.9
2747	111	10	61.82
11527	16	5	41.93
2997	3894	16	273.36
12	26654	3	10.16
7691	102	5	17.19
159	305	3	6.77
128	1956	3	14.08
106	220	35	91.96
292	2946	22	275.59
6390	299	3	29.45
398	7	9	11.85
1419	107	4	8.45
1209	11312	6	91.31
1041	5170	8	109.73
5157	6224	3	45.73
1728	2572	3	33.61
11231	2	3	14.52
188	5202	3	24.17
1142	212	8	59.12
1112	111	5	14.82
12	3759	6	4.89
10663	4238	3	47.92
8281	14	16	68.76
10735	33916	3	64.74
30556	14	4	17.19
36924	14	3	12.18
16	2568	3	12.07
4811	107	4	17.66
17662	14	4	10.35
4306	160	4	30.74
45223	45162	3	84.68
8752	14	12	42.1
8403	294	5	57.49
1776	375	4	32.74
3280	101	4	4.66
2259	14	63	290.51
19198	12	3	8.09
317	9076	9	120.05
3721	5254	6	94.53
427	106	11	20.19
18324	14	4	10.35
1473	104	14	57.34
2500	14	56	250.51
549	2401	3	26.63
35	1220	49	410.12
1979	1205	5	54.91
125	275	9	28.26
12	433	33	12.09
103	1608	8	23.19
21658	26684	4	93.4
37180	14	4	22.06
11293	12	4	7.94
2306	101	5	4.92
17115	14	6	20.16
114	422	6	12.32
201	442	3	10.8
379	795	14	128.51
106	6868	3	13.2
501	2292	3	25.83
344	147	3	6.33
163	1794	6	40.8
2365	549	5	49.5
37193	14	3	12.18
131	2641	3	16.13
118	9199	16	185.52
375	3728	4	38.81
16212	14	10	55.16
5308	102	9	35.1
9	1132	5	15.86
58	1872	14	85.44
127	9238	3	23.6
12631	12	7	25.08
12	13471	4	9.76
132	16835	3	28.25
8	17346	5	46.95
2301	1897	4	47.17
128	2975	11	90.69
1368	358	4	30.33
20937	106	6	53.64
5068	101	3	4.04
572	212	14	101.93
10473	295	3	32.55
7563	131	7	66.11
164	545	7	33.91
10772	12	3	4.36
1546	123	25	209.54
12	11705	3	4.72
17281	1197	3	44.14
559	3534	3	28.9
8735	101	3	7.11
808	1391	3	25.35
107	36738	3	27.18
204	130	4	4.86
112	119	16	6.79
1111	15930	3	42.93
5743	162	3	23.3
6251	347	4	42.54
12	2544	16	28.82
156	5215	3	22.18
101	7162	11	51.72
107	12591	4	26.27
455	396	5	30.8
14007	12	3	5.58
424	1748	3	23.31
19512	12	3	8.09
208	4361	4	34.68
14366	180	7	88.14
207	519	3	11.88
2154	110	3	9.14
1138	473	4	30.55
304	445	3	13.82
12	4314	7	8.89
12020	12	4	8.48
13641	199	4	44.45
102	4160	3	4.01
12	876	16	4.33
14284	12	4	9.76
1652	249	3	19.73
1091	847	3	24.01
112	10448	4	28.76
4691	4833	7	115.22
476	25389	5	78.85
279	123	16	66.18
12	3195	8	7.97
6831	265	4	40.82
101	3574	7	15.81
8620	476	4	47.85
123	388	4	8.87
396	153	3	7.7
25398	141	3	32.75
29789	29816	3	71.22
36598	14	4	22.06
3104	14	51	258.54
855	10136	7	103.46
115	254	11	26.7
4576	1316	6	80
13405	1257	3	42.5
562	8830	5	63.75
12	1772	15	15.97
156	463	4	13.49
630	103	9	13.83
123	683	7	28.93
17328	8	4	35.1
13486	12	4	9.76
38570	14	4	22.06
3479	8	3	13.37
1439	111	9	41.54
47377	14	3	16.55
5885	761	7	92.09
141	3045	27	293.78
401	130	4	9.85
138	8190	3	23.99
27385	14	5	22.3
4319	5382	5	78.76
12	11400	3	4.36
323	509	16	132.15
108	645	6	10.68
37869	14	3	12.18
959	30266	4	67.42
10446	12	3	4.03
260	119	6	11.1
129	380	6	18.58
101	10179	8	39.44
1388	126	9	55.39
1101	185	14	112.63
37528	14	4	22.06
101	15727	5	24.65
35761	14	3	12.18
432	7146	3	31.94
28	33045	5	76.3
103	9450	5	27.76
119	32335	4	45.66
1129	745	5	44.45
844	806	4	32.14
770	5996	4	47.95
733	1684	3	25.98
141	36724	4	54.75
767	115	4	9.98
110	3516	6	32.09
7	104	169	148.87
739	113	4	8.65
696	31330	3	45.82
105	839	4	4.05
107	188	12	7.75
43394	35	3	36.04
136	109	124	500.45
142	3386	19	194.21
433	306	3	13.73
526	2097	4	36.38
329	6255	3	29.65
10634	12157	3	54.69
9	1099	4	10.85
1667	1468	3	30
138	1793	3	14.49
27093	12	6	36.37
15289	573	3	38.69
29202	295	3	41.26
149	43964	3	41.52
1101	163	3	13.21
3387	1708	3	35.16
348	751	4	25.59
1402	45944	3	56.67
6060	111	4	23.55
5994	161	3	23.52
1396	101	29	93.41
769	235	20	176.94
7249	101	3	6.04
2205	1613	12	165.35
399	1405	3	21.72
3464	12	7	6.4
17249	12	4	12.38
4108	594	3	30.31
1935	7017	3	40.57
102	15137	3	11.49
649	127	5	18.01
3392	1278	7	90.6
681	6861	5	62.44
102	9923	3	8.76
300	5729	4	40.54
51382	14	3	16.55
4386	131	3	19.04
1667	316	7	62.05
1861	7	3	5.59
113	2794	14	101.46
26274	14	5	22.3
110	5300	3	14.27
238	15210	6	77.62
46150	14	3	16.55
105	818	4	3.91
106	538	8	13.01
57	3357	3	12.2
6808	150	4	33.42
908	9487	6	85.24
107	4347	16	116.35
22020	14	5	19.46
1520	2214	19	280.6
103	16160	3	17.19
12	10796	6	17.07
1466	6164	3	37.81
12	909	21	12.76
1211	21	3	7.47
3545	963	3	31.9
102	7307	3	7.01
827	6057	4	48.43
1132	1237	3	26.43
1358	1044	3	26.67
13731	14	9	36.54
12709	101	3	9.37
45176	14	3	16.55
1987	135	3	15
9983	131	4	34.96
35	53673	3	36.04
14585	12	3	6.09
1604	122	4	18.57
108	11896	14	151.9
118	805	30	201.55
1137	157	15	113.91
209	593	4	19.16
143	129	6	5.08
8673	12	5	9.79
127	20221	3	29.21
103	3450	3	7.43
449	4583	3	29.44
203	13860	3	31.62
1321	35608	3	51.82
12	152	114	26.91
932	707	4	31.91
1977	235	7	59.81
15687	1077	4	59.83
53218	14	3	16.55
1026	4791	5	62.51
103	620	14	31.64
12	1795	18	25.14
102	1008	13	18.55
116	351	11	34.27
4537	39163	3	59.35
1742	21	3	9.53
116	712	3	5.7
175	2747	6	48.03
6276	101	4	8.99
2407	104	3	6.39
1441	178	5	31.75
5020	111	4	21.92
1031	17	4	13.38
2534	40117	3	55.77
1614	11824	4	60.02
12	1562	13	8.95
2027	2	5	12.41
233	4136	4	35.54
134	17660	6	69.9
51459	14	3	16.55
1556	243	3	19.17
57	3659	3	12.69
708	102	9	4.3
198	18002	4	47.32
11504	42850	3	70.13
105	2673	3	7.22
444	127	19	105.21
10505	107	5	33.02
12	12868	4	9.09
7324	120	3	20.76
7805	1056	3	37.62
236	3715	3	24.2
1392	2974	7	90.16
464	122	36	242.43
11103	14	15	82.74
2146	1389	3	31.28
112	135	208	1186.17
106	1621	3	5.26
339	16010	6	84.09
859	21	7	24.08
1432	2331	3	31.93
6031	277	3	28.33
6539	14	24	118.54
470	102	15	9.84
57	789	10	36.37
2200	106	3	6.9
129	145	58	281.38
800	211	3	14.27
17760	35	9	108.13
102	8971	3	8.1
746	122	4	12.9
198	1701	11	95.48
4151	334	4	38.66
102	4761	9	32.78
101	5938	3	4.83
107	27681	4	34.61
103	5132	15	101.32
4536	12	8	12.73
2	797	5	4.88
6586	101	3	5.39
9093	12	6	14.64
5322	353	3	29.1
6714	5805	4	65.35
13376	101	6	29.58
275	3543	3	24.92
11033	101	3	8.49
30866	562	3	44.63
424	615	3	17.32
360	421	7	45.71
1888	24517	3	50.19
12	2001	12	11.18
2707	2358	6	80.49
102	6469	3	6.33
12	5224	5	5.24
102	4483	5	11.77
103	4360	6	25.62
790	3827	8	100.58
101	340	71	171.53
15138	10699	7	149.37
1270	1376	4	39.63
12	4923	6	7.45
19313	16	6	63.17
11330	162	4	39.36
39993	14	3	12.18
23029	310	3	38.62
358	1292	4	29.81
181	4894	4	33.76
23958	12	5	22.13
4641	1663	3	37.08
2329	14582	3	46.93
17600	12	7	33.09
21877	4488	4	75.47
6993	10431	10	204.41
9583	7207	4	70.8
39500	14	4	22.06
1426	26554	3	48.4
11623	102	3	9.95
206	32839	3	38.55
219	129	46	269.95
220	787	4	21.6
284	198	3	8.35
34953	458	3	45.86
5142	141	4	30.44
141	10406	4	36.78
1596	9	9	45.26
156	504	3	8.87
153	1368	9	62.28
101	2073	9	15.78
25607	14	5	22.3
104	590	8	11.9
183	810	11	76.5
5805	106	4	18.74
11816	14	14	77.22
125	3768	3	17.71
20947	14	8	44.13
147	17	10	11.07
749	2094	5	51.22
115	862	5	15.3
16449	501	3	38.53
25200	14	3	8.62
12	21423	3	9.02
556	116	5	11.92
5663	2705	3	41.15
598	1843	4	36.36
101	1282	9	8.82
4181	239	3	25
2226	4137	11	172
12	3393	7	6.19
5777	103	8	44.3
11503	307	3	33.62
283	2630	5	44.38
45342	117	3	36.72
102	1846	51	287.95
5870	544	5	58.68
45697	14	3	16.55
104	3595	6	25.04
929	1495	3	26.55
350	137	21	119.39
126	6964	3	21.64
750	245	4	22.39
274	754	3	15.9
1474	14	24	26.83
101	39290	3	18.52
1227	2326	21	307.42
25118	14	3	8.62
6647	101	3	5.6
51914	6969	3	66.59
104	3860	3	8.83
2	3992	3	8.32
2408	177	6	46.72
433	102	82	284.02
231	471	9	56.34
2277	106	3	7.04
1613	6872	19	340.1
305	11511	4	47.46
16368	425	3	37.75
1663	8	16	102.31
194	3105	3	21.51
800	1158	3	24.05
3390	522	3	28.28
133	401	6	20.25
10267	12	3	4.03
296	140	3	5.38
14813	114	3	22.94
138	266	3	4.63
200	4660	9	94.24
127	8815	4	33.53
3846	12	6	5.08
12	9846	6	15.38
12607	14	13	71.7
6118	12	5	6.31
51757	14	3	16.55
57	857	7	21.59
12	28859	3	11.65
190	2234	7	57.1
1789	101	7	7.61
735	972	3	22.68
40737	14	4	22.06
5332	4737	3	44.11
21988	14	5	19.46
1942	2	3	4.57
28	4623	37	566.29
1720	341	3	22.09
109	954	3	4.1
108	830	6	12.91
222	1062	6	40.56
19905	14	6	24.36
205	163	5	11.58
9	206	11	18.25
1044	8644	3	38.23
6449	101	3	5.39
183	16671	3	31.95
4427	12	6	6.39
45884	14	3	16.55
4204	216	3	24.36
455	305	6	36.17
25207	117	6	73.45
1798	27823	3	49.85
240	4268	3	25.16
1097	291	7	54.58
785	957	3	22.93
102	5267	5	13.4
1840	782	3	26.95
247	403	5	24.9
102	3689	6	14.02
102	2084	5	5.48
12172	14	12	54.97
215	17	7	11.63
11491	12350	5	100.45
19443	338	3	38.13
45390	14	3	16.55
659	2	11	21.29
16	260	15	43.56
8680	318	3	31.74
25530	14	4	14.69
4932	2816	8	126.18
1776	56	3	45.89
28	10747	16	244.41
28371	12	3	11.65
12	20839	3	8.09
2902	44665	3	61.17
250	58	6	5.66
120	382	3	4.5
122	646	3	7.38
4983	105	3	10.69
101	5554	3	4.49
5976	186	3	25.17
7161	1504	6	87.25
246	5640	3	27.07
12	15997	3	6.66
103	15065	5	33.77
944	6339	4	49.68
809	440	12	109.38
297	1	9	30.61
5214	161	3	22.49
697	9802	8	116.8
105	3189	3	8.16
16240	111	3	22.6
10678	14	12	48.72
1045	110	4	8.9
3473	115	47	556.35
7	1902	4	9.69
7957	101	4	10.93
15857	12	3	6.66
16927	12	10	60.62
26367	14	4	14.69
113	1899	4	15.43
775	395	3	18.31
22321	14	4	12.9
109	5259	9	61.5
5815	119	3	18.8
286	1150	4	26.85
106	973	4	5.57
2168	106	3	6.83
322	1145	46	560.78
6507	14	5	4.87
6638	2375	3	41.56
501	520	12	102.19
7498	2081	4	57.98
28834	12	3	11.65
113	2990	7	41.25
844	154	17	123.2
1350	220	3	17.63
101	9060	3	7.42
12	11169	3	4.36
46969	14	3	16.55
2607	106	3	7.75
12	15783	3	6.66
909	1597	4	38.1
1212	3121	3	32.52
4641	9055	11	213.52
106	8256	3	14.58
6700	844	5	64.4
376	104	7	5.1
1366	475	20	229.17
348	105	11	15.11
3169	18953	6	112.14
10578	115	3	21.16
108	1096	3	4.25
5635	178	5	45.91
23581	14	4	12.9
1037	111	4	9.78
1075	773	6	55.51
1763	3649	3	35.73
2338	101	8	14.05
6217	102	3	6.13
3627	127	3	17.59
8929	165	3	26.18
112	1643	5	19.02
121	16252	4	37.93
3321	6164	3	42.79
8169	1356	3	39.61
17958	316	6	85.15
106	133	24	15.79
612	1833	27	358.96
9267	459	4	48.09
1181	114	3	7.31
5780	2900	3	41.88
1504	10400	3	41.6
738	2626	9	106.96
129	1633	6	34.39
22639	102	3	14.68
377	3055	3	26.1
1399	1075	11	128.55
891	12	43	72.82
198	212	12	56.79
217	13723	5	59.79
137	124	20	51.45
12	12964	4	9.09
109	22704	4	34.61
712	6717	14	212.23
7233	185	4	37.72
1453	331	4	30.07
2956	101	4	4
4614	11745	3	49.31
102	3716	7	18.41
12	2925	7	4.92
310	284	3	11.51
2870	102	7	15.35
3493	22811	3	52.67
188	828	3	13.34
12	808	26	19.39
101	4370	4	6.38
1434	336	7	60.76
2154	543	4	36.83
179	737	4	18.74
1147	20225	3	44.72
2159	4103	3	37.86
966	172	4	20.09
131	8308	4	33.5
357	4007	3	27.44
15394	959	3	41.41
14753	14	11	60.67
101	5126	5	11.45
2291	7395	3	41.93
138	8716	4	34.96
9843	1171	3	39.55
124	2138	3	14.34
102	1236	17	38.39
189	112	10	11.51
12	511	44	39.38
4123	134	11	101.56
12	5391	8	15.36
1090	544	14	145.02
101	3945	4	5.73
3219	641	3	29.14
8026	2118	3	42.02
1741	111	3	8.64
35	714	63	489.21
1170	226	4	24.83
3880	291	10	112.36
3277	1886	5	64.92
7166	4294	3	45.56
6247	106	6	34.24
305	847	4	25.23
110	8400	3	17.19
11680	7689	5	94.19
3105	160	3	19.42
3375	101	5	7.76
121	2701	4	21.89
655	36667	3	47.75
5266	564	8	101.25
183	262	9	40.2
419	146	6	21.94
183	6957	7	74.11
16535	14	6	20.16
17554	101	3	11.78
9213	116	3	20.53
709	104	5	5.07
29252	14	4	17.19
107	6661	3	13.55
7057	12	5	7.62
7	5049	10	62.03
2006	186	4	26.98
47490	14	3	16.55
7892	106	8	55.72
6651	10708	6	112.31
885	6094	3	34.8
108	3794	6	30.1
108	1160	3	4.5
2265	120	3	13.71
7830	1010	4	52.4
41829	16	3	36.08
3025	101	7	13.79
22021	1877	3	48.88
10542	12	6	16.19
173	688	4	17.79
6906	12	17	74.77
200	386	7	35.13
433	130	15	76.13
12	9171	5	10.32
2852	1443	5	60.74
11735	114	3	21.3
649	339	8	59.56
13338	12	6	20.33
12	11517	3	4.72
2543	1273	3	31.69
401	306	5	27.32
9484	4219	4	65.53
6387	12	6	10.26
6453	175	4	35.81
16401	14	7	26.79
254	1800	4	29.54
1790	534	5	46.16
22224	12	3	9.02
409	321	4	20.53
10030	14	9	27.18
982	249	7	50.6
7600	193	3	27.1
1525	57	5	17.65
110	764	6	14.74
191	104	12	4.69
107	3364	4	14.82
51584	9998	3	68.83
2539	579	7	75.94
6568	12	5	6.93
26999	14	5	22.3
34129	12	3	13.78
49958	14	3	16.55
2556	5228	3	40.36
102	2629	7	14.11
2287	5369	6	88.85
1328	264	10	87.47
19743	35	8	96.11
37969	14	3	12.18
1300	24426	4	67.36
29809	102	3	17.44
102	919	10	9.03
991	5021	4	48.08
183	847	3	13.34
104	555	7	8.24
121	2246	9	61.02
12324	21174	3	60.05
577	767	3	20.19
694	4220	10	130.49
101	361	52	100.84
1407	111	5	17.17
1164	21624	3	45.83
101	4821	6	15.16
239	128	11	36.21
2731	102	4	4.67
1366	16202	3	44.3
30326	14	5	27.58
10876	126	4	35.52
904	402	3	19.11
876	672	4	31
364	4331	4	39.75
149	1778	9	65.43
38971	14	4	22.06
145	231	6	15.14
143	991	3	11.33
102	7396	7	28.54
15817	6599	7	143.21
2707	1433	4	46.08
309	207	5	20.3
101	3059	4	4.21
15243	117	10	115.73
1163	13560	3	41.85
1929	2027	7	89.36
30871	14	3	10.08
102	11009	6	28.33
1545	171	4	23.31
14020	14	8	29.37
104	15351	3	17.42
7868	9	5	36.01
8669	783	4	51.48
134	1667	26	238.4
702	704	4	29.84
57	108	123	239.48
168	170	5	9.16
30456	7968	5	112.97
9752	1655	3	41.83
174	3332	3	20.79
101	9459	3	7.42
141	4541	14	142.68
12	14796	4	10.52
3233	368	4	37.46
35702	561	3	46.87
124	9219	3	23.31
463	116	4	6.99
12	10850	4	7.94
766	436	9	76
193	1818	4	26.67
7	1067	5	8.78
123	30913	3	32.45
737	2747	4	41.03
123	26791	3	30.86
57	3225	3	11.97
7	260	22	45.36
2680	12	9	8.22
5509	2366	4	56.1
102	9677	5	20
559	245	6	35
39612	14	4	22.06
135	677	3	8.96
12	4210	9	14.97
222	42064	3	45.78
16911	12	3	6.66
32707	14	3	10.08
248	2191	3	21.52
2465	35	68	818.07
750	6861	3	34.72
149	1868	3	15.45
7973	101	3	6.54
30288	136	3	34.04
5052	177	5	44.48
32709	13	5	73.51
2224	331	3	23.53
1144	659	11	113.42
7026	14	20	89.21
18987	7	3	19.49
1744	5478	4	53.51
12	6878	10	28.45
21619	13336	3	61.62
17001	12	3	6.66
1113	2	7	13.82
102	881	9	6.41
13	893	3	13.62
4814	334	3	28.18
101	5231	4	7.75
17230	1520	8	146.49
5558	553	3	31.6
2668	419	3	25.78
3462	6143	6	95.51
752	1682	5	48.85
487	2109	12	135.91
1065	2763	7	84.76
25846	14	4	14.69
148	751	3	10.24
2401	5759	12	202.34
32968	101	3	16.33
6483	107	3	13.31
649	8468	3	35.32
6769	157	4	34.4
216	1054	8	58.27
102	187	65	81.39
3191	109	4	16.18
47875	12	3	18.18
354	6941	17	249.38
812	1629	3	26.36
138	587	4	13.4
1272	10051	3	40.24
102	31594	3	17.44
919	190	3	13.89
106	6565	3	12.96
984	3812	3	32.47
299	21538	4	54.5
131	17	36	105.39
1787	568	3	24.95
11828	102	5	22.24
1756	14	46	127.37
31547	14	4	17.19
101	9139	3	7.42
13600	14	3	4.23
2789	12	7	4.45
132	19924	3	29.88
11832	14	5	10.51
138	740	3	9.58
1347	758	12	134.36
3298	103	3	7.21
2534	27409	4	72.78
363	24823	4	57.89
53266	14	3	16.55
7740	15489	9	194.06
348	173	5	18.7
924	3041	8	98.86
471	451	18	162.84
7	6100	11	75.92
638	116	4	8.96
47334	915	3	54.06
22189	101	3	13.59
12906	451	8	116.85
112	2640	4	17.11
110	17991	5	44.3
373	23954	3	39.75
1074	116	3	7.65
12	10165	3	4.03
916	364	3	18.62
198	16342	3	32.55
20163	14	6	24.36
102	2281	6	9.15
3313	104	9	43.63
10251	12	3	4.03
21254	436	3	40.52
415	1701	4	33.09
102	6991	3	6.77
103	5011	6	27.34
923	9217	3	37.88
2	18371	3	17.98
15517	115	3	23.68
457	110	6	9.98
47060	14	3	16.55
8254	694	13	202.38
1102	31961	4	68.44
2470	103	3	5.7
422	482	11	87.54
26489	160	6	85.03
148	294	3	5.7
9840	104	3	14.54
867	362	16	152.26
513	218	6	32.36
7	27460	5	46.07
695	160	5	22.85
5293	12	7	11.28
1234	108	3	4.9
1142	2408	3	30.6
46751	14	3	16.55
388	699	6	43.53
3248	4381	5	73.23
1146	8	3	6.98
6173	23925	3	56.05
12	585	27	11.94
40772	14	3	12.18
731	107	14	45.09
1239	407	9	83.23
2	38322	3	24.86
102	38570	3	19.63
362	3091	4	37.01
102	21200	8	64.25
521	154	37	294.81
163	9552	3	26.75
340	338	3	13.08
17	2191	3	12.87
17	582	4	9.66
32632	14	3	10.08
12705	2006	3	44.82
4097	312	4	37.89
427	247	7	40.07
102	2037	7	11.11
12	738	35	37.19
762	1266	3	24.54
21356	4415	3	54.13
12	6441	6	10.26
2911	149	9	74.97
35	21044	8	96.11
32525	14	3	10.08
12	4447	8	12.35
9576	107	3	15.97
102	598	45	127.35
316	113	11	28.51
101	4026	5	9.26
183	2759	3	20.31
27401	14	3	8.62
102	6301	4	10.31
103	4192	4	13.42
12	5376	5	5.49
102	4587	3	4.51
101	5508	4	7.98
8117	106	4	21.48
11568	103	3	14.92
336	111	25	99.93
12	17194	4	12.38
4871	101	3	3.91
3041	101	11	31.14
35636	14	3	12.18
473	13613	3	37.03
1888	1053	3	28.69
3303	154	8	68.02
35	50646	3	36.04
211	282	8	38.55
20464	249	3	36.08
104	1088	4	5.01
2742	101	7	12.51
12	3565	6	4.36
48011	14	3	16.55
547	147	4	13.34
102	2010	6	7.91
2	3499	4	12.26
14971	2	3	16.58
1034	1063	4	35.61
12922	12	4	9.09
160	10356	8	91.22
208	4445	3	24.37
135	26065	3	32.39
2075	36087	3	54.59
110	13790	3	20.55
4775	1369	5	65.66
1328	3588	3	34.06
276	997	3	17.36
16417	14	8	34.38
6403	12	5	6.93
9022	101	3	7.11
10046	14	11	39.38
3558	102	5	9.64
5355	14	19	63.27
12	560	33	20.36
16583	163	4	43.31
37382	14	4	22.06
102	3468	20	95.43
2	5314	9	50.37
103	5934	4	16.18
5562	107	4	18.66
296	629	3	15.55
231	323	3	10.28
12	14561	4	10.52
2475	6908	3	42
101	10963	3	8.49
647	4680	7	86.46
9593	5028	3	48.54
29821	14	4	17.19
2958	9	3	12.28
1549	2956	3	33.76
5875	291	4	40.5
149	15902	3	29.32
2206	14	66	310.21
17071	101	3	11.07
8973	14	8	19.7
408	4968	30	475.58
14738	117	8	85.06
12	13604	4	9.76
329	1689	3	21.65
12	15702	4	11.38
1127	336	6	46.98
2036	2197	3	33.76
16139	162	3	30.34
11531	12	4	8.48
708	5894	6	75.82
32992	1580	4	71.53
2296	122	4	21.48
110	242	12	21.01
140	32912	4	49.65
134	1195	38	351.23
733	719	9	83.09
3509	162	3	20.18
1073	17885	4	60.88
23699	2295	3	50.17
2884	428	3	26.41
12	14317	3	5.58
140	463	9	40.79
101	16425	3	11.07
204	257	3	7.98
401	499	3	15.87
12	5057	5	4.78
37068	14	4	22.06
520	19004	4	55.59
281	104	24	52.35
102	3167	4	5.55
749	20045	5	77.89
102	1553	10	17.25
10904	185	3	29.21
48174	14	3	16.55
308	6020	5	54.02
488	2498	3	26.18
128	9717	3	24.02
117	1096	3	7.75
1136	439	3	20.71
271	1391	3	19.27
455	6373	9	117.54
734	11738	10	159.79
1759	10869	4	60.04
459	3462	4	39.47
6822	16948	3	54.11
512	267	4	20.4
35	40451	3	31.54
420	1622	4	32.78
9875	14	11	39.38
5711	14	26	120.38
284	1896	4	31.07
2837	189	3	20.6
122	124	23	53.66
898	3516	3	31.53
16717	14	10	55.16
29598	14	4	17.19
1866	106	4	10.03
360	287	14	100.64
871	109	8	23.27
424	989	4	28.8
3455	247	3	24.08
2595	120	4	21.49
1574	126	6	33.38
16706	14	3	5.25
1303	17145	8	140.25
867	105	5	6.91
282	1993	3	21.78
3859	102	4	6.77
101	3752	6	12.33
277	282	58	555.37
101	2023	5	4.02
36537	14	3	12.18
2	9090	4	20.27
401	257	8	47.92
58	6582	4	24.21
2476	2714	3	36.16
17789	14	9	49.64
3118	1955	5	64.68
205	112	11	16.91
1223	111	6	21
23633	14	5	19.46
38800	14	3	12.18
236	231	3	8.44
1831	109	3	7.44
2546	16	22	180.88
410	358	7	45.34
109	2885	3	9.94
28172	3659	3	55.77
109	912	10	34.09
110	516	15	51.97
108	780	11	34.8
2874	14	11	10.49
17678	14	8	37.98
256	4021	3	25.3
110	811	4	7.29
2850	2828	3	37.35
916	106	32	166.03
2658	157	4	26.65
174	308	11	55.25
2371	14	16	20.07
330	103	36	106.2
48757	13	3	44.1
12	8395	4	5.81
4584	178	3	22.96
12	10644	3	4.03
1339	12	16	12.31
131	719	3	8.75
11586	22152	3	60.57
2416	110	7	34.43
321	5227	11	136.29
1522	422	3	22.47
476	402	4	23.23
104	29268	3	23.5
3351	7	7	32.06
110	3810	8	48.76
5239	101	7	21.09
102	12132	3	9.95
14326	1143	4	58.44
4226	102	5	11.29
16277	101	3	11.07
123	13555	7	75.13
859	12	16	4.04
7211	105	4	19.79
27268	14	5	22.3
110	121	130	478.21
21580	12	3	9.02
835	575	22	241.73
257	336	21	160.04
8193	3470	4	62.88
22611	14	6	27.48
1888	41586	3	58.51
14326	126	3	26.19
167	860	3	12.11
8	1733	3	9.37
6555	30866	3	59.35
14595	101	5	23.4
35790	14	3	12.18
10708	12	6	16.19
224	4681	3	25.22
592	20347	3	41.15
5682	3138	4	58.52
7	355	10	13.14
109	1934	9	42.31
6967	166	3	24.69
7255	475	21	341.36
12	30621	3	11.65
48126	14	3	16.55
16107	14	9	43.27
35285	14	4	22.06
12	13015	3	5.13
1966	6276	4	55.69
22247	12797	3	61.07
3497	150	3	19.17
370	185	21	145.16
397	565	9	69.5
113	711	7	21.69
1974	695	3	26.62
16528	21	4	34.24
1411	575	8	79.23
3460	184	3	21.68
360	7725	6	72.45
252	18779	6	82
3757	1314	5	62.48
7734	104	3	12.93
18284	107	3	20.27
12	444	40	24.23
1812	3050	10	142.77
25025	12	3	10.16
123	1828	12	86
22275	353	5	73.3
7247	12	6	11.65
2424	102	22	92.03
18410	3951	3	51.46
22573	106	6	56.88
4302	4122	4	58.38
24758	12	5	25
49843	14	3	16.55
5086	367	9	109.05
49428	117	3	36.72
305	652	15	128.14
48218	14	3	16.55
243	706	4	21.82
14785	14	10	48.59
150	123	10	15.13
491	858	11	101.45
793	3286	3	30.48
313	409	31	287.26
818	18304	3	41.98
14189	1543	3	43.71
790	842	5	42.3
9329	564	4	49.49
102	6457	8	32.81
2	506	79	421.48
18727	12	3	7.32
102	3011	19	82.21
12	38241	3	13.78
1888	109	3	7.63
1414	4207	5	64.49
17726	14	5	15.74
2207	101	6	7.17
132	5115	3	20.42
201	194	5	14.3
5748	34722	3	60.89
26967	14	3	8.62
495	105	18	48.69
135	4723	10	93.22
1371	14808	4	61.04
3268	107	3	9.23
5339	14	22	82.91
103	16140	3	17.19
1608	7922	3	40.27
503	12	258	1269.16
9998	14	16	80.78
12	27773	3	10.16
29194	14	3	10.08
2596	8938	3	43.79
803	113	4	9.18
15188	217	3	32.76
1183	837	3	24.46
363	8604	3	32.57
110	1258	5	14.91
47816	14	3	16.55
1218	106	5	10.56
113	20699	3	25.09
1020	104	6	10.88
133	7623	3	23.01
260	124	12	42.45
108	455	218	1927.26
701	109	4	5.54
1040	12	18	10.2
142	4949	4	30.25
5856	102	3	5.75
21751	12	3	9.02
112	2344	3	10.55
500	411	3	16.03
12	11458	4	8.48
324	119	5	9.6
105	1167	5	9.11
3472	127	7	52.76
165	6221	3	23.93
38939	14	4	22.06
5891	101	3	4.83
12	17323	3	7.32
109	15117	3	20.28
2699	150	4	25.82
658	146	3	9.31
243	126	5	9.31
972	350	3	18.83
49423	14	3	16.55
518	257	3	13.39
12	4024	7	8.05
103	3101	6	21.66
101	3892	4	5.59
157	1066	3	12.73
48351	14	3	16.55
123	706	6	23.36
103	600	28	98.14
8118	105	3	13.6
8671	8611	19	466.14
509	1893	3	24.69
12	5510	5	5.49
54377	105	3	30.61
5016	14	13	29.22
2	6662	4	17.46
248	2016	3	20.9
12	1582	12	7.17
1714	104	8	26.3
2763	102	6	10.97
336	2937	3	25.23
175	1030	3	13.82
271	128	5	10.58
487	2955	49	788.11
1540	109	5	15.44
102	20632	3	13.69
3277	101	6	10.99
6947	3268	3	43.65
113	11053	5	40.38
12	4351	6	6.15
5174	16	8	59.79
12	2866	8	6.9
101	3006	5	6.84
120	1474	3	11.12
12	897	26	22.94
1211	12	15	7.95
732	126	6	24.6
102	1485	6	5.18
101	558	18	15.06
6382	103	3	11.05
2	1717	6	15.05
103	1346	4	5.55
1026	1888	4	40.42
439	29756	3	43.37
484	103	7	5.68
179	106	80	289.19
6062	15076	3	52.72
437	13681	5	67.22
241	190	5	16.06
855	15708	3	41.46
7643	102	10	50.44
14137	14	7	22.96
359	36954	3	44.56
694	2612	11	134.35
12	1601	12	7.46
2	1046	5	6.65
247	7338	3	28.81
112	10468	4	28.76
123	4852	5	36.67
1055	8	26	166.84
1467	107	4	8.63
101	1876	12	24.9
102	1013	44	165.32
20886	779	3	42.65
8169	13214	3	53.72
416	38872	3	45.36
2280	109	14	83.65
2190	113	3	10.84
4394	488	3	29.51
4806	12	12	30.01
21627	3495	3	52.67
816	931	3	22.97
413	413	37	378.31
18445	115	5	48.55
247	1037	4	24.72
102	3307	4	5.79
4337	133	3	19.43
12	208	73	27.68
156	2028	7	50.86
640	31024	3	45.45
12	856	16	4.04
102	1659	7	8.77
12	4334	8	11.98
5082	12	22	92.44
1804	14	70	285.11
2312	277	4	32.34
102	23032	3	14.68
4036	57	3	13.23
12	21906	3	9.02
20979	14	7	32.71
105	500	9	13.7
11343	101	3	8.49
10316	14	16	88.25
3234	161	4	28.6
138	206	4	5.98
2247	126	4	21.95
1010	5496	3	34.91
114	2832	3	12.36
12	13267	3	5.58
329	367	3	13.24
40820	14	4	22.06
6087	7596	6	106.16
974	14	123	479.44
22558	705	4	60.63
8098	448	14	208.15
4797	106	9	54.3
135	2219	8	58
4496	153	8	73.56
8175	101	4	11.32
736	5228	9	120.91
8303	106	3	14.58
1757	101	11	19.83
1725	217	3	18.97
160	1	32	130.79
704	4768	4	45.32
4657	177	7	66.55
410	471	6	39.89
224	102	32	20.45
57	261	11	21.2
17132	12	4	11.38
3171	5342	4	58.13
138	1603	4	20.79
713	127	4	13.33
33302	108	3	28.05
5277	12	5	5.24
5700	147	4	31.54
34909	12	3	13.78
5001	114	5	31.41
1506	9716	3	41.2
320	1481	18	191.54
833	235	4	22.75
6293	14	25	123.9
107	3207	4	14.36
54087	14	3	16.55
193	4272	4	33.51
982	157	5	25.55
5106	647	3	32.1
391	129	5	14.12
119	52945	3	37.99
303	535	75	878.54
207	233	3	7.6
550	4592	3	30.47
12	6317	5	6.61
102	5328	8	29.14
6320	7990	3	48.62
12	646	39	41.04
310	125	3	4.45
11687	102	3	9.95
101	281	80	181.14
7539	415	3	32.33
8051	14	18	82.45
21819	184	3	34.64
118	2663	4	19.95
117	682	5	13.67
11715	14	11	46.52
14453	24356	4	88.54
101	1670	6	4.69
4246	295	5	49.88
960	58	5	13.57
30887	14	4	17.19
417	1046	3	20.06
477	142	67	590.22
326	8893	7	88.08
309	3812	3	26.15
101	1440	8	7.7
119	5921	3	18.8
454	1886	4	34.53
587	3375	4	41.07
4396	12	9	15.39
8907	106	3	14.91
2318	13037	3	45.69
5475	12	5	5.49
649	6223	3	33.4
24857	148	3	33.09
198	7301	7	76.22
234	423	3	11.88
746	16	4	9.24
26033	14	6	33.09
22289	14	6	27.48
1582	101	7	6.39
320	3915	3	26.6
192	145	28	137.39
859	132	3	9.91
132	5259	3	20.61
175	11089	4	40.73
4917	103	4	14.89
576	28285	4	63.81
7005	9155	3	50.37
12	29767	3	11.65
134	3144	3	17.62
1395	1732	8	96.1
8877	128	3	23.29
3740	17495	4	71.24
9542	180	5	52.66
464	16	14	53.66
370	163	4	12.52
101	15171	4	16.52
3234	461	4	39
2208	331	10	103.27
5239	4501	3	43.94
8566	530	4	48.54
455	8159	12	174.62
9059	7	3	14.84
108	12550	3	18.59
1065	6273	4	50.54
102	35215	3	19.63
2	6473	3	11.1
2	2995	9	39.38
12686	119	10	112.64
5323	14	24	97.44
634	1160	3	22.82
29211	35967	4	105.6
102	522	46	119.92
14578	5877	3	52.5
10089	14	11	39.38
103	917	9	18.78
579	147	9	45.23
4665	263	5	49.49
262	11303	3	32.03
16	922	3	6.37
1132	182	3	14.83
2223	101	5	4.73
109	12945	11	110.28
208	3690	5	43.97
7940	106	4	21.48
12	17690	3	7.32
14422	101	3	10.44
2733	6024	3	41.69
104	1786	5	12.43
102	1170	17	35.97
101	4946	4	7.32
1408	112	3	7.68
10777	10144	5	97.05
12	3057	9	10.08
18563	106	8	77.22
153	386	25	166.07
12	708	25	13.56
1111	458	8	71.68
16856	14	8	34.38
6204	1609	4	54.04
586	363	9	68.69
57	15709	3	22.43
1021	39470	3	50.15
8879	21	16	174.18
57	3560	3	12.44
8531	14	11	34.33
2747	102	12	37.67
105	328	8	6.37
8664	2375	3	43.34
112	1582	5	18.64
289	20295	3	37.22
1041	6543	4	50.72
123	15586	7	77.01
1702	105	3	4.94
280	15458	5	64.07
112	4024	3	13.62
8518	14	16	68.76
2267	779	3	28.22
31784	12	3	11.65
5335	659	9	119.03
1078	136	5	23.92
1431	1646	4	42.08
639	3059	14	181.62
1151	147	3	12.21
1187	105	57	390.65
166	755	3	11.49
8270	157	9	99.3
5010	2489	6	88.95
1191	109	4	8.77
139	146	29	111.3
18433	14	8	37.98
12	10199	3	4.03
141	6738	9	90.58
1544	105	6	16.02
173	5645	3	24.04
14974	14	6	18.59
102	11185	3	9.52
2242	102	11	28.43
138	2102	13	106.63
14954	102	3	11.49
2545	107	3	7.9
128	6371	4	30.51
7762	831	3	36.03
19025	180	4	47.51
4731	3531	3	41.58
190	103	13	4.09
8266	10331	4	72.59
118	545	64	486.15
126	17959	3	28.22
37619	14	3	12.18
5148	101	4	7.53
1520	43592	3	57.15
12	946	20	11.9
16646	102	6	34.88
126	2613	13	107.48
282	660	3	15.37
1302	254	4	26.96
7187	12	6	11.65
1023	273	3	17.41
102	5851	5	14.37
2	1636	15	62.87
12	124	369	468.42
794	109	16	65.35
5300	10090	3	48.92
875	12	34	42.43
106	8955	3	14.91
7215	14607	4	74.93
29630	14	4	17.19
1228	114	4	12.25
870	681	3	21.6
2	17770	3	17.98
12	17242	4	12.38
356	12	39	14.37
1369	1664	10	124.16
12	7373	7	15.75
927	1543	6	61.92
12	1830	9	3.94
695	494	3	18.64
2354	101	5	5.02
5240	27674	3	56.45
5653	14	29	151.32
609	26324	3	43.58
23597	14	6	27.48
3577	276	4	35.84
12356	762	6	88.43
239	1391	4	26.94
1676	128	3	13.13
149	321	31	201.75
6651	3359	3	43.64
555	345	3	15.64
12	21566	3	9.02
1172	22848	5	84.01
107	1527	3	5.23
675	112	11	40.16
200	16920	4	46.39
12	28974	4	19.34
11911	12	3	4.72
48723	14	3	16.55
30099	14	5	27.58
402	745	3	18.13
12	9989	4	6.98
1550	1979	4	44.23
7859	21157	4	79.06
5010	490	4	42.93
1218	5815	3	36.44
19246	12	4	13.55
128	7273	4	31.9
6188	101	3	5.19
31458	12	4	19.34
2578	122	4	22.31
2550	21	3	11.67
537	126	3	6.92
57	1644	3	8.15
129	1335	10	63.59
2854	102	6	11.5
231	358	10	59.91
744	772	3	21.59
135	775	9	48.27
912	103	5	5.64
473	5069	4	43.01
1908	12	12	10.35
2929	102	4	5.09
109	1070	8	26.09
57	2399	3	10.33
7	3191	5	18.91
13214	1235	5	75.85
141	659	7	32.7
12	16381	3	6.66
9035	11979	4	74.78
102	10581	4	14.57
979	436	25	276.69
532	1911	6	58.58
12	13652	7	26.62
35	47364	3	36.04
892	1837	4	39.13
1489	2676	4	46.23
190	7060	3	26.22
1081	101	17	28.5
57	4211	4	20.35
14831	12	3	6.09
166	335	3	7.46
7383	241	12	154.24
4382	1592	3	36.28
105	3873	3	9.21
8333	5052	3	47.48
105	579	24	85.26
106	843	4	4.74
1615	14	75	296.87
20922	3264	4	71.31
369	217	6	29.22
1698	1200	5	53.26
12	12492	3	5.13
201	137	5	8.77
266	2402	54	782.34
136	190	15	52.46
4488	12	19	64.37
1224	5211	4	50.02
121	9492	4	32.34
134	970	7	36.76
4407	109	3	12.4
11727	154	3	27.56
6259	316	7	81.83
438	1226	4	30.66
1872	122	7	42.53
14989	12	3	6.09
1079	245	10	80.79
6506	101	6	18.74
102	16689	3	12.13
456	307	3	14.02
11352	17	3	22.83
2587	103	3	5.93
102	5898	5	14.37
142	9587	7	72.93
46921	14	3	16.55
126	102	64	17.95
4371	106	8	44.24
1751	492	3	24.01
550	978	4	30.46
35	7254	23	276.42
751	733	3	21.31
20062	14	7	32.71
10150	12	8	27.1
272	7155	3	29.25
46416	14	3	16.55
424	9	7	15.44
334	502	3	14.91
680	8943	3	35.85
12	8219	6	13.32
928	1981	3	28.3
12	5735	6	9.08
12	1488	13	8.03
156	372	3	7.54
41854	42783	3	84.68
804	29003	4	66.18
11183	2386	5	80.9
3992	267	6	60.01
12	7412	5	8
579	374	4	24.15
102	4252	4	7.43
427	6036	4	43.69
116	405	5	9.72
9465	12	4	6.56
145	5729	12	124.47
2405	131	39	427.74
101	26281	3	14.79
406	101	24	21.04
379	760	16	150.43
106	2499	3	7.5
7346	14	13	41.52
39916	117	3	32.23
1660	867	3	26.76
10884	101	3	8.49
6236	137	6	53.03
701	18732	3	41.15
618	17	3	6.03
1287	14	20	13.11
6631	101	3	5.6
495	626	3	18.11
6056	501	9	117.25
30980	14	3	10.08
501	715	5	36.57
2483	105	7	27.29
1397	171	4	22.55
772	101	10	4.91
190	129	5	6.66
6870	448	11	150.16
200	1368	4	24.83
525	6445	4	45.69
4738	147	3	20.7
5098	12	6	7.75
140	6397	3	22.44
498	162	5	19.96
4073	627	6	69.7
10003	8725	3	52.26
25152	14	3	8.62
1526	154	3	14.75
226	1219	3	17.24
6803	190	17	219.84
57	584	5	9.47
1	58	46	109.84
178	901	18	144.87
19706	14	8	44.13
579	9	11	38.91
1466	250	4	27.58
355	232	12	76.45
101	4056	6	13.09
13	812	3	13.09
40804	14	3	12.18
12	1284	15	9.32
123	206	4	4.29
577	200	6	32.36
101	16692	4	17.44
34008	44906	3	80.18
721	309	7	50.11
118	1651	5	22.47
46230	14	3	16.55
211	6847	9	103.6
181	7664	5	49.69
16794	12	3	6.66
4482	114	4	22.32
1673	208	3	18.48
22206	14	6	27.48
1647	8	3	9.09
117	434	9	27.69
14024	16141	3	58.96
7	8843	3	14.49
1066	1413	3	26.94
51823	14	3	16.55
3379	169	4	29.57
5261	12	5	5.24
2	10	4	4.94
12	661	28	17.06
449	102	23	27.55
384	2098	4	34.42
103	5708	3	10.21
153	4660	7	62.7
101	266	28	14.85
102	1125	8	6.81
599	200	7	40.3
389	145	13	65.75
9979	1137	3	39.38
102	8028	18	127.46
414	300	5	27.44
37645	117	4	48.96
445	1137	3	20.76
16971	14	8	34.38
633	417	17	158.68
124	104	101	237.15
12	191	81	25.73
11149	12	8	28.46
103	1310	5	8.54
6143	16	3	17.13
1138	847	4	34.66
150	3511	8	67.57
852	130	3	9.39
206	144	4	6.31
180	792	15	112.36
1832	126	4	20.3
190	11675	4	42.31
103	3785	3	7.9
12	869	19	8.23
12	6540	4	4.1
102	2388	7	13
103	2264	14	66.29
22787	14	3	7.51
104	691	7	10.43
12	1586	11	5.42
1056	480	5	39.89
3100	101	8	17.99
102	5026	4	8.59
4668	120	5	35.27
383	545	6	40.48
16	4907	5	31.88
4648	29158	3	57.29
37555	14	4	22.06
4956	101	3	4.04
1300	24603	4	67.36
268	46383	3	47.21
12	19165	3	8.09
2108	475	9	96.02
3451	127	4	25.46
12	7442	6	11.65
252	826	4	23.2
3582	7854	6	100.01
3699	102	6	14.02
102	1032	21	48.36
2412	157	4	25.91
12861	7677	3	53.11
36569	14	4	22.06
18025	8826	3	56.65
2543	6164	5	74.33
1671	109	4	11.33
168	337	7	29.06
328	126	17	80.28
23857	14	5	19.46
262	210	3	8.34
432	20174	4	55.6
440	596	6	42.95
14122	212	3	32.03
128	290	3	4.3
1631	104	17	80.37
702	530	5	36.95
108	419	11	23.71
52168	131	3	40.11
20832	12	3	8.09
5001	102	3	4.93
36275	14	3	12.18
24977	12	3	10.16
34832	35	4	48.05
101	8663	13	76.14
683	4944	4	45.36
318	214	4	15.04
4419	33399	4	85.03
29096	316	4	59.38
108	2060	4	12.21
2141	881	5	52.78
7530	12	6	12.17
501	182	18	127.01
1559	191	3	17.1
3125	283	5	46.15
1212	7294	4	53.02
344	350	3	13.38
5169	5675	5	80.92
17648	21	4	35.33
107	183	10	4.24
24826	104	3	21.92
2632	102	6	10.48
8930	14	14	55.98
1194	147	3	12.49
137	755	3	9.67
8	2958	4	18.89
104	113	45	12.35
101	1653	6	4.61
12	2041	9	5.17
6794	12	4	4.34
910	11644	3	39.48
47233	14	3	16.55
960	12	15	4.3
103	6569	4	17.08
101	7360	3	6.04
1496	544	4	33.78
108	8288	3	15.79
361	5508	3	29.41
753	12	44	65.73
150	119	7	5.04
12	7883	5	8.84
602	7095	3	33.75
543	212	24	198.68
22985	14	6	27.48
12	1313	29	49.02
50690	14	3	16.55
102	2182	6	8.76
200	8398	3	27.99
16142	14	9	43.27
925	688	7	63.39
102	5345	3	5.24
13425	1467	5	78.59
187	216	6	19.62
12	631	34	27.89
1112	1516	3	27.58
149	34441	3	37.02
550	642	3	18.87
4159	21	3	14.48
3015	245	7	66.46
11236	141	4	37.38
35386	14	3	12.18
13729	1946	3	45.15
274	105	14	18.62
53309	106	3	31.31
102	38659	3	19.63
3093	13442	3	48.01
3526	102	4	6.19
3762	122	6	43.05
12	432	29	6.99
796	703	33	402.17
451	104	10	14.62
10787	21489	3	60.1
101	5015	3	4.04
667	5960	11	154.7
5562	224	3	26.15
102	13635	4	17.14
2247	723	3	27.67
1636	119	3	11.28
111	1602	5	18.46
12	11215	3	4.36
2302	14	60	267.66
5585	101	3	4.66
34431	603	3	47.35
110	5566	10	74.45
5074	2489	3	40.07
5611	2858	3	41.56
190	1802	7	53.78
765	652	7	60.58
2042	13345	6	101.62
128	18614	3	28.38
266	842	52	595.44
12	13043	3	5.13
138	430	6	21.54
12	15272	3	6.09
2251	28562	3	52.92
1961	12	9	4.65
11457	180	5	55.01
8326	14	16	68.76
649	665	4	28.87
9	834	3	5.34
3572	3453	3	39.79
3986	101	4	5.73
12	27649	3	10.16
1149	111	4	10.42
1754	109	10	46.92
133	1452	6	34.03
1852	175	7	52.63
162	3452	4	29.1
1671	404	4	32.8
5096	14	20	67.77
38714	14	3	12.18
134	35285	3	36.18
113	365	5	7.52
6909	101	3	5.81
2027	14	51	176.64
6565	245	5	52.13
1928	428	4	34.35
18943	14	9	49.64
3676	561	3	29.2
20684	102	4	21.18
6773	263	3	28.75
12726	674	3	38.31
319	862	3	17.47
1426	2239	3	31.62
54339	14	3	16.55
6570	659	8	107.47
39519	14	3	12.18
227	155	81	646.17
2063	110	4	14.08
2	11743	7	49.18
31323	14	4	17.19
4226	494	3	29.37
2372	4062	8	119.46
2056	685	6	62.27
2575	109	3	9.3
204	101	38	18.36
3710	6309	4	60.77
2609	169	3	18.9
110	137	12	5.17
7799	9	6	45.72
163	870	3	11.97
1185	107	4	7.1
39437	14	4	22.06
5398	136	29	379.69
13262	549	4	53.11
7797	200	3	27.67
173	23009	7	101.53
1490	14	96	436.11
380	3958	11	132.43
178	11040	4	40.94
35	45237	3	36.04
300	393	6	34.68
5885	284	6	65.8
12	15877	3	6.66
2866	2598	3	36.75
297	13173	4	47.96
102	556	52	153.94
104	2781	3	7.13
20131	14	4	11.5
11447	213	6	70.91
102	4760	11	44.94
2618	146	6	42.72
477	107	6	6.78
2895	486	4	38.58
5217	29053	3	57.84
10836	19316	3	59.08
102	18338	3	12.86
388	1128	3	20.17
11029	14	13	60.19
103	4365	6	25.62
2291	2426	5	63.83
217	227	3	7.71
7570	1590	3	39.91
6860	14	17	63.47
12	457	74	119.05
2295	126	6	38.21
731	224	3	14.19
4095	12	10	17.68
32792	14	4	17.19
5186	6240	3	45.73
390	7155	3	31.51
180	252	3	6.79
102	1909	25	98.7
3218	3978	3	39.86
32365	14	5	27.58
35	22781	7	84.1
316	5880	4	41.13
101	4204	7	17.97
2617	15139	6	106.05
18233	12	3	7.32
1317	102	7	6.48
327	849	3	17.52
127	26725	3	31.47
4507	41770	3	63.85
164	1028	3	12.95
576	42279	3	51.6
4188	12	9	14.56
108	621	27	122.08
24171	12	3	10.16
3542	303	6	60.14
113	1521	5	19.29
1633	163	4	23.17
404	4441	3	28.77
6241	101	3	5.19
58	2735	7	38.06
195	18898	3	33.23
8868	12	10	35.22
107	20784	3	21.13
593	1557	4	34.84
3232	114	3	13.1
136	125	11	17.48
201	213	8	32.17
200	2189	8	68.88
7770	102	16	102.95
25277	14	5	22.3
495	116	13	51.55
133	3018	8	62.18
39849	14	4	22.06
105	2916	3	7.76
107	165	23	27.33
1364	6700	3	38.18
2200	1286	5	56.91
6480	120	3	19.98
4434	4137	14	249.37
1641	9329	3	41.39
690	8446	11	165.44
323	3604	3	26.06
162	203	3	4.32
14564	12	8	35.9
138	155	42	203.91
114	903	3	6.04
102	14047	6	31.77
103	5203	3	9.65
11924	255	3	32.31
861	102	41	134.81
3997	553	4	42.01
6765	102	12	62.24
102	4136	8	24.98
12	916	24	19
102	1639	30	120.01
939	178	7	43.22
1895	101	6	5.75
873	14	48	67.7
10395	192	4	41.34
35	53672	3	36.04
27286	12	3	10.16
690	1020	3	22.55
145	163	7	12.31
13315	122	9	103.94
23027	3457	3	52.54
301	17829	3	36.65
188	200	33	210.39
19719	14	4	11.5
15369	114	6	56.45
3643	913	4	44.71
315	102	37	52.59
155	307	3	6.53
1111	5757	5	65.32
31945	14	3	10.08
2431	106	7	28.42
47113	14	3	16.55
20254	14	8	44.13
10214	12	8	27.1
101	22757	3	13.59
28882	12	3	11.65
396	192	6	27.75
1196	393	7	60.17
5797	326	7	81.04
478	266	26	229.15
102	5061	6	17.52
297	10390	5	60.15
110	46106	3	33.98
2857	33317	3	56.57
2	2691	4	10.34
102	2427	37	203.08
6893	200	3	26.82
5129	101	3	4.19
329	461	3	14.38
231	681	4	21.14
743	884	9	86.78
741	104	11	26.05
17650	101	6	34.63
321	5404	10	122.33
3751	8502	3	45.73
13896	131	4	38.22
29476	14	3	10.08
3195	490	3	27.61
133	488	8	33.82
4730	559	6	70.28
8756	101	3	7.11
6993	4977	4	64.34
22704	14	7	38.61
318	2710	13	145.96
108	3529	3	10.5
106	2210	3	6.9
35396	14	4	22.06
2064	3209	4	50.48
344	461	3	14.73
5073	7	3	11.13
6096	107	3	12.85
592	7656	9	125.64
231	386	3	11.4
10812	3416	3	47.09
775	3389	3	30.55
402	7610	6	73.67
1043	717	3	22.84
38074	213	3	41.04
13439	1101	3	41.57
12306	17459	3	59.17
26166	105	5	45.62
925	9673	3	38.25
17654	1037	3	43.31
3623	428	3	27.7
529	1833	26	335.5
44982	12	3	18.18
110	435	24	98.6
16241	14	8	34.38
11885	193	4	42.73
935	13175	3	40.12
2038	128	7	45.29
411	109	5	5.17
109	4987	6	34.76
1081	111	10	42.28
110	636	10	30.83
896	12859	4	55.93
16158	14	9	43.27
6664	12	5	7.27
10297	14	9	28.63
710	3718	3	30.49
8640	198	3	28.2
203	216	3	6.86
2457	14	59	273.48
1022	1335	3	26.37
5556	448	7	84.19
123	430	107	966.35
4273	14	35	163.57
2469	102	28	134.22
8829	14	15	63.7
870	358	3	18.25
274	1298	4	27.54
15205	14	8	31.63
1265	105	8	22.78
113	48939	3	35.65
16	391	5	8.64
5893	134	5	41.18
3340	101	4	4.66
269	103	30	66.31
5256	148	10	98.34
115	308	12	35.75
5087	1206	10	145.5
5601	101	10	39.28
1252	13837	5	77.03
19139	12	3	8.09
696	128	3	8.3
12	3955	6	5.28
1131	10155	3	39.74
101	5445	5	12.05
3889	1721	3	36.02
356	1820	3	22.71
142	9865	3	25.3
102	5879	7	24.97
135	11123	3	25.71
516	1375	7	65.41
12	22155	3	9.02
3552	1344	4	47.73
1446	650	3	24.41
1985	105	3	5.71
967	106	28	140.32
4098	217	3	24.06
4808	14	8	10.04
3819	7	3	9.46
145	112	27	51.79
40440	35	4	48.05
33389	12	3	13.78
104	6027	3	11.46
101	4543	5	10.39
12	950	15	4.22
126	114	256	1549.3
48287	14	3	16.55
16340	14	6	20.16
614	292	3	15.25
2008	10652	5	78.36
4412	101	6	14.21
128	844	3	9.27
47934	14	3	16.55
260	631	5	29.41
20048	12	3	8.09
133	1403	6	33.72
129	879	4	14.82
190	917	3	13.89
57	565	4	5.87
23421	14	6	27.48
496	1625	3	23.6
37052	14	4	22.06
368	2451	4	35.25
139	104	37	40.48
101	9213	5	17.6
14531	101	3	10.44
109	38652	4	44.15
1125	1769	3	28.57
12281	153	3	28.01
298	2121	22	260.17
4940	101	3	4.04
707	4762	19	285.04
22886	14	6	27.48
16466	14	8	34.38
319	133	8	27.92
831	2299	4	40.55
1154	652	3	22.97
57	1215	3	6.5
1385	18758	3	45.16
9451	14	13	51.09
113	411	9	24.23
2956	217	3	22.19
18535	12	4	12.38
102	3844	11	40.06
2	1207	6	11.18
478	5378	3	30.89
48489	14	3	16.55
1019	11553	6	90.29
12	18399	5	18.34
273	737	4	23.2
740	10688	5	68.37
102	20843	4	21.18
639	11974	4	52.8
255	8391	5	55.62
252	18838	4	49.93
1675	105	3	4.85
7104	4731	6	101.6
105	13183	3	16.69
2286	732	5	51.77
102	18500	5	27.94
12	4867	6	7.17
351	153	5	16.47
153	701	5	22.18
5904	101	3	4.83
1025	358	3	19.15
12	7635	4	5.17
355	214	5	22.07
4915	654	5	58.74
1010	10494	3	39.18
4370	102	10	36.97
104	186	17	13.13
18452	14	8	37.98
1927	2236	3	33.55
116	183	9	12.5
2187	107	3	7.21
657	285	3	15.45
182	1380	3	16.14
10181	101	4	13.17
8954	107	4	22.82
4482	102	3	4.38
102	2199	8	15.77
12	1267	20	20.03
13970	12	3	5.58
445	298	3	13.71
726	1202	13	142.62
1430	44972	3	56.77
104	4038	3	9.1
5198	103	3	9.65
12	346	39	13.26
102	1153	7	4.91
19469	1839	4	66.78
379	8662	3	32.82
12	19783	4	13.55
3401	106	3	9.12
14271	14	6	17.24
2438	12	13	17.89
35	7875	10	91.14
108	9987	5	33.75
5696	103	3	10.21
39123	14	4	22.06
940	233	5	31.73
6370	5438	7	121.7
2286	2159	3	34.39
53207	14	3	16.55
717	17	4	10.92
24588	12	3	10.16
12	4653	5	4.36
5393	4962	3	44.67
28936	762	3	46.41
12	6264	6	9.84
1947	604	4	36.82
4663	12	6	6.9
1404	8035	3	39.45
597	134	6	24.54
127	220	4	5.33
4309	5243	18	345.86
600	3542	4	41.56
1664	13944	5	80.02
12	1248	15	8.75
103	129	72	116.98
123	155	9	13.7
13533	14	12	66.19
7009	4177	3	45.13
211	116	8	12.21
9603	1885	5	77.03
1837	102	6	7.06
270	233	5	20.39
181	3533	28	345.71
143	3745	7	57.2
21247	200	3	35.32
1926	14	78	378.1
101	4100	4	6.05
4689	12	5	4.36
21758	17719	3	63.66
2	540	8	9.05
104	5155	3	10.49
14030	247	3	33.12
10384	101	3	8.11
141	901	3	10.77
113	1331	19	119.88
1224	2574	4	44.35
129	20343	3	29.31
234	699	4	21.45
368	247	30	253.36
1112	9124	3	38.93
1385	245	5	36.1
22079	14	5	19.46
4510	8381	4	65.24
109	2921	13	82.65
108	944	4	6.66
227	3928	3	24.35
32450	14	3	10.08
921	145	10	60.22
2934	106	3	8.39
570	157	12	70.58
8	19033	4	36.37
105	1634	3	4.75
1123	120	3	9.5
110	911	4	8.02
5190	106	11	73.03
10433	14	13	56.66
877	102	8	4.49
108	22193	3	23.02
26271	14	4	14.69
48184	105	3	30.61
138	7071	5	43.58
12	15234	3	6.09
54196	14	3	16.55
29107	12	3	11.65
16278	12	3	6.66
2304	146	6	41.26
103	13980	3	15.94
3061	486	5	50.93
6478	343	3	30.25
347	1266	3	20.32
443	761	8	65.68
102	25032	4	24.56
5242	12	8	14.88
2264	136	62	782.83
801	377	3	18.13
766	241	3	15.15
19266	7	3	20.35
22568	14	3	7.51
1493	2273	5	58.62
27636	2398	3	51.59
2475	149	16	147.49
1006	732	8	76.73
113	4570	4	22.36
2639	1564	4	46.54
12	7392	8	20.26
513	412	9	68.28
4814	105	3	10.52
12	3930	7	7.79
277	116	5	6.55
145	1542	3	13.93
336	2178	3	23.47
20700	102	3	13.69
5058	105	3	10.69
5598	1338	3	36.87
101	1156	9	7.2
20680	14	7	32.71
8504	12	12	46.61
50861	35	3	36.04
4060	103	3	8.28
19434	102	3	13.69
3449	303	3	25.58
8338	115	4	28.78
127	4725	3	19.22
2523	12	13	18.55
681	10570	3	37.01
1870	21	32	265.64
7426	14	14	47.61
145	148	180	1394.47
486	101	19	14.35
53009	14	3	16.55
4517	12	6	6.64
751	546	3	19.71
17	137	78	361.45
892	32803	3	47.2
102	1392	11	18.78
12	142	196	141.65
101	528	15	8.18
794	2592	3	28.99
2517	24907	3	51.95
53090	14	3	16.55
11045	14	6	14.08
529	102	12	6
38617	114	3	31.3
236	1806	3	19.91
2818	123	6	39.71
11322	224	4	43.74
1872	17	3	11.88
19815	117	8	97.94
1523	101	8	8.41
3228	185	3	21.33
5337	104	3	10.67
57	1631	5	18.37
106	520	8	12.63
769	4139	5	58.27
12971	6364	7	136.87
740	3015	13	169.25
2235	196	3	19.71
3818	13394	4	68.52
25932	14	3	8.62
12872	14	12	59.27
12	13318	3	5.58
3330	352	3	26.2
295	398	4	19.87
2339	3239	4	51.62
10107	12	5	10.9
43624	17229	3	73.22
12	12199	4	8.48
527	252	3	13.28
11903	120	3	23.99
32381	14	3	10.08
128	1086	18	127.61
108	357	98	610.48
605	1723	7	70.83
5161	37548	3	60.07
11914	730	3	38.27
2039	840	4	39.52
2002	7	9	36.54
1017	2198	3	29.44
3094	525	3	27.84
10508	14	11	41.45
101	31750	5	38.3
3592	3981	8	125.91
112	2314	3	10.47
1733	7	3	5.27
12	16329	3	6.66
34943	1129	3	50.69
318	638	3	15.94
740	165	4	17.3
2232	109	9	45.08
7378	14	5	5.85
5130	2513	3	40.07
105	18221	3	19.23
2144	147	3	16.08
1387	53964	3	56.62
113	2994	5	25.99
21624	8	4	37.89
103	14128	3	15.94
53074	14	3	16.55
1043	245	4	24.62
101	45863	3	22.98
106	921	4	5.22
1181	102	10	12.45
13301	1629	9	159.88
28493	12	3	11.65
2	15240	4	24.81
2725	12	7	4.3
3499	912	3	31.6
2031	110	3	8.79
913	2640	3	29.82
7649	122	8	75.57
12	9378	5	10.32
2059	14	62	256.25
102	15209	3	11.49
5857	103	3	10.41
716	7	8	15.55
1732	107	3	5.87
1285	122	6	30.01
12	14347	4	9.76
164	4866	3	22.25
348	116	5	8.6
7	7762	3	13.58
107	3804	3	10.05
108	1083	5	11.22
1150	372	4	28.96
8894	114	3	19.3
491	247	16	121.91
723	14	203	970
19610	14	5	17.39
149	21659	3	31.97
121	4945	5	35.91
1025	471	3	20.58
1374	58	3	7.41
5419	3181	3	41.91
419	4380	3	28.74
101	3928	4	5.73
187	1595	4	25.09
2	464	85	456.36
102	696	9	4.13
101	1550	16	35.98
4059	104	3	9.1
677	10390	3	36.96
103	4950	8	41.44
2590	981	3	30.17
35	22414	7	84.1
102	7058	14	80.21
3454	115	6	36.84
243	776	3	15.23
848	661	16	169.02
19447	101	3	12.61
102	5311	5	13.4
1918	2845	3	34.87
1565	179	3	16.66
25867	14	3	8.62
580	2109	8	86.25
1608	14118	3	43.99
28749	12	3	11.65
20099	14	4	11.5
3856	115	3	14.82
101	140	50	5.94
425	227	4	17.79
876	9	8	28.94
968	127	10	56.53
454	713	4	26.83
1892	58	3	9.15
8512	647	3	35.3
5536	12	5	5.49
11106	14	6	14.08
182	967	4	20.93
209	102	33	19.01
1227	2	5	7.98
208	2198	15	151.86
190	13813	5	57.52
9175	3190	3	45.4
1906	110	3	8.47
198	1317	11	89.69
4629	8596	16	332.01
2927	12	8	7.1
103	8959	5	27.15
8163	145	4	34.94
139	2913	3	17.55
13718	14	10	44.61
20557	14	7	32.71
192	725	13	93.68
105	2028	3	5.84
1817	107	7	25.25
5676	106	5	25.41
507	3953	3	29.06
107	1102	4	6.61
9782	1546	4	57.76
7281	102	8	35.08
436	2155	7	70.05
15681	1077	3	42.73
369	101	17	6.12
9213	105	3	14.57
16832	4944	3	52.17
12	12364	3	5.13
25075	14	6	33.09
114	220	7	8.24
682	492	5	36.01
4077	114	4	21.5
12	10911	6	17.07
3233	6990	6	96.85
16132	139	10	136.5
440	2111	3	24.7
10244	185	3	28.78
3402	105	4	13.5
12292	1300	3	42.18
240	523	67	723.03
2191	445	3	24.99
6224	14	10	21.79
311	107	25	71.9
12	6947	4	4.6
12	1094	15	6.11
283	102	20	8.87
28	9536	18	275.01
102	22919	4	22.67
148	3642	3	19.17
15262	475	3	37.65
9797	244	3	30.67
1322	101	20	47.58
6493	4180	3	44.62
4446	808	3	32.39
743	27308	3	44.63
870	471	4	28.54
12508	14	6	16.07
3940	105	5	20.57
7229	102	8	35.08
6203	12	10	26.7
333	258	5	23.61
565	9646	14	224.71
820	102	13	14.72
2250	118	3	12.39
3006	146	3	17.92
27584	12	4	16.81
102	2614	4	4.38
10795	799	4	53.75
183	830	7	42.62
101	2117	8	12.76
102	934	15	23.22
18052	207	3	33.85
102	2799	12	38.08
101	3722	6	12.09
1915	2	3	4.51
2222	112	3	10.32
147	122	9	11.51
29596	12	4	19.34
584	1	3	7.51
51379	14	3	16.55
3968	104	3	8.96
2667	101	5	5.91
628	884	16	168.78
1063	109	12	48.41
9983	286	3	31.85
1924	3916	12	185.01
104	1205	4	5.68
125	660	7	29.52
8623	101	3	7.11
281	904	4	24.99
763	1972	19	247.74
173	12759	4	41.97
101	6221	4	8.99
417	3424	3	27.31
121	6109	3	19.54
12598	1756	3	43.93
458	18843	3	38.9
12775	12	4	9.09
10047	327	3	32.6
4162	102	6	15.33
587	414	11	91.09
1409	902	3	26.02
307	1464	3	20.43
102	18894	3	12.86
17	246	10	25.43
1138	652	3	22.89
584	104	6	6.25
756	111	7	20.7
255	13540	5	61.81
185	17490	3	32.76
102	18162	6	36.84
1041	26748	5	85.93
3209	107	3	9.12
10305	3038	4	63.94
101	7633	3	6.29
102	4400	6	15.9
14376	1479	4	61.6
6414	12	6	10.26
15337	101	3	10.44
127	1278	11	70.68
13	138	5	7.69
314	352	14	102.63
1623	2256	3	32.53
8342	162	4	36.74
6099	117	7	54.29
23373	14	5	19.46
895	161	6	32.39
5493	14	22	85.18
3613	107	3	9.8
7	14071	3	17.49
241	267	36	291.36
738	14228	4	55.27
47982	14	3	16.55
102	22166	3	14.68
6525	12	5	6.93
14289	12	3	5.58
2844	122	6	39.63
766	6004	3	34.11
2580	14	65	358.56
10173	7	3	15.59
15320	14	9	39.47
12	12346	3	5.13
2409	1186	3	30.84
3597	2240	3	37.26
10882	402	3	34.69
12	11473	4	8.48
14018	12	3	5.58
3662	7	9	47.6
595	1679	4	35.47
370	1151	4	28.95
1252	5812	3	36.66
8762	16	3	19.58
140	103	31	20.63
1300	12363	5	76.47
28	54644	3	45.77
373	313	5	26.83
109	2824	4	15.34
102	25488	6	48.19
106	4873	3	11.18
3704	101	20	91.35
254	204	7	29.57
13087	489	4	51.5
8898	163	3	26.02
102	9958	13	86.01
136	284	6	17.03
9628	101	6	24.36
114	254	5	4.81
1286	111	7	27.38
837	1807	3	27.17
2	12152	4	22.53
3117	14	52	269.99
435	204	4	16.69
17981	14	3	5.88
7	290	11	12.7
296	19560	8	128.08
133	388	7	25.44
102	37825	4	32.13
102	32861	3	17.44
240	1393	3	18.48
6339	12	4	3.87
625	20571	3	41.43
102	4854	3	4.78
419	104	12	19.82
12	7832	4	5.48
3927	241	13	148.92
2401	40896	3	55.5
121	2504	4	21.27
695	130	6	24.58
327	10961	8	108.53
48075	14	3	16.55
447	105	13	25.77
7668	196	20	285.25
355	147	5	15.37
459	109	9	18.96
23538	14	5	19.46
115	2035	5	23.59
209	130	26	120.37
27709	14	4	14.69
102	16820	3	12.13
9760	14	11	39.38
1357	242	8	65.06
119	2593	8	53.04
3848	102	4	6.77
968	105	8	18.76
1371	4673	6	80.85
18661	193	4	47.11
597	1050	3	21.96
102	7989	6	23.61
12	4545	7	9.51
35	38324	4	48.05
1503	128	3	12.47
12	6407	4	4.1
101	6523	5	13.76
104	3308	3	8.01
1751	106	4	9.49
29537	14	3	10.08
103	1691	10	34.22
455	1035	6	49.33
9340	102	5	19.36
5692	4023	4	60.62
4393	735	3	31.72
146	111	20	27.48
339	703	5	33.15
12644	12	3	5.13
208	2912	8	74.73
303	369	4	19.51
1332	17661	3	44.91
474	123	8	30.14
33947	33302	4	110.6
765	847	6	52.77
108	4060	4	17.31
201	811	3	13.89
17651	14	8	37.98
12	12968	3	5.13
5545	6752	10	185.54
12637	193	3	30.57
18102	160	3	31.06
748	1700	4	37.37
2819	110	3	10.65
3020	102	10	29.44
1993	12	9	4.77
432	1489	10	99.36
5604	692	3	33.05
8637	53717	3	68.1
4930	4643	3	43.73
669	344	6	41.54
321	3268	4	36.3
106	112	59	37.92
1725	452	3	23.55
1936	850	10	117.38
11340	12	3	4.36
4253	102	10	36.42
30024	14	3	10.08
770	2387	3	28.42
2661	21	3	11.94
1979	8596	3	42.22
102	15186	4	17.96
468	103	28	85.94
2505	14	33	93.61
13122	475	5	66.94
3529	101	10	29.13
3054	3311	3	38.58
13716	37109	3	66.68
30013	14	4	17.19
4862	127	3	19.39
103	14911	3	16.53
2342	1478	3	32.09
4804	286	18	238.13
833	7026	3	35.47
2999	387	3	26.19
702	153	5	22.22
108	262	19	43.43
3907	42142	3	62.92
102	21005	4	21.18
121	38931	3	34.03
874	101	13	12.33
118	6844	22	254.06
751	928	4	32.49
273	707	3	15.46
23771	264	3	37.53
53149	122	3	39.13
146	165	8	16.24
101	6585	4	9.28
599	6642	3	33.46
388	7099	3	31.51
3249	496	4	39.41
102	2025	10	22.13
101	2883	8	16.93
153	2189	13	113.22
1144	901	44	621.11
102	1329	11	18.03
2225	202	4	29.03
12	541	27	9.52
127	2892	4	24.08
5260	371	3	29.37
102	7931	3	7.52
416	707	3	17.95
665	5568	11	151.81
1503	867	3	26.13
180	116	18	44.82
108	9918	3	16.82
118	1531	3	10.04
1707	117	25	195.2
4484	221	5	46.7
424	766	3	18.56
101	1798	6	5.28
2353	12	10	8.93
1333	102	16	36.83
927	1199	16	189.91
125	5519	3	20
30919	14	4	17.19
102	4572	6	16.52
21060	14	6	24.36
12	1175	18	12.57
101	3153	4	4.43
488	1130	6	50.87
16	311	5	6.82
3605	312	4	36.95
1325	9061	3	40.15
53981	14	3	16.55
44205	16	3	36.08
107	1183	3	3.95
1306	101	7	4.63
287	14	448	2045.32
10259	527	3	35.56
28050	33559	4	105.6
2445	4073	5	69.64
366	110	8	14.59
402	973	17	171.4
5699	12	13	39.43
1189	263	12	106.15
327	107	21	55.12
6240	14	23	104.74
113	1155	4	11.51
58	4561	4	21.26
12	11821	3	4.72
2964	18973	3	49.82
13	8573	4	39.27
138	7772	3	23.38
4344	1233	3	34.67
7250	2	4	18.16
102	30609	3	17.44
17529	17400	4	85.87
1608	19759	3	46.91
1079	2017	3	29.16
701	1135	5	43.85
110	4097	3	12.64
2419	2396	8	110.85
169	3396	4	29.57
297	7438	3	30.2
6537	1	4	30.82
1903	7	4	9.69
566	24597	4	60.98
844	972	3	23.42
404	5465	4	42.51
655	47392	3	52.25
8	1	47	124.84
169	1682	3	16.23
6187	12	4	3.87
10409	107	3	16.36
150	16258	4	41.92
2842	745	5	54.16
238	14874	5	62.15
175	883	3	13
11	192	13	107.3
491	2982	3	27.28
24465	12	3	10.16
45035	34744	3	80.18
583	769	3	20.22
2021	1062	13	166.94
790	957	5	43.44
102	176	168	462.06
9066	12	11	43.31
155	880	12	79.51
3547	57	3	12.44
103	7121	5	24.56
185	6389	3	25.64
27885	180	3	37.21
2	6836	5	24.19
2605	13399	7	125
102	885	14	19
3155	149	4	27.1
12	1624	23	37.94
53041	14	3	16.55
2567	104	8	32.8
553	528	11	94.05
11137	184	5	54.59
115	148	13	15.77
1328	294	9	79.41
208	4166	4	34.26
2055	102	14	40.31
424	3318	3	27.16
12	17782	3	7.32
2152	336	4	33.54
119	456	11	43.39
13891	14	6	17.24
17	340	5	9.91
5737	265	3	27.81
101	4918	3	4.04
18828	440	3	38.64
12	2436	11	12.13
102	1570	6	5.63
14152	122	3	25.66
2	3277	3	7.25
283	203	4	13.65
12	984	25	23.92
102	1787	27	106.58
928	2288	4	41.36
452	936	3	19.87
928	451	19	197.98
1708	14	84	384.83
34810	1127	3	50.69
4404	19175	4	73.94
389	725	7	53.46
8	41825	3	35.58
850	6869	4	49.57
7	2477	4	11.61
107	2709	3	8.25
3865	389	3	27.71
57	1547	3	7.84
4047	12	6	5.48
12209	4817	3	49.65
137	457	13	67.28
204	3607	3	22.85
12	13140	3	5.13
2958	672	3	28.94
1548	379	6	52.53
2026	101	7	9.07
12	9265	4	6.56
111	1191	6	20.59
203	1595	5	35.09
443	122	6	18.56
437	5857	6	70.68
3231	3140	3	38.57
110	3791	9	57.17
1959	9183	3	42.5
7	5839	3	11.89
5520	12	5	5.49
13928	101	3	9.88
12	44605	3	18.18
23460	12	3	9.02
830	1316	6	58.93
342	6198	10	127.28
164	2548	3	18.37
110	2242	3	9.37
7	3365	3	8.73
110	529	4	4.84
193	102	30	10.19
163	571	14	88.25
128	181	19	67.36
22459	14	5	19.46
4615	614	3	31.1
158	10354	3	26.88
20115	14	8	44.13
12	14028	3	5.58
20356	37957	3	69.59
44951	7498	3	67.15
10111	109	3	17.38
2441	427	6	59.45
42716	43076	3	84.68
11077	14	5	9.79
106	3466	3	9.23
10615	286	4	45.6
16403	12	3	6.66
12	27299	3	10.16
508	568	3	17.73
2070	3272	5	65.7
7763	1162	3	37.82
320	180	30	217.27
17102	14	7	26.79
128	5482	7	59.88
14440	134	3	27.8
6064	157	4	33.42
43244	4636	3	64.02
1361	524	3	22.87
114	301	9	20.04
7222	8643	3	50.29
4511	44669	3	63.85
137	631	6	25.34
282	12672	3	33.56
595	2498	3	27.28
4645	148	4	30.15
370	550	3	16.03
1389	800	4	36.1
137	432	3	6.92
647	111	7	18.82
138	300	9	33.71
230	109	11	14.31
1351	146	7	42.68
114	37205	4	47.72
3924	362	4	38.91
9838	14	12	46.25
318	147	6	19.15
1128	20453	3	44.6
57	1508	11	55.78
27115	150	3	33.21
2006	5121	6	86.67
950	2551	5	55.1
16808	14	5	14.37
4791	101	4	7.12
12628	12	3	5.13
101	46517	3	22.98
834	2251	3	28.55
166	124	7	9.49
2843	3464	5	69.48
2092	265	6	51.79
164	18228	3	31.23
168	910	11	74.73
1860	1260	3	29.7
1767	106	5	13.98
205	133	8	20.31
5887	1927	5	71.21
36880	101	3	18.52
35857	14	4	22.06
398	3889	18	239.21
5078	13278	8	158.28
19660	12	3	8.09
193	130	10	25.91
410	386	3	14.88
4266	415	21	294.62
2831	107	4	13.53
1782	105	18	92.8
102	2833	11	33.34
12	4152	6	5.7
48255	14	3	16.55
16613	2160	4	65.69
818	19581	3	42.85
184	123	7	11.58
101	7746	3	6.29
29867	21	3	29.03
2675	1603	3	33.38
12	1455	13	7.6
103	591	9	12.96
907	149	3	11.2
556	207	4	18.52
874	371	3	18.46
182	444	5	21.5
107	13169	3	17.72
12353	12	11	55.71
4297	107	7	37.13
303	182	3	8.16
109	27102	3	24.82
247	196	15	82.83
6314	106	15	119.58
12267	180	3	29.91
12	1025	21	15.76
102	1748	5	4.18
281	146	3	5.22
2322	150	4	24.6
3085	9831	3	45.55
14188	12	4	9.76
4212	758	3	31.81
12	298	54	29.29
4876	154	5	41.5
179	223	3	5.98
4269	102	5	11.29
273	106	9	7.7
181	4189	5	42.9
1033	128	3	10.29
4945	2206	3	39.19
102	25889	4	24.56
34496	12	3	13.78
7	1113	4	5.87
101	31318	3	16.33
29646	14	4	17.19
9447	102	3	8.42
3148	101	7	14.02
102	15299	5	25.22
5919	14	9	16.34
1696	177	8	61.1
614	12	29	16.66
22874	102	3	14.68
138	7566	3	23.38
3228	1164	8	103.34
57	1272	5	15.99
194	141	10	29.41
3165	102	7	16.52
408	273	13	92.87
106	6546	3	12.96
19844	113	3	25.09
47966	14	3	16.55
11197	12	3	4.36
2146	101	6	6.93
102	11697	3	9.95
12	10378	3	4.03
530	886	7	59.49
4168	247	4	35.97
23389	14	3	7.51
369	452	23	210.2
45232	35	3	36.04
47893	14	3	16.55
12	26491	3	10.16
472	1619	3	23.42
3637	14	37	156.75
10954	12	3	4.36
1557	852	3	26.26
2517	5606	4	56.86
105	976	4	4.87
227	300	11	63.99
105	2821	5	17.43
7	10355	3	15.59
1448	295	3	20.21
12540	501	7	100.55
2979	9	4	18.64
12487	15857	3	58.41
360	1926	3	23.11
240	303	3	10.31
1866	3472	5	65.22
2620	107	5	18.29
103	5930	10	60.6
104	1707	4	8.08
2163	14	53	202.18
12	2169	8	4.07
142	13416	6	65.61
466	9789	6	78.84
101	871	11	7.93
188	767	3	13
790	3480	3	30.86
219	2496	7	61.77
153	2146	6	42.08
12682	131	6	62.3
101	2860	4	3.9
9846	268	5	58.11
19501	12	6	27.57
573	196	13	89.49
40076	106	3	26.82
2824	21	3	12.32
12	18322	3	7.32
22654	1468	3	47.37
132	15358	3	27.58
1569	104	4	7.48
485	182	5	22.31
1290	113	3	7.77
1475	4144	6	79.89
13768	12	4	9.76
12	1216	18	13.93
156	991	3	12.35
762	662	4	30.09
12	3569	12	22.8
4784	398	3	29.21
103	2390	22	128.5
43111	42801	3	84.68
21355	1108	4	63.94
17965	14	7	29.34
101	5831	5	12.69
145	20879	3	30.61
1598	375	13	135.76
49773	117	3	36.72
12	7568	4	5.17
4953	102	4	8.59
102	658	22	36.65
2678	102	6	10.64
124	1995	3	13.83
2	2363	3	5.59
12	3882	7	7.53
847	320	16	147.33
1679	104	8	25.99
4318	9131	5	84.88
1921	105	4	9.38
115	1471	3	9.3
2216	16	68	777.36
5144	14	33	182.03
13616	175	4	42.84
1502	111	7	29.42
102	1730	8	12.25
52064	1315	3	56.27
309	279	4	17.31
12	123	144	13.83
12	2621	12	16.11
12	5131	5	5.01
2316	3182	4	51.35
889	9025	3	37.33
179	210	4	9.44
585	811	4	29.56
1293	147	3	13.04
1646	3350	4	49.06
102	18041	3	12.86
24087	286	6	95.4
518	303	3	14.56
1029	2595	6	69.48
1712	111	5	19.03
3348	7	5	19.49
102	2695	5	7.47
315	183	4	13.22
11241	106	5	33.19
3417	101	4	4.9
10483	902	3	38.56
2488	3469	5	68.16
4214	3417	3	40.8
842	14398	3	40.73
2	2726	13	64.7
115	4176	7	47.94
185	21683	5	65.32
9192	102	5	19.36
345	194	6	26.48
106	6138	13	97.16
7	1800	3	5.43
391	29490	3	42.86
1548	1885	3	31.1
10919	12	3	4.36
368	850	3	18.3
2440	101	15	45.46
916	277	3	16.9
3466	14	7	3.92
103	12745	3	15.41
5211	14	28	127.03
309	14084	5	64.01
234	917	4	23.39
7291	106	3	13.71
963	11362	3	39.32
201	1848	4	27.34
27095	14	6	33.09
2	10885	3	14.52
40152	12	3	13.78
119	25028	3	29.69
6728	12	5	7.27
193	306	10	51.76
7485	24504	4	82.1
1430	2771	55	1036.25
106	508	24	84.11
196	488	3	11.08
34794	12	3	13.78
319	380	6	34.71
8692	101	6	22.83
1081	3262	4	45.1
675	5709	3	32.85
102	13771	5	24.11
805	104	8	15.54
2658	2699	4	51.15
5212	3607	3	42.26
4320	8	7	46.48
114	5118	3	15.84
365	3196	13	154.4
398	3055	3	26.41
5484	18854	4	74.39
844	753	4	31.76
841	105	7	13.21
12	13338	3	5.58
8608	2689	3	44.08
14331	131	12	160.48
29585	14	5	27.58
35460	14	4	22.06
2548	198	6	49.39
1051	352	5	37.14
22054	109	3	23.58
162	111	9	5.25
110	1343	9	38.21
105	2136	10	43.39
14401	12	4	10.52
118	53679	3	37.13
19078	24532	3	65.77
15686	155	6	70.94
3152	143	3	18.08
8652	2566	11	196.93
8978	14	17	81.24
12	5968	13	41.61
12	7953	7	17.08
101	5694	10	39.28
1979	2912	5	64.23
18087	14	5	15.74
727	131	58	520.71
13672	166	3	29.26
763	943	11	112.77
598	1168	3	22.54
21400	12	3	9.02
14939	14	9	39.47
491	106	5	4.05
147	525	19	120.07
150	897	3	11.17
37030	9805	3	64.33
755	128	3	8.79
2519	8274	3	43.36
3879	5346	3	42.86
37109	17	3	33.31
4609	3753	3	41.81
2016	109	8	36.27
1711	104	4	8.08
102	16955	3	12.13
52220	35	3	36.04
1385	14094	5	78.15
12	4826	5	4.57
102	1165	21	52.68
636	2151	3	26.8
23777	14	4	12.9
277	1288	7	56.18
3317	120	3	15.84
283	2208	15	163.57
23285	13082	6	137.35
2040	104	3	5.5
49450	14	3	16.55
576	3090	38	593.08
146	236	3	4.23
1019	11560	6	90.29
21727	4408	3	54.13
102	20820	4	21.18
3073	102	23	111.14
11668	177	3	29.16
105	329	10	11.11
2097	4384	4	53.15
1726	103	4	7.14
10580	12	3	4.03
1244	5293	3	36
3779	102	4	6.62
300	3772	4	37.12
229	156	5	12.51
8	6893	3	17.6
397	836	5	36.24
12	10492	6	16.19
7076	12	6	11.16
432	49697	3	50.01
1480	153	11	82.26
248	8342	4	42.2
1007	104	7	14.38
504	18111	4	55.33
648	886	3	21.51
682	109	7	15.91
4868	101	3	3.91
13783	177	5	56.54
30763	101	3	16.33
1282	16742	7	118.98
108	3267	6	28.31
5875	102	5	14.37
106	234	10	7.7
1488	103	4	6.14
472	104	11	18.46
639	3060	5	53.47
767	1343	4	35.61
107	2107	3	7
110	174	80	348.38
1121	172	4	21.15
6386	104	3	11.91
26909	14	6	33.09
1041	1771	4	39.89
47861	14	3	16.55
1191	106	11	38.67
16404	14	5	14.37
30128	268	5	78.7
2151	791	3	27.95
266	1924	4	30.65
101	15516	3	10.44
113	2015	8	42.84
267	1833	6	50.27
8804	451	8	108.31
10068	14	13	53.68
376	273	3	12.28
106	271	18	34.2
2812	3145	5	68.46
149	10167	8	88.58
26341	117	3	28.42
54132	14	3	16.55
114	2381	4	17.4
112	3984	4	20.3
7899	8071	3	50.23
368	1723	5	42.72
1455	101	22	59.95
677	7934	3	35.18
12	15181	3	6.09
11295	14	5	9.79
473	2329	4	36.62
131	6729	3	21.82
49548	35	3	36.04
102	29294	5	40.16
830	241	4	22.93
108	1851	5	16.37
105	304	9	7.92
17195	2307	3	48.28
738	4067	6	71.43
105	1657	10	37.92
142	17522	3	29.67
12	10223	4	7.44
24425	14589	3	63.47
404	235	33	288
1580	8	18	117.41
2685	17852	3	49.2
5789	109	3	14.03
22291	21	6	65.77
58	2222	9	50.03
262	679	4	22.22
203	818	3	14.08
58	2935	9	54.99
257	247	10	54.25
9269	406	5	61.7
57	2186	4	15.35
110	206	10	11.52
130	4460	12	112.41
7	6026	11	75.92
335	462	6	37.38
276	1495	27	303.87
487	7312	3	32.83
13597	14	9	36.54
101	1680	7	6.97
12	2076	16	23.25
280	2712	4	33.75
12	5275	7	11.28
13970	21	5	43.33
101	3398	4	4.78
12	3530	6	4.36
16	8	37	45
1801	107	5	14.72
10458	1449	3	41.38
12	18379	3	7.32
145	393	4	11.29
7038	6433	3	48
1528	440	10	100.21
102	7558	3	7.26
349	142	3	6.29
15206	12	3	6.09
219	189	37	254.34
311	796	25	250.71
2256	844	3	28.61
12	668	28	17.21
633	116	4	8.91
3135	866	3	30.58
103	5713	5	22.18
46055	14	3	16.55
4600	12	7	9.51
11926	520	3	36.41
119	268	4	5.03
178	1557	6	41.29
238	880	15	127.18
459	5654	3	30.86
2738	20383	3	50.17
9285	12	6	14.64
102	23499	4	22.67
6390	10878	3	51.07
432	18281	3	38.56
53410	14	3	16.55
24068	320	3	40.02
611	14	35	16.79
324	2520	3	24
109	2656	3	9.47
12	11370	3	4.36
402	2139	6	57.34
401	160	8	36.49
1884	14441	3	45.62
1288	5634	3	36.63
101	14402	3	10.44
102	15068	10	73.65
10683	14	8	22.99
811	224	8	54.9
29647	12	4	19.34
1761	3205	4	49.07
12	12194	5	12.95
220	9833	3	29.89
109	252	8	7.74
191	232	10	44.77
108	384	5	4.18
163	702	5	23.07
222	9	6	5.26
26338	14	4	14.69
5618	113	7	50.72
4560	207	7	69.88
4143	12	10	18.13
4494	1783	4	51.95
536	374	13	107.3
105	574	5	4.31
605	247	10	70.6
165	7706	3	25.23
22322	102	3	14.68
32207	14	4	17.19
2181	106	3	6.83
138	110	23	29.87
8	577	10	34.17
1548	549	15	170.03
115	27282	3	28.23
2	14072	3	15.99
172	178	3	3.96
2691	1888	3	34.49
956	9	3	5.95
476	2150	4	35.98
6506	102	5	15.47
181	10719	5	53.39
2039	1939	5	60.21
109	1405	13	62.26
25996	14	6	33.09
4001	10374	3	47.62
2843	8960	3	44.39
488	176	4	15.52
165	10288	11	136.87
4675	716	4	45.19
15321	30815	3	65.06
12304	13206	3	56.59
17	7	36	18.89
3416	1182	6	74.64
417	1886	4	33.99
1109	110	3	5.46
14282	14	8	29.37
3153	1395	7	90.99
2807	113	5	25.29
101	846	25	49.14
142	11561	12	153.03
1292	1128	5	49.76
35	1704	96	1136.15
117	190	8	9.99
690	4288	3	31.22
17396	149	3	30.08
425	663	3	17.7
819	5292	11	155.19
238	4889	16	199.4
52667	14	3	16.55
333	129	10	38.17
660	101	11	4.71
4958	104	5	22.32
8032	14	12	38.69
1324	53844	3	56.37
255	29376	4	57.47
123	418	9	34.11
532	9339	7	95.22
1348	14642	3	43.58
25511	14	3	8.62
1111	4002	4	47.14
355	820	6	44.11
102	4991	5	12.82
516	2678	3	26.8
10767	4651	3	49.01
16175	114	5	45.82
693	766	5	40.34
12	1870	9	4.17
7280	1	22	283.98
12	20718	3	8.09
4933	12	20	76.55
16	692	5	12.86
115	288	4	4.11
13795	14	8	29.37
106	555	6	7.32
295	4615	3	27.19
101	8981	3	7.11
12	10966	3	4.36
321	34196	3	43.85
4137	5540	4	60.55
1825	52604	3	58.3
12	13291	3	5.58
435	214	4	17.26
7379	104	3	12.65
1587	180	34	366.93
503	103	7	5.89
422	13684	3	36.45
18372	14	7	29.34
29709	101	3	16.33
54389	21734	3	75.12
1215	408	4	30.2
166	248	4	9.59
8536	107	3	14.93
1003	10735	3	39.14
29920	21	4	42.67
4021	1092	3	33.42
4835	14	22	76.87
217	12966	3	31.61
1735	109	3	7.16
1317	111	3	7.17
1928	5482	3	38.94
7776	264	4	41.94
3500	945	10	132.05
4109	101	4	6.05
12	11459	4	8.48
202	658	4	19.45
919	3546	5	58.09
5582	155	3	22.73
258	153	5	13.35
103	30595	3	22.6
286	204	3	8.69
7	1536	7	21.27
2715	482	5	49.68
9531	14	16	75.96
6985	175	6	60.21
1803	347	4	32.24
103	4582	3	8.99
315	111	21	73.8
103	3098	3	6.9
12	4029	7	8.05
11630	106	4	25.1
103	601	78	443.33
101	1916	6	5.85
6617	4350	3	45.18
8527	101	6	22.14
12	5776	5	6.02
3639	232	4	34.36
47495	14	3	16.55
16546	14	5	14.37
425	1343	4	31.34
1256	28567	4	69.69
181	7445	9	101.12
253	13122	5	60.59
873	6801	4	49.74
206	12	63	14.62
313	34791	3	43.72
11085	12	3	4.36
103	5214	6	27.72
121	6063	3	19.54
103	53556	3	29.3
3545	102	6	13.55
349	631	3	16.51
26893	14	4	14.69
102	3331	25	131.07
6196	4794	5	81.44
12	169	133	84.15
5356	102	17	92.85
103	1351	19	81.31
16388	14	6	20.16
8	15313	8	82.01
852	111	4	8.48
6452	131	7	63.35
23630	14	3	7.51
165	953	17	130.59
376	1033	3	19.48
8208	185	3	27.32
204	114	6	4.92
414	9351	9	124.73
562	128	5	16.73
1897	12	9	4.28
53070	115	3	36.54
1858	104	9	33.16
58	2128	9	49.05
652	320	19	172.93
173	1656	4	24.48
138	2016	4	22.59
410	1077	4	29.22
30406	14	5	27.58
165	118	9	10.26
6424	123	9	84.05
5595	14558	5	93.83
3412	576	4	41.12
4185	107	3	10.59
5205	7	3	11.13
7	2327	7	27.08
226	530	3	12.72
735	1190	3	23.79
1483	563	3	23.73
14083	104	3	16.82
107	20051	3	21.13
101	13154	3	9.37
234	2008	4	29.73
6234	106	5	26.54
111	1792	12	67.82
58	1932	4	14.55
327	3381	6	60.24
5244	101	6	16.21
14236	12	4	9.76
7419	404	3	31.95
35	45048	3	36.04
409	19496	3	39.23
197	2274	3	19.8
23970	5246	5	99.91
7	3086	3	8.2
341	745	98	1317.16
3413	2	4	12.1
11749	1030	3	40.14
302	104	8	5.13
209	306	9	46.88
623	1646	5	46.95
145	616	3	8.99
13018	12	3	5.13
3762	16	3	14.24
1815	284	7	61.8
49163	2081	3	59.09
926	234	3	15.87
8947	448	3	33.67
102	7596	6	22.99
101	6673	3	5.6
112	12219	3	20.53
101	2731	9	20.17
5196	14	8	10.85
829	11226	7	104.31
108	13953	3	19.13
1134	1802	4	40.68
1164	313	6	46.43
487	51287	3	50.63
363	1494	9	84.95
10398	12	3	4.03
272	229	8	39.81
116	935	6	21.54
12799	717	3	38.66
103	6759	7	39
1982	1722	3	32.04
9368	14	7	15.99
3038	421	5	49.78
1437	2305	3	31.84
12	1340	18	16.87
101	1464	7	5.61
12	3444	9	11.77
102	2141	11	27.59
1847	106	4	9.95
825	105	20	76.06
351	5738	3	29.7
20039	121	3	27.95
105	48547	3	30.61
104	133	19	4.31
3860	14	13	22.35
1620	2297	5	59.71
541	124	5	15.9
12	5209	8	14.41
1209	17070	4	60.81
148	156	7	12.07
2377	5454	3	40.2
972	147	5	23.92
7232	12	11	36.02
1135	1897	9	107.97
1240	8	3	7.51
248	206	12	63.22
864	1006	7	67.38
101	6706	3	5.6
29482	1610	3	50.82
2106	101	6	6.81
5115	3203	3	41.52
963	429	5	38.02
2488	114	9	54.82
35	38676	4	48.05
1022	145	7	38.43
126	4595	8	67.24
12	420	57	59.97
101	280	26	13.19
13072	5673	4	70.99
1672	2951	5	62.44
685	4084	7	84.72
3690	104	3	8.58
16	1598	3	9.38
627	14	238	1185.36
4963	1489	6	82.45
3579	34541	3	57.86
4397	5188	3	43.42
5504	12	9	19.38
17	3781	3	15.91
35049	2579	3	55.86
127	1432	3	12.18
5840	3176	5	76.24
185	929	8	52.69
7306	403	3	31.93
35362	295	3	43.49
562	8374	4	48.49
2	6384	3	11.1
12	6050	5	6.31
3577	553	10	122.61
32219	102	3	17.44
360	618	6	41.33
379	7509	5	58.76
12175	14	10	38.93
105	4069	3	9.47
2176	104	7	24.66
12187	102	3	9.95
113	5272	3	15.89
2988	111	7	39.25
1582	102	12	24.93
2603	12	29	90
12038	14	13	64.63
1608	2548	3	33.09
140	579	4	13.48
4414	12	5	3.98
39373	14	3	12.18
10261	1980	6	96.64
733	835	6	52.04
2781	212	4	31.36
1367	1366	8	92.15
133	6713	6	53.49
2032	761	8	89.5
3090	12	32	123.16
13779	14	6	17.24
31722	14	5	27.58
464	17	5	12.25
2408	503	5	48.79
3703	33166	3	58
18520	102	5	27.94
137	278	6	16.65
138	418	4	11.19
11672	14	9	32.05
400	125	5	13.87
103	9672	3	13.67
706	176	3	11.89
644	101	13	7.8
20835	14	6	24.36
405	725	4	26.27
16185	12	5	16.94
936	387	3	19.17
27192	12	3	10.16
175	1006	10	69.73
150	398	5	16.73
1291	101	10	11.35
3342	104	4	12.84
112	10467	3	19.64
102	5006	5	12.82
251	102	152	545.84
13162	107	4	26.27
12	1606	12	7.46
5294	104	4	16.52
1235	7	8	23
12	1759	19	27.62
18251	136	6	70.09
9841	12	5	10.9
180	3809	3	21.95
243	110	9	11.67
338	1264	10	91.78
34930	12	3	13.78
586	3208	4	40.59
361	4578	7	78.77
338	705	4	24.68
719	2329	3	27.92
816	926	5	43.35
104	3678	5	19.25
246	384	4	17.85
7977	1746	8	127.13
101	582	19	18.76
104	2065	3	5.62
187	818	3	13.22
2708	4665	4	55.82
3996	12	10	17.68
102	8016	4	12.29
101	6436	5	13.76
40750	14	3	12.18
2621	6528	3	41.86
1776	101	6	5.19
2805	103	13	64.98
124	959	3	9.59
102	1660	7	8.77
2	1413	7	17.03
103	2032	3	4.76
35140	783	4	71.03
390	992	15	147.03
1443	3219	4	47.45
16608	12	6	23.3
149	1687	6	37.97
3422	21625	3	52.54
1804	2	4	7.48
4466	111	3	14
8267	12	4	5.81
954	101	16	22.2
190	3745	3	22.29
39785	14	3	12.18
4828	442	3	29.65
162	165	8	19.33
12	8287	5	9.3
12	10784	6	17.07
137	584	3	8.38
230	250	3	8.72
45205	14	3	16.55
531	4377	3	29.92
234	3186	3	23.28
884	5147	3	33.77
101	9004	4	11.74
12	9144	4	6.56
1966	107	3	6.55
107	203	9	4.31
25610	14	3	8.62
508	1344	5	42.85
108	6039	7	44.64
475	125	6	20.25
13581	14	5	12.2
769	5647	3	33.67
706	3453	4	42.53
12336	102	6	30.5
224	101	25	4.97
322	900	7	53.4
28169	12	3	11.65
14088	102	3	10.93
7660	14	16	63.26
136	1852	6	37.64
649	116	3	5.32
233	743	3	14.75
367	173	3	8.6
1452	110	3	6.92
12994	1849	3	44.33
529	1804	5	46.17
2094	211	4	28.95
103	8841	3	12.97
32855	14	4	17.19
1487	14	100	472.7
12	12145	3	4.72
8672	2475	7	115.63
616	725	3	20.12
300	148	57	435.93
11232	32155	3	62.93
6635	2952	3	42.83
45708	14	3	16.55
131	1136	4	16.9
108	20662	3	22
1115	11715	3	40.6
26239	14	4	14.69
1929	179	3	17.96
5793	12	5	6.02
10782	107	3	16.78
2517	1467	11	149.88
1559	735	3	25.54
7	495	6	5.8
195	515	4	17.19
226	387	11	69.4
8725	106	4	22.35
106	2832	4	13.09
105	964	6	11.02
5248	19170	5	97.7
3801	12	8	10.03
342	4198	3	27.52
110	4056	3	12.64
7150	102	5	16.29
32297	4735	3	57.29
344	232	4	16.59
2806	28595	4	76.21
986	713	3	22.59
7869	7	7	45.49
136	485	5	17.05
1159	17	3	9
12	11127	4	7.94
596	21	3	4.22
1050	35346	3	50.3
1392	597	16	182.74
3298	12	9	11.18
102	13038	10	66.38
139	307	4	9.25
167	319	3	7.2
109	630	4	5.01
107	1881	3	6.37
128	428	61	485.09
2808	653	3	28.55
1155	7428	7	101.07
40612	117	4	48.96
438	102	14	6.97
11096	20816	3	59.08
505	723	3	18.94
166	343	3	7.6
46730	14	3	16.55
19354	101	3	12.61
13340	4833	3	50.71
112	4260	4	20.89
12	10162	4	7.44
40304	14	4	22.06
543	2408	3	26.52
46023	14	3	16.55
12	1227	18	14.3
2692	14228	4	65.66
1380	150	13	97.67
1360	2103	3	31.02
3305	106	5	19.96
149	4651	3	20.93
3522	196	3	22.35
122	668	3	7.49
126	1226	16	112.96
1235	476	4	31.36
14729	244	4	47.6
12	584	32	20.68
23683	12	3	9.02
13638	14	11	53.92
3893	519	4	41.14
121	4158	4	25.27
102	7890	11	59.65
142	10226	5	48.67
512	810	3	19.64
7878	14	13	44.84
150	1421	5	28.03
119	208	10	22.4
1382	241	34	385.41
31504	14	3	10.08
12603	101	5	21.32
4035	106	3	10.11
2085	5439	3	39.38
207	134	7	16.7
2766	321	3	24.56
58	9478	5	36.81
121	8019	3	21.36
8	9034	3	19.44
12	4452	5	3.98
103	5629	5	22.18
187	129	7	12.96
127	198	16	55.4
281	697	3	15.62
141	482	92	878.95
170	140	6	9.5
20051	14	7	32.71
436	1981	16	185.91
200	7926	5	51.78
590	476	36	398.28
13205	224	3	31.8
323	723	3	16.57
501	1484	3	23.1
5582	300	3	28.57
855	2020	15	191.32
6154	161	3	23.52
54247	14	3	16.55
829	1461	4	36.69
22286	14	7	38.61
7473	101	3	6.29
1120	7	5	9.15
6388	804	3	34.78
401	218	6	30.07
5437	12	20	82
101	14199	3	9.88
101	11225	3	8.49
11613	1377	3	42.02
190	6159	3	25.24
6542	2435	4	57.73
26306	14	3	8.62
6968	102	3	6.77
106	410	9	13.21
107	286	12	17.45
108	1217	5	12.36
112	1117	10	43.67
11671	101	3	8.91
2758	177	8	69.23
139	1211	3	12.24
137	420	9	38.82
101	13057	3	9.37
34005	24685	3	71.86
32413	14	4	17.19
1070	973	3	24.71
103	3873	3	8.02
104	3609	3	8.46
311	2886	4	35.21
101	649	15	11.89
3134	104	8	35.84
1084	101	35	106.85
7033	2091	4	57.32
477	3793	8	92.89
625	579	4	27.7
145	288	3	5.31
45336	14	3	16.55
33181	286	3	43.18
390	165	9	43.48
101	19855	3	12.61
4901	21734	3	54.64
23881	12	4	14.98
12	6877	4	4.34
11688	14	11	46.52
34715	33437	3	75.68
3416	3083	4	54.23
6642	400	5	57.79
12	17471	4	12.38
101	17077	3	11.07
108	12888	3	18.59
782	116	3	6.16
39421	14	4	22.06
35	50368	3	36.04
244	668	3	14.36
622	5000	6	72.36
459	3133	8	89.12
102	22129	3	14.68
7046	10086	4	70.42
101	1303	13	20.52
1560	192	5	33.88
504	31653	4	62.69
216	6630	12	148.07
24670	12447	5	113.29
35	39773	4	48.05
101	2300	5	4.92
12	2416	11	11.88
4662	102	12	51.43
18234	14	7	29.34
3372	101	16	61.36
521	6997	4	46.34
38097	14	3	12.18
2055	111	5	20.89
149	5756	7	64.89
145	4176	6	48.32
7038	131	5	42.33
213	1134	3	16.23
5898	492	10	131.76
116	1154	5	18.08
102	5486	4	9.27
512	262	5	27.42
35981	14	4	22.06
35	40450	4	48.05
1369	4411	3	35.58
102	4032	8	24.59
277	1434	4	28.4
2337	9217	4	60.75
22441	2069	7	138.24
35	19594	8	96.11
48191	14	3	16.55
1746	147	6	37.87
101	3446	6	11.41
7755	12	4	5.17
4692	102	3	4.64
3314	230	3	23.4
5568	2214	5	72.03
12925	207	4	44.37
12	16623	3	6.66
7430	115	21	242.3
115	933	4	11.15
1719	36900	3	53.42
5731	101	3	4.66
301	1502	7	60.01
4712	14	17	46.46
846	57	4	8.25
149	948	12	78.72
12	36664	3	13.78
1838	12	9	3.94
27576	1531	3	48.83
2879	11878	3	46.52
554	123	3	6.63
2773	178	6	48.56
6554	22654	3	56.52
102	2890	11	33.72
102	905	42	144.39
12	1644	11	5.92
693	672	5	38.93
822	3292	7	84.11
102	4343	4	7.61
102	6576	3	6.33
5176	14	25	102.39
233	598	3	13.62
841	1439	4	36.63
236	234	5	18.97
133	23475	3	30.94
9416	14	16	75.96
1825	5897	3	39.02
139	7131	4	33
3949	102	8	24.21
499	199	4	17.1
15758	102	3	12.13
110	2230	9	47.63
193	111	84	425.62
1554	501	15	167.3
2546	17	3	13.63
440	461	7	49.03
346	386	6	36.08
15593	14	9	39.47
579	41154	3	51.62
109	156	12	6.42
2751	403	3	25.84
3953	7349	4	62.73
12545	12	5	13.78
445	12774	3	36.11
58	151	393	2925.85
58	2526	3	10.78
435	147	7	28.22
1156	5054	3	35.06
2243	5481	3	39.86
173	425	67	629.72
13213	185	4	42.91
7871	458	13	190.7
12397	199	3	30.75
854	249	5	31.38
9684	280	7	87.92
134	2734	3	16.88
290	105	82	390.75
3357	1399	7	91.86
109	1566	3	6.59
1167	14861	3	42.5
7	1106	5	9.1
2174	1920	3	33.31
567	216	3	12.72
917	360	3	18.58
199	1060	10	74.6
16533	21	3	23.57
10951	12	3	4.36
371	104	12	17.86
3020	465	21	279.95
1390	103	4	5.76
17901	14	6	22.03
633	7330	15	231.53
5872	101	3	4.83
8505	14	18	86.54
553	242	3	13.36
2498	944	4	42.04
116	236	15	43.2
1679	147	5	29.3
3983	8900	3	46.34
333	591	21	193.75
721	103	40	182.27
38517	14	4	22.06
13435	12	6	20.33
357	112	8	16.53
57	8646	5	35.85
22965	101	3	13.59
12	7758	7	16.39
12	6165	7	13.02
2227	14	64	295.74
101	2871	6	9.66
12	3003	7	5.08
18055	14	8	37.98
2445	10934	3	45.07
218	350	3	10.37
5526	101	8	26.88
101	4356	4	6.38
1263	1146	3	26.69
2902	9045	5	80.87
118	139	270	1911.26
656	358	3	16.78
39029	12	4	24.25
523	106	18	54.18
14971	14	6	18.59
102	21025	4	21.18
21432	12	5	22.13
3558	101	4	5.03
201	26489	3	36.66
3308	712	3	29.87
2140	12569	5	81.69
307	1139	3	18.84
304	1016	3	18.17
308	3245	5	47.39
211	1434	5	34.47
117	790	4	10.33
119	172	6	5.64
180	57	8	5.48
12	17492	3	7.32
10034	101	4	12.66
1839	19088	3	47.79
5355	2	3	9.87
12	2146	9	5.74
11261	16394	3	57.45
101	2542	12	31.7
102	10286	7	34.62
5376	107	3	12.24
138	764	5	21.16
159	12	95	17.88
2238	3293	6	82.45
26954	14	3	8.62
5239	676	6	73.99
12	25785	3	10.16
444	1093	41	510.08
5517	107	6	33.13
329	273	4	17.48
113	517	32	176.48
328	3621	3	26.16
26941	14	6	33.09
436	216	3	11.38
112	2680	11	70.35
294	1286	8	67.99
743	3638	5	56.45
10531	12	4	7.44
1039	104	11	32.19
132	1157	47	450.17
190	292	3	8.07
29710	14	5	27.58
22076	18527	3	63.66
16	10866	15	180.44
440	161	28	202.53
12366	12	3	5.13
1197	10447	3	40.16
35694	14	4	22.06
57	363	7	12.29
230	16773	3	33.96
1422	728	3	24.89
136	3794	3	18.82
514	8827	3	34.31
111	988	3	5.62
1696	877	3	26.94
103	5893	8	44.3
25803	14	5	22.3
4476	2580	4	54.98
102	1276	27	87.36
51919	14	3	16.55
296	28074	3	41.27
5500	109	3	13.62
4450	183	4	33.35
179	562	12	76.39
144	187	11	33.26
337	628	3	16.22
751	206	4	20.8
1357	2702	10	134.22
304	218	3	9.58
903	22586	4	62.46
6948	17273	3	55.13
12	848	20	9.47
102	5274	5	13.4
102	7626	8	35.92
12	6387	8	18.18
280	154	3	5.9
101	3227	4	4.54
2230	2351	3	34.72
1218	31712	5	92.95
103	258	17	20.32
10635	14	5	9.15
2023	32985	3	52.21
102	7101	3	6.77
2762	182	3	20.25
659	14	174	672.01
150	283	18	93.16
1571	5727	3	37.82
924	11220	3	39.08
145	3843	11	101.66
27579	12	4	16.81
53394	14	3	16.55
4163	109	3	11.95
908	1009	54	779.1
1001	799	4	33.39
12	20836	3	8.09
1740	521	3	24.29
102	18392	4	19.94
11993	6698	4	71.87
2858	313	3	24.64
2458	204	3	20.59
250	21	9	16.25
277	515	3	13.81
7978	101	3	6.54
1621	7	10	38.39
247	3531	3	24.2
16963	106	3	19.16
167	240	8	28.99
12	14404	3	6.09
8048	14	19	91.85
28344	19199	3	67.36
18540	14	9	49.64
1155	1768	4	40.67
1628	14	67	240.99
16204	35	10	120.15
1344	127	3	11.85
4738	221	3	25.13
4293	115	13	108.05
812	222	8	54.82
12	10083	5	10.9
8424	12	4	5.81
42578	185	3	44.21
1962	5995	3	39.65
6747	134	3	22.38
21300	102	3	14.68
494	137	4	12.06
10792	9472	4	74.13
256	390	4	18.35
1613	23885	3	47.99
830	120	3	7.99
108	1703	76	721.13
21709	5403	3	55.4
24385	12	3	10.16
30884	14	3	10.08
21294	13	3	34.55
159	179	4	6.22
108	1407	5	13.77
1117	102	36	126.48
2409	312	3	23.57
58	7998	3	17.69
113	748	22	120.38
102	959	15	23.78
666	324	6	40.61
101	3663	4	5.3
383	705	5	34.27
4125	642	5	56.61
21389	3355	3	52.42
21967	14	7	38.61
308	610	3	15.54
242	684	3	14.48
147	16	9	5.3
4004	105	3	9.47
6821	5919	3	47.04
784	107	5	7.66
7845	101	3	6.54
211	515	6	31.9
1058	1229	4	37.02
2553	128	3	15.58
2321	1941	5	61.56
12649	14	5	11.3
35563	115	4	48.72
186	314	3	8.37
121	1135	8	40.64
54084	14	3	16.55
22177	14	6	27.48
1058	4450	28	472.66
311	926	3	17.74
1240	576	4	32.83
2081	116	3	11.44
2312	106	4	11.58
751	648	4	29.92
150	1878	3	15.45
1170	1136	5	48.5
4394	629	3	30.92
18144	106	7	63.54
588	4227	3	30.39
12	19698	3	8.09
20222	14	6	24.36
549	392	10	78.67
101	22447	4	21.21
102	1512	9	13.53
2591	5469	4	56.71
220	102	110	287.49
312	529	3	14.76
12	2510	10	9.79
103	6098	3	10.61
516	1526	3	23.41
2848	1544	8	106.39
1250	107	3	4.28
12	14902	3	6.09
975	7102	3	36.36
5399	33328	4	86.76
1238	8929	5	71.28
1928	1086	3	28.98
14159	14	11	53.92
769	1765	5	49.52
1936	247	7	60.33
4564	104	3	9.82
704	1248	4	34.25
106	674	8	15.69
7	302	16	29.28
161	356	3	7.6
9237	12	4	6.56
12	13198	4	9.09
5757	458	11	146.42
2277	2826	4	50.34
3780	128	3	17.89
1733	1366	7	81.99
39740	14	3	12.18
103	8918	6	35.1
294	1576	4	29.9
106	35993	3	26.82
1254	1029	3	25.99
57	856	4	8.32
322	2469	5	44.91
834	549	3	20.23
4699	169	9	88.68
3162	210	3	22.37
7866	19526	3	56.87
11375	102	3	9.52
860	176	14	103.12
12	24798	3	10.16
5677	1918	4	54.59
1942	14	52	175.87
1491	901	4	37.46
7598	122	3	21.66
326	1083	3	18.81
13654	14	12	66.19
45842	117	3	36.72
528	4503	3	30.23
31605	14	4	17.19
2	9129	4	20.27
1218	23353	4	64.77
330	201	3	9.35
216	15464	4	46.44
58	3932	4	20.02
268	128	7	18.9
12	15084	4	10.52
102	11354	3	9.52
559	334	3	15.45
101	8641	4	11.74
107	1090	5	10.03
1727	104	5	12.15
409	5958	4	43.47
226	153	30	175.38
1851	264	3	20.85
162	6984	3	24.5
437	1638	5	43.66
5783	5361	3	45.48
343	201	5	20.84
133	706	5	19.8
641	149	3	9.51
1691	105	3	4.89
107	236	10	8.59
4524	247	3	25.81
371	204	3	10.14
5888	101	5	12.69
137	7953	3	23.61
747	123	6	24.08
261	347	35	307.97
683	1589	6	59.06
536	800	3	19.87
2203	107	3	7.21
105	1346	5	10.57
11188	136	7	74.42
10069	101	3	7.75
3198	179	6	50.4
107	1389	3	4.81
1214	12	19	15.95
12	13792	4	9.76
5542	101	3	4.49
1898	111	6	26.25
122	169	5	4.27
276	19361	3	36.79
6350	12	4	3.87
40482	12	4	24.25
2	889	28	118.13
26925	14	6	33.09
7607	186	4	38.11
991	1032	7	69.53
19654	5197	4	75.13
35	37581	3	31.54
31289	196	3	38.01
21790	1580	6	109.18
13375	12	3	5.58
209	1275	5	33.25
7493	762	3	35.62
148	792	6	28.84
491	850	6	47.78
1068	461	28	324.36
781	4474	4	45.43
571	9068	10	147.31
305	267	5	23.29
175	12	78	13.76
3483	1829	4	50.25
5557	14	30	156.77
2194	101	5	4.63
101	2097	7	9.49
101	3710	4	5.3
315	306	3	12.02
419	1239	3	21.12
123	7760	3	21.7
351	2185	3	23.83
125	466	3	6.29
698	969	5	42.43
101	2349	9	17.67
219	788	6	37.11
426	124	3	5.78
1167	331	3	19.39
9666	551	3	35.44
363	736	11	92.94
996	4527	10	139.06
12	1082	15	5.91
729	342	3	17.07
315	1447	3	20.47
557	1141	8	74.53
3918	41509	3	62.92
498	308	4	21.44
14268	12	5	14.7
222	2252	3	20.82
4323	34928	3	59.03
4217	107	6	29.87
2334	14	14	14.19
106	1835	3	5.89
3409	7	5	19.69
10590	35	16	192.26
409	24197	4	58.79
113	3539	11	79.26
3360	2	3	7.36
4291	171	4	31.49
29949	14	3	10.08
12	11722	3	4.72
4174	162	3	21.15
2342	283	3	22.84
196	118	5	3.95
1117	130	3	10.78
708	303	4	23.94
22731	7459	3	57.59
953	891	3	23.53
10541	2749	4	63.08
704	5722	8	105.73
2928	14	52	253.61
49920	117	3	36.72
106	6476	3	12.96
812	19094	3	42.82
400	284	3	12.92
14780	14	10	48.59
2489	597	4	38.77
2870	101	7	13.13
187	202	4	9.45
1920	106	6	19.83
7	8991	10	76.76
27893	3018	3	54.55
3460	253	8	81.11
12	24177	3	10.16
35508	14	3	12.18
3937	14	22	64.51
4778	4493	6	95.82
217	1781	14	134.16
142	13486	3	27.63
21286	544	3	41.62
4475	4475	17	316.34
2314	19896	3	49.15
12	4734	8	13.12
101	5129	4	7.53
25165	182	3	35.78
351	2395	3	24.25
8245	106	3	14.58
101	3948	4	5.73
246	1625	4	28.33
695	111	4	7.26
12	1967	16	21.59
101	1827	7	7.95
15821	502	4	54.24
455	19016	4	55.99
5558	276	5	51.6
893	375	5	36.31
118	3152	30	297.43
1327	106	7	20.38
305	473	82	960.75
16289	14	4	9.39
333	839	3	17.65
4644	579	6	70.88
359	12	49	31.3
1201	7825	7	103.2
1068	161	26	227.75
4063	21	6	37.25
1925	4901	8	119.26
419	147	3	7.23
9163	101	3	7.42
101	1530	9	11.07
183	267	17	98.21
